posting_id,cluster,label
a_1,29,0
a_10,2,0
a_100,29,0
a_1000,11,0
a_10000,25,0
a_1001,11,0
a_1002,11,0
a_1003,11,0
a_1004,2,0
a_1005,7,0
a_1006,2,0
a_1007,11,0
a_1008,7,0
a_1009,11,0
a_101,29,0
a_1010,7,0
a_1011,7,0
a_1012,29,0
a_1013,7,0
a_1014,11,0
a_1015,29,0
a_1016,11,0
a_1017,11,0
a_1018,11,0
a_1019,2,0
a_102,7,0
a_1020,7,0
a_1021,11,0
a_1022,7,0
a_1023,11,0
a_1024,7,0
a_1025,29,0
a_1026,44,0
a_1027,44,0
a_1028,7,0
a_1029,7,0
a_103,44,0
a_1030,7,0
a_1031,7,0
a_1032,44,0
a_1033,29,0
a_1034,11,0
a_1035,44,0
a_1036,44,0
a_1037,11,0
a_1038,7,0
a_1039,29,0
a_104,29,0
a_1040,11,0
a_1041,11,0
a_1042,44,0
a_1043,11,0
a_1044,44,0
a_1045,11,0
a_1046,11,0
a_1047,7,0
a_1048,7,0
a_1049,7,0
a_105,29,0
a_1050,7,0
a_1051,7,0
a_1052,29,0
a_1053,29,0
a_1054,7,0
a_1055,11,0
a_1056,11,0
a_1057,29,0
a_1058,29,0
a_1059,29,0
a_106,44,0
a_1060,44,0
a_1061,11,0
a_1062,29,0
a_1063,11,0
a_1064,29,0
a_1065,11,0
a_1066,29,0
a_1067,11,0
a_1068,2,0
a_1069,11,0
a_107,7,0
a_1070,7,0
a_1071,29,0
a_1072,29,0
a_1073,44,0
a_1074,11,0
a_1075,11,0
a_1076,29,0
a_1077,44,0
a_1078,7,0
a_1079,7,0
a_108,2,0
a_1080,29,0
a_1081,2,0
a_1082,7,0
a_1083,11,0
a_1084,11,0
a_1085,29,0
a_1086,29,0
a_1087,11,0
a_1088,2,0
a_1089,11,0
a_109,29,0
a_1090,11,0
a_1091,7,0
a_1092,11,0
a_1093,11,0
a_1094,11,0
a_1095,29,0
a_1096,7,0
a_1097,7,0
a_1098,7,0
a_1099,7,0
a_11,11,0
a_110,7,0
a_1100,2,0
a_1101,11,0
a_1102,11,0
a_1103,7,0
a_1104,2,0
a_1105,11,0
a_1106,2,0
a_1107,44,0
a_1108,2,0
a_1109,7,0
a_111,11,0
a_1110,11,0
a_1111,44,0
a_1112,2,0
a_1113,29,0
a_1114,29,0
a_1115,7,0
a_1116,29,0
a_1117,11,0
a_1118,29,0
a_1119,29,0
a_112,11,0
a_1120,11,0
a_1121,7,0
a_1122,7,0
a_1123,44,0
a_1124,11,0
a_1125,7,0
a_1126,7,0
a_1127,7,0
a_1128,7,0
a_1129,7,0
a_113,7,0
a_1130,7,0
a_1131,2,0
a_1132,29,0
a_1133,44,0
a_1134,29,0
a_1135,29,0
a_1136,11,0
a_1137,11,0
a_1138,11,0
a_1139,7,0
a_114,44,0
a_1140,29,0
a_1141,2,0
a_1142,7,0
a_1143,2,0
a_1144,11,0
a_1145,11,0
a_1146,7,0
a_1147,44,0
a_1148,2,0
a_1149,29,0
a_115,44,0
a_1150,7,0
a_1151,7,0
a_1152,11,0
a_1153,11,0
a_1154,29,0
a_1155,11,0
a_1156,44,0
a_1157,29,0
a_1158,29,0
a_1159,11,0
a_116,7,0
a_1160,7,0
a_1161,2,0
a_1162,11,0
a_1163,11,0
a_1164,29,0
a_1165,11,0
a_1166,44,0
a_1167,2,0
a_1168,2,0
a_1169,2,0
a_117,2,0
a_1170,29,0
a_1171,29,0
a_1172,11,0
a_1173,2,0
a_1174,7,0
a_1175,11,0
a_1176,29,0
a_1177,29,0
a_1178,44,0
a_1179,11,0
a_118,11,0
a_1180,7,0
a_1181,7,0
a_1182,7,0
a_1183,29,0
a_1184,11,0
a_1185,11,0
a_1186,11,0
a_1187,7,0
a_1188,7,0
a_1189,44,0
a_119,7,0
a_1190,29,0
a_1191,11,0
a_1192,2,0
a_1193,11,0
a_1194,29,0
a_1195,44,0
a_1196,2,0
a_1197,7,0
a_1198,11,0
a_1199,29,0
a_12,7,0
a_120,11,0
a_1200,7,0
a_1201,11,0
a_1202,29,0
a_1203,11,0
a_1204,2,0
a_1205,44,0
a_1206,29,0
a_1207,7,0
a_1208,29,0
a_1209,44,0
a_121,2,0
a_1210,7,0
a_1211,11,0
a_1212,2,0
a_1213,29,0
a_1214,7,0
a_1215,7,0
a_1216,7,0
a_1217,11,0
a_1218,44,0
a_1219,7,0
a_122,2,0
a_1220,44,0
a_1221,2,0
a_1222,29,0
a_1223,11,0
a_1224,11,0
a_1225,29,0
a_1226,29,0
a_1227,29,0
a_1228,11,0
a_1229,29,0
a_123,7,0
a_1230,29,0
a_1231,11,0
a_1232,44,0
a_1233,11,0
a_1234,29,0
a_1235,11,0
a_1236,29,0
a_1237,11,0
a_1238,29,0
a_1239,29,0
a_124,11,0
a_1240,29,0
a_1241,29,0
a_1242,29,0
a_1243,11,0
a_1244,29,0
a_1245,7,0
a_1246,11,0
a_1247,11,0
a_1248,2,0
a_1249,11,0
a_125,7,0
a_1250,44,0
a_1251,2,0
a_1252,2,0
a_1253,11,0
a_1254,11,0
a_1255,2,0
a_1256,29,0
a_1257,44,0
a_1258,7,0
a_1259,11,0
a_126,2,0
a_1260,7,0
a_1261,29,0
a_1262,29,0
a_1263,44,0
a_1264,44,0
a_1265,29,0
a_1266,11,0
a_1267,7,0
a_1268,11,0
a_1269,44,0
a_127,29,0
a_1270,11,0
a_1271,2,0
a_1272,7,0
a_1273,7,0
a_1274,29,0
a_1275,7,0
a_1276,2,0
a_1277,7,0
a_1278,29,0
a_1279,11,0
a_128,2,0
a_1280,11,0
a_1281,29,0
a_1282,29,0
a_1283,29,0
a_1284,44,0
a_1285,11,0
a_1286,11,0
a_1287,29,0
a_1288,44,0
a_1289,11,0
a_129,11,0
a_1290,11,0
a_1291,29,0
a_1292,29,0
a_1293,29,0
a_1294,7,0
a_1295,2,0
a_1296,11,0
a_1297,44,0
a_1298,11,0
a_1299,11,0
a_13,29,0
a_130,44,0
a_1300,29,0
a_1301,27,1
a_1302,11,0
a_1303,11,0
a_1304,44,0
a_1305,2,0
a_1306,2,0
a_1307,2,0
a_1308,29,0
a_1309,7,0
a_131,7,0
a_1310,11,0
a_1311,11,0
a_1312,11,0
a_1313,11,0
a_1314,7,0
a_1315,7,0
a_1316,11,0
a_1317,2,0
a_1318,11,0
a_1319,11,0
a_132,29,0
a_1320,7,0
a_1321,11,0
a_1322,7,0
a_1323,7,0
a_1324,7,0
a_1325,29,0
a_1326,44,0
a_1327,29,0
a_1328,44,0
a_1329,29,0
a_133,7,0
a_1330,11,0
a_1331,11,0
a_1332,7,0
a_1333,11,0
a_1334,44,0
a_1335,11,0
a_1336,11,0
a_1337,7,0
a_1338,29,0
a_1339,2,0
a_134,2,0
a_1340,11,0
a_1341,29,0
a_1342,2,0
a_1343,11,0
a_1344,29,0
a_1345,44,0
a_1346,7,0
a_1347,29,0
a_1348,11,0
a_1349,11,0
a_135,44,0
a_1350,29,0
a_1351,2,0
a_1352,29,0
a_1353,7,0
a_1354,2,0
a_1355,11,0
a_1356,29,0
a_1357,29,0
a_1358,7,0
a_1359,11,0
a_136,7,0
a_1360,2,0
a_1361,29,0
a_1362,11,0
a_1363,2,0
a_1364,7,0
a_1365,29,0
a_1366,11,0
a_1367,11,0
a_1368,11,0
a_1369,29,0
a_137,44,0
a_1370,11,0
a_1371,11,0
a_1372,29,0
a_1373,29,0
a_1374,44,0
a_1375,44,0
a_1376,11,0
a_1377,11,0
a_1378,29,0
a_1379,11,0
a_138,11,0
a_1380,7,0
a_1381,29,0
a_1382,11,0
a_1383,44,0
a_1384,29,0
a_1385,11,0
a_1386,44,0
a_1387,11,0
a_1388,29,0
a_1389,11,0
a_139,11,0
a_1390,7,0
a_1391,29,0
a_1392,7,0
a_1393,11,0
a_1394,29,0
a_1395,7,0
a_1396,7,0
a_1397,44,0
a_1398,7,0
a_1399,29,0
a_14,44,0
a_140,44,0
a_1400,7,0
a_1401,11,0
a_1402,29,0
a_1403,7,0
a_1404,11,0
a_1405,11,0
a_1406,7,0
a_1407,29,0
a_1408,11,0
a_1409,7,0
a_141,7,0
a_1410,7,0
a_1411,11,0
a_1412,44,0
a_1413,7,0
a_1414,11,0
a_1415,7,0
a_1416,29,0
a_1417,2,0
a_1418,7,0
a_1419,11,0
a_142,11,0
a_1420,7,0
a_1421,11,0
a_1422,11,0
a_1423,11,0
a_1424,11,0
a_1425,29,0
a_1426,2,0
a_1427,29,0
a_1428,29,0
a_1429,44,0
a_143,11,0
a_1430,11,0
a_1431,44,0
a_1432,11,0
a_1433,11,0
a_1434,2,0
a_1435,11,0
a_1436,7,0
a_1437,29,0
a_1438,11,0
a_1439,44,0
a_144,11,0
a_1440,2,0
a_1441,7,0
a_1442,29,0
a_1443,44,0
a_1444,44,0
a_1445,11,0
a_1446,11,0
a_1447,2,0
a_1448,2,0
a_1449,2,0
a_145,29,0
a_1450,11,0
a_1451,7,0
a_1452,7,0
a_1453,29,0
a_1454,7,0
a_1455,29,0
a_1456,44,0
a_1457,7,0
a_1458,7,0
a_1459,11,0
a_146,7,0
a_1460,11,0
a_1461,2,0
a_1462,44,0
a_1463,44,0
a_1464,7,0
a_1465,2,0
a_1466,11,0
a_1467,29,0
a_1468,11,0
a_1469,11,0
a_147,29,0
a_1470,44,0
a_1471,7,0
a_1472,11,0
a_1473,7,0
a_1474,11,0
a_1475,2,0
a_1476,11,0
a_1477,11,0
a_1478,2,0
a_1479,7,0
a_148,7,0
a_1480,29,0
a_1481,29,0
a_1482,44,0
a_1483,7,0
a_1484,11,0
a_1485,7,0
a_1486,11,0
a_1487,7,0
a_1488,11,0
a_1489,7,0
a_149,11,0
a_1490,29,0
a_1491,2,0
a_1492,29,0
a_1493,44,0
a_1494,11,0
a_1495,29,0
a_1496,29,0
a_1497,7,0
a_1498,29,0
a_1499,11,0
a_15,11,0
a_150,7,0
a_1500,11,0
a_1501,2,0
a_1502,44,0
a_1503,7,0
a_1504,29,0
a_1505,7,0
a_1506,2,0
a_1507,29,0
a_1508,44,0
a_1509,11,0
a_151,29,0
a_1510,29,0
a_1511,11,0
a_1512,11,0
a_1513,44,0
a_1514,29,0
a_1515,7,0
a_1516,27,1
a_1517,44,0
a_1518,29,0
a_1519,29,0
a_152,7,0
a_1520,2,0
a_1521,2,0
a_1522,11,0
a_1523,11,0
a_1524,7,0
a_1525,11,0
a_1526,29,0
a_1527,29,0
a_1528,2,0
a_1529,27,1
a_153,11,0
a_1530,2,0
a_1531,7,0
a_1532,7,0
a_1533,29,0
a_1534,29,0
a_1535,2,0
a_1536,2,0
a_1537,2,0
a_1538,7,0
a_1539,11,0
a_154,29,0
a_1540,7,0
a_1541,11,0
a_1542,44,0
a_1543,11,0
a_1544,44,0
a_1545,29,0
a_1546,29,0
a_1547,2,0
a_1548,11,0
a_1549,2,0
a_155,44,0
a_1550,2,0
a_1551,11,0
a_1552,11,0
a_1553,29,0
a_1554,7,0
a_1555,29,0
a_1556,7,0
a_1557,7,0
a_1558,29,0
a_1559,7,0
a_156,29,0
a_1560,29,0
a_1561,44,0
a_1562,11,0
a_1563,29,0
a_1564,11,0
a_1565,29,0
a_1566,7,0
a_1567,29,0
a_1568,7,0
a_1569,44,0
a_157,29,0
a_1570,29,0
a_1571,11,0
a_1572,29,0
a_1573,7,0
a_1574,2,0
a_1575,7,0
a_1576,11,0
a_1577,11,0
a_1578,11,0
a_1579,11,0
a_158,11,0
a_1580,11,0
a_1581,11,0
a_1582,29,0
a_1583,29,0
a_1584,29,0
a_1585,29,0
a_1586,29,0
a_1587,11,0
a_1588,29,0
a_1589,29,0
a_159,7,0
a_1590,2,0
a_1591,11,0
a_1592,29,0
a_1593,11,0
a_1594,29,0
a_1595,7,0
a_1596,11,0
a_1597,29,0
a_1598,11,0
a_1599,11,0
a_16,44,0
a_160,29,0
a_1600,29,0
a_1601,7,0
a_1602,29,0
a_1603,11,0
a_1604,11,0
a_1605,11,0
a_1606,2,0
a_1607,7,0
a_1608,29,0
a_1609,27,0
a_161,11,0
a_1610,44,0
a_1611,2,0
a_1612,2,0
a_1613,44,0
a_1614,29,0
a_1615,29,0
a_1616,2,0
a_1617,7,0
a_1618,44,0
a_1619,29,0
a_162,2,0
a_1620,11,0
a_1621,11,0
a_1622,44,0
a_1623,29,0
a_1624,11,0
a_1625,29,0
a_1626,11,0
a_1627,11,0
a_1628,11,0
a_1629,44,0
a_163,11,0
a_1630,11,0
a_1631,11,0
a_1632,29,0
a_1633,7,0
a_1634,11,0
a_1635,29,0
a_1636,44,0
a_1637,29,0
a_1638,11,0
a_1639,11,0
a_164,7,0
a_1640,11,0
a_1641,29,0
a_1642,29,0
a_1643,7,0
a_1644,44,0
a_1645,11,0
a_1646,11,0
a_1647,7,0
a_1648,44,0
a_1649,2,0
a_165,7,0
a_1650,29,0
a_1651,7,0
a_1652,2,0
a_1653,7,0
a_1654,11,0
a_1655,7,0
a_1656,44,0
a_1657,7,0
a_1658,11,0
a_1659,2,0
a_166,29,0
a_1660,7,0
a_1661,2,0
a_1662,7,0
a_1663,11,0
a_1664,11,0
a_1665,7,0
a_1666,29,0
a_1667,2,0
a_1668,29,0
a_1669,7,0
a_167,11,0
a_1670,2,0
a_1671,29,0
a_1672,11,0
a_1673,11,0
a_1674,29,0
a_1675,29,0
a_1676,11,0
a_1677,11,0
a_1678,7,0
a_1679,7,0
a_168,11,0
a_1680,29,0
a_1681,11,0
a_1682,11,0
a_1683,7,0
a_1684,29,0
a_1685,11,0
a_1686,29,0
a_1687,2,0
a_1688,11,0
a_1689,44,0
a_169,44,0
a_1690,11,0
a_1691,11,0
a_1692,7,0
a_1693,7,0
a_1694,11,0
a_1695,11,0
a_1696,7,0
a_1697,11,0
a_1698,29,0
a_1699,11,0
a_17,2,0
a_170,2,0
a_1700,29,0
a_1701,2,0
a_1702,29,0
a_1703,11,0
a_1704,29,0
a_1705,29,0
a_1706,44,0
a_1707,7,0
a_1708,29,0
a_1709,7,0
a_171,2,0
a_1710,7,0
a_1711,29,0
a_1712,11,0
a_1713,11,0
a_1714,29,0
a_1715,29,0
a_1716,2,0
a_1717,7,0
a_1718,11,0
a_1719,11,0
a_172,7,0
a_1720,29,0
a_1721,29,0
a_1722,29,0
a_1723,2,0
a_1724,11,0
a_1725,11,0
a_1726,2,0
a_1727,7,0
a_1728,7,0
a_1729,11,0
a_173,7,0
a_1730,11,0
a_1731,29,0
a_1732,11,0
a_1733,7,0
a_1734,29,0
a_1735,29,0
a_1736,7,0
a_1737,7,0
a_1738,11,0
a_1739,7,0
a_174,29,0
a_1740,29,0
a_1741,29,0
a_1742,29,0
a_1743,29,0
a_1744,11,0
a_1745,44,0
a_1746,7,0
a_1747,29,0
a_1748,7,0
a_1749,2,0
a_175,29,0
a_1750,44,0
a_1751,7,0
a_1752,11,0
a_1753,11,0
a_1754,7,0
a_1755,44,0
a_1756,11,0
a_1757,7,0
a_1758,11,0
a_1759,7,0
a_176,7,0
a_1760,11,0
a_1761,29,0
a_1762,11,0
a_1763,2,0
a_1764,11,0
a_1765,2,0
a_1766,29,0
a_1767,7,0
a_1768,11,0
a_1769,29,0
a_177,7,0
a_1770,29,0
a_1771,7,0
a_1772,29,0
a_1773,11,0
a_1774,11,0
a_1775,7,0
a_1776,29,0
a_1777,11,0
a_1778,29,0
a_1779,7,0
a_178,44,0
a_1780,7,0
a_1781,29,0
a_1782,7,0
a_1783,2,0
a_1784,11,0
a_1785,11,0
a_1786,7,0
a_1787,7,0
a_1788,44,0
a_1789,11,0
a_179,29,0
a_1790,11,0
a_1791,7,0
a_1792,2,0
a_1793,29,0
a_1794,7,0
a_1795,2,0
a_1796,11,0
a_1797,7,0
a_1798,11,0
a_1799,29,0
a_18,29,0
a_180,2,0
a_1800,29,0
a_1801,29,0
a_1802,11,0
a_1803,11,0
a_1804,7,0
a_1805,11,0
a_1806,7,0
a_1807,44,0
a_1808,11,0
a_1809,7,0
a_181,2,0
a_1810,7,0
a_1811,2,0
a_1812,11,0
a_1813,7,0
a_1814,29,0
a_1815,2,0
a_1816,29,0
a_1817,29,0
a_1818,11,0
a_1819,44,0
a_182,11,0
a_1820,11,0
a_1821,11,0
a_1822,11,0
a_1823,2,0
a_1824,7,0
a_1825,44,0
a_1826,11,0
a_1827,2,0
a_1828,7,0
a_1829,7,0
a_183,44,0
a_1830,11,0
a_1831,7,0
a_1832,11,0
a_1833,7,0
a_1834,29,0
a_1835,44,0
a_1836,11,0
a_1837,7,0
a_1838,44,0
a_1839,2,0
a_184,29,0
a_1840,2,0
a_1841,29,0
a_1842,11,0
a_1843,7,0
a_1844,7,0
a_1845,11,0
a_1846,29,0
a_1847,29,0
a_1848,44,0
a_1849,11,0
a_185,11,0
a_1850,11,0
a_1851,29,0
a_1852,11,0
a_1853,7,0
a_1854,44,0
a_1855,7,0
a_1856,11,0
a_1857,44,0
a_1858,2,0
a_1859,2,0
a_186,11,0
a_1860,44,0
a_1861,11,0
a_1862,29,0
a_1863,29,0
a_1864,11,0
a_1865,44,0
a_1866,29,0
a_1867,29,0
a_1868,29,0
a_1869,29,0
a_187,11,0
a_1870,7,0
a_1871,7,0
a_1872,11,0
a_1873,29,0
a_1874,29,0
a_1875,11,0
a_1876,11,0
a_1877,11,0
a_1878,11,0
a_1879,7,0
a_188,11,0
a_1880,11,0
a_1881,11,0
a_1882,7,0
a_1883,11,0
a_1884,29,0
a_1885,11,0
a_1886,29,0
a_1887,11,0
a_1888,7,0
a_1889,29,0
a_189,11,0
a_1890,7,0
a_1891,29,0
a_1892,7,0
a_1893,29,0
a_1894,11,0
a_1895,29,0
a_1896,11,0
a_1897,2,0
a_1898,7,0
a_1899,11,0
a_19,11,0
a_190,2,0
a_1900,29,0
a_1901,29,0
a_1902,7,0
a_1903,7,0
a_1904,11,0
a_1905,11,0
a_1906,44,0
a_1907,2,0
a_1908,44,0
a_1909,2,0
a_191,44,0
a_1910,11,0
a_1911,11,0
a_1912,2,0
a_1913,11,0
a_1914,11,0
a_1915,11,0
a_1916,11,0
a_1917,11,0
a_1918,44,0
a_1919,11,0
a_192,7,0
a_1920,11,0
a_1921,44,0
a_1922,7,0
a_1923,7,0
a_1924,7,0
a_1925,2,0
a_1926,11,0
a_1927,2,0
a_1928,11,0
a_1929,29,0
a_193,7,0
a_1930,7,0
a_1931,44,0
a_1932,2,0
a_1933,7,0
a_1934,44,0
a_1935,29,0
a_1936,11,0
a_1937,11,0
a_1938,2,0
a_1939,2,0
a_194,7,0
a_1940,44,0
a_1941,44,0
a_1942,29,0
a_1943,29,0
a_1944,7,0
a_1945,2,0
a_1946,29,0
a_1947,29,0
a_1948,29,0
a_1949,11,0
a_195,44,0
a_1950,29,0
a_1951,7,0
a_1952,29,0
a_1953,11,0
a_1954,11,0
a_1955,11,0
a_1956,44,0
a_1957,11,0
a_1958,44,0
a_1959,29,0
a_196,11,0
a_1960,29,0
a_1961,7,0
a_1962,11,0
a_1963,7,0
a_1964,11,0
a_1965,29,0
a_1966,29,0
a_1967,2,0
a_1968,11,0
a_1969,7,0
a_197,7,0
a_1970,2,0
a_1971,29,0
a_1972,11,0
a_1973,44,0
a_1974,29,0
a_1975,29,0
a_1976,7,0
a_1977,11,0
a_1978,11,0
a_1979,11,0
a_198,7,0
a_1980,29,0
a_1981,11,0
a_1982,29,0
a_1983,11,0
a_1984,7,0
a_1985,7,0
a_1986,29,0
a_1987,29,0
a_1988,7,0
a_1989,11,0
a_199,11,0
a_1990,2,0
a_1991,11,0
a_1992,7,0
a_1993,44,0
a_1994,7,0
a_1995,7,0
a_1996,29,0
a_1997,7,0
a_1998,2,0
a_1999,7,0
a_2,7,0
a_20,2,0
a_200,44,0
a_2000,2,0
a_2001,7,0
a_2002,44,0
a_2003,29,0
a_2004,11,0
a_2005,7,0
a_2006,7,0
a_2007,7,0
a_2008,7,0
a_2009,11,0
a_201,29,0
a_2010,29,0
a_2011,29,0
a_2012,7,0
a_2013,7,0
a_2014,2,0
a_2015,29,0
a_2016,11,0
a_2017,11,0
a_2018,2,0
a_2019,11,0
a_202,11,0
a_2020,18,0
a_2021,11,0
a_2022,44,0
a_2023,29,0
a_2024,2,0
a_2025,7,0
a_2026,7,0
a_2027,7,0
a_2028,29,0
a_2029,7,0
a_203,2,0
a_2030,29,0
a_2031,7,0
a_2032,29,0
a_2033,29,0
a_2034,7,0
a_2035,2,0
a_2036,7,0
a_2037,2,0
a_2038,11,0
a_2039,7,0
a_204,29,0
a_2040,2,0
a_2041,11,0
a_2042,29,0
a_2043,7,0
a_2044,11,0
a_2045,29,0
a_2046,2,0
a_2047,29,0
a_2048,11,0
a_2049,11,0
a_205,29,0
a_2050,29,0
a_2051,11,0
a_2052,7,0
a_2053,29,0
a_2054,29,0
a_2055,7,0
a_2056,11,0
a_2057,29,0
a_2058,18,0
a_2059,11,0
a_206,7,0
a_2060,29,0
a_2061,2,0
a_2062,44,0
a_2063,2,0
a_2064,29,0
a_2065,11,0
a_2066,29,0
a_2067,29,0
a_2068,11,0
a_2069,2,0
a_207,29,0
a_2070,29,0
a_2071,2,0
a_2072,29,0
a_2073,11,0
a_2074,35,0
a_2075,11,0
a_2076,7,0
a_2077,7,0
a_2078,7,0
a_2079,11,0
a_208,29,0
a_2080,11,0
a_2081,29,0
a_2082,29,0
a_2083,7,0
a_2084,11,0
a_2085,44,0
a_2086,7,0
a_2087,11,0
a_2088,18,0
a_2089,11,0
a_209,29,0
a_2090,2,0
a_2091,2,0
a_2092,7,0
a_2093,11,0
a_2094,11,0
a_2095,2,0
a_2096,44,0
a_2097,29,0
a_2098,11,0
a_2099,11,0
a_21,7,0
a_210,11,0
a_2100,11,0
a_2101,2,0
a_2102,29,0
a_2103,29,0
a_2104,11,0
a_2105,2,0
a_2106,7,0
a_2107,29,0
a_2108,2,0
a_2109,7,0
a_211,7,0
a_2110,11,0
a_2111,2,0
a_2112,18,0
a_2113,11,0
a_2114,7,0
a_2115,7,0
a_2116,11,0
a_2117,7,0
a_2118,29,0
a_2119,29,0
a_212,7,0
a_2120,29,0
a_2121,29,0
a_2122,29,0
a_2123,2,0
a_2124,29,0
a_2125,29,0
a_2126,29,0
a_2127,11,0
a_2128,29,0
a_2129,7,0
a_213,29,0
a_2130,7,0
a_2131,11,0
a_2132,7,0
a_2133,11,0
a_2134,29,0
a_2135,2,0
a_2136,11,0
a_2137,7,0
a_2138,11,0
a_2139,29,0
a_214,11,0
a_2140,29,0
a_2141,11,0
a_2142,7,0
a_2143,11,0
a_2144,11,0
a_2145,44,0
a_2146,7,0
a_2147,11,0
a_2148,44,0
a_2149,11,0
a_215,7,0
a_2150,11,0
a_2151,7,0
a_2152,11,0
a_2153,2,0
a_2154,11,0
a_2155,11,0
a_2156,11,0
a_2157,29,0
a_2158,29,0
a_2159,29,0
a_216,11,0
a_2160,2,0
a_2161,7,0
a_2162,29,0
a_2163,11,0
a_2164,29,0
a_2165,11,0
a_2166,18,0
a_2167,11,0
a_2168,29,0
a_2169,11,0
a_217,2,0
a_2170,7,0
a_2171,11,0
a_2172,7,0
a_2173,11,0
a_2174,7,0
a_2175,11,0
a_2176,11,0
a_2177,11,0
a_2178,2,0
a_2179,11,0
a_218,29,0
a_2180,11,0
a_2181,11,0
a_2182,29,0
a_2183,11,0
a_2184,7,0
a_2185,29,0
a_2186,44,0
a_2187,11,0
a_2188,29,0
a_2189,11,0
a_219,2,0
a_2190,7,0
a_2191,2,0
a_2192,11,0
a_2193,44,0
a_2194,11,0
a_2195,11,0
a_2196,11,0
a_2197,29,0
a_2198,29,0
a_2199,11,0
a_22,7,0
a_220,11,0
a_2200,7,0
a_2201,11,0
a_2202,11,0
a_2203,2,0
a_2204,11,0
a_2205,2,0
a_2206,2,0
a_2207,11,0
a_2208,7,0
a_2209,2,0
a_221,29,0
a_2210,7,0
a_2211,29,0
a_2212,11,0
a_2213,7,0
a_2214,29,0
a_2215,29,0
a_2216,2,0
a_2217,2,0
a_2218,29,0
a_2219,29,0
a_222,2,0
a_2220,29,0
a_2221,11,0
a_2222,11,0
a_2223,7,0
a_2224,29,0
a_2225,29,0
a_2226,29,0
a_2227,29,0
a_2228,11,0
a_2229,2,0
a_223,11,0
a_2230,11,0
a_2231,44,0
a_2232,11,0
a_2233,29,0
a_2234,11,0
a_2235,7,0
a_2236,11,0
a_2237,44,0
a_2238,7,0
a_2239,2,0
a_224,7,0
a_2240,11,0
a_2241,29,0
a_2242,11,0
a_2243,11,0
a_2244,11,0
a_2245,29,0
a_2246,29,0
a_2247,11,0
a_2248,11,0
a_2249,7,0
a_225,7,0
a_2250,29,0
a_2251,2,0
a_2252,7,0
a_2253,7,0
a_2254,29,0
a_2255,11,0
a_2256,29,0
a_2257,11,0
a_2258,2,0
a_2259,7,0
a_226,11,0
a_2260,11,0
a_2261,11,0
a_2262,2,0
a_2263,7,0
a_2264,11,0
a_2265,7,0
a_2266,2,0
a_2267,11,0
a_2268,29,0
a_2269,7,0
a_227,27,0
a_2270,7,0
a_2271,29,0
a_2272,29,0
a_2273,11,0
a_2274,44,0
a_2275,29,0
a_2276,44,0
a_2277,7,0
a_2278,18,0
a_2279,29,0
a_228,29,0
a_2280,7,0
a_2281,11,0
a_2282,29,0
a_2283,2,0
a_2284,7,0
a_2285,11,0
a_2286,7,0
a_2287,29,0
a_2288,7,0
a_2289,29,0
a_229,29,0
a_2290,18,0
a_2291,11,0
a_2292,11,0
a_2293,29,0
a_2294,2,0
a_2295,11,0
a_2296,2,0
a_2297,29,0
a_2298,29,0
a_2299,11,0
a_23,29,0
a_230,11,0
a_2300,29,0
a_2301,7,0
a_2302,11,0
a_2303,11,0
a_2304,11,0
a_2305,44,0
a_2306,7,0
a_2307,29,0
a_2308,44,0
a_2309,2,0
a_231,7,0
a_2310,2,0
a_2311,11,0
a_2312,7,0
a_2313,44,0
a_2314,29,0
a_2315,29,0
a_2316,29,0
a_2317,11,0
a_2318,11,0
a_2319,11,0
a_232,44,0
a_2320,7,0
a_2321,29,0
a_2322,7,0
a_2323,11,0
a_2324,2,0
a_2325,29,0
a_2326,29,0
a_2327,44,0
a_2328,2,0
a_2329,7,0
a_233,11,0
a_2330,11,0
a_2331,11,0
a_2332,29,0
a_2333,2,0
a_2334,29,0
a_2335,7,0
a_2336,7,0
a_2337,11,0
a_2338,2,0
a_2339,2,0
a_234,7,0
a_2340,7,0
a_2341,29,0
a_2342,7,0
a_2343,29,0
a_2344,11,0
a_2345,11,0
a_2346,18,0
a_2347,29,0
a_2348,7,0
a_2349,7,0
a_235,29,0
a_2350,29,0
a_2351,11,0
a_2352,29,0
a_2353,11,0
a_2354,11,0
a_2355,7,0
a_2356,30,0
a_2357,7,0
a_2358,44,0
a_2359,29,0
a_236,11,0
a_2360,29,0
a_2361,44,0
a_2362,7,0
a_2363,2,0
a_2364,44,0
a_2365,29,0
a_2366,7,0
a_2367,7,0
a_2368,29,0
a_2369,11,0
a_237,11,0
a_2370,11,0
a_2371,29,0
a_2372,44,0
a_2373,29,0
a_2374,7,0
a_2375,7,0
a_2376,29,0
a_2377,11,0
a_2378,2,0
a_2379,11,0
a_238,11,0
a_2380,44,0
a_2381,29,0
a_2382,2,0
a_2383,2,0
a_2384,7,0
a_2385,7,0
a_2386,29,0
a_2387,29,0
a_2388,11,0
a_2389,11,0
a_239,11,0
a_2390,11,0
a_2391,11,0
a_2392,7,0
a_2393,7,0
a_2394,29,0
a_2395,11,0
a_2396,7,0
a_2397,29,0
a_2398,29,0
a_2399,11,0
a_24,11,0
a_240,29,0
a_2400,18,0
a_2401,29,0
a_2402,11,0
a_2403,2,0
a_2404,29,0
a_2405,29,0
a_2406,44,0
a_2407,29,0
a_2408,7,0
a_2409,44,0
a_241,7,0
a_2410,11,0
a_2411,11,0
a_2412,11,0
a_2413,11,0
a_2414,11,0
a_2415,7,0
a_2416,7,0
a_2417,44,0
a_2418,11,0
a_2419,7,0
a_242,29,0
a_2420,11,0
a_2421,7,0
a_2422,29,0
a_2423,7,0
a_2424,18,0
a_2425,7,0
a_2426,7,0
a_2427,2,0
a_2428,2,0
a_2429,11,0
a_243,11,0
a_2430,29,0
a_2431,29,0
a_2432,7,0
a_2433,7,0
a_2434,11,0
a_2435,11,0
a_2436,7,0
a_2437,7,0
a_2438,11,0
a_2439,29,0
a_244,2,0
a_2440,7,0
a_2441,7,0
a_2442,29,0
a_2443,11,0
a_2444,7,0
a_2445,2,0
a_2446,29,0
a_2447,2,0
a_2448,44,0
a_2449,11,0
a_245,29,0
a_2450,44,0
a_2451,11,0
a_2452,18,0
a_2453,11,0
a_2454,44,0
a_2455,7,0
a_2456,7,0
a_2457,11,0
a_2458,44,0
a_2459,7,0
a_246,2,0
a_2460,2,0
a_2461,11,0
a_2462,11,0
a_2463,7,0
a_2464,7,0
a_2465,11,0
a_2466,2,0
a_2467,44,0
a_2468,7,0
a_2469,2,0
a_247,11,0
a_2470,29,0
a_2471,29,0
a_2472,2,0
a_2473,2,0
a_2474,11,0
a_2475,7,0
a_2476,29,0
a_2477,11,0
a_2478,7,0
a_2479,44,0
a_248,44,0
a_2480,18,0
a_2481,29,0
a_2482,2,0
a_2483,29,0
a_2484,29,0
a_2485,11,0
a_2486,2,0
a_2487,29,0
a_2488,7,0
a_2489,11,0
a_249,7,0
a_2490,29,0
a_2491,11,0
a_2492,29,0
a_2493,11,0
a_2494,7,0
a_2495,44,0
a_2496,44,0
a_2497,11,0
a_2498,11,0
a_2499,11,0
a_25,11,0
a_250,11,0
a_2500,7,0
a_2501,7,0
a_2502,2,0
a_2503,11,0
a_2504,11,0
a_2505,11,0
a_2506,44,0
a_2507,29,0
a_2508,11,0
a_2509,11,0
a_251,11,0
a_2510,11,0
a_2511,7,0
a_2512,44,0
a_2513,7,0
a_2514,2,0
a_2515,7,0
a_2516,29,0
a_2517,29,0
a_2518,11,0
a_2519,29,0
a_252,29,0
a_2520,29,0
a_2521,11,0
a_2522,11,0
a_2523,29,0
a_2524,29,0
a_2525,11,0
a_2526,11,0
a_2527,11,0
a_2528,29,0
a_2529,2,0
a_253,29,0
a_2530,11,0
a_2531,2,0
a_2532,44,0
a_2533,29,0
a_2534,44,0
a_2535,11,0
a_2536,2,0
a_2537,2,0
a_2538,7,0
a_2539,7,0
a_254,11,0
a_2540,7,0
a_2541,11,0
a_2542,7,0
a_2543,11,0
a_2544,11,0
a_2545,7,0
a_2546,35,0
a_2547,11,0
a_2548,35,0
a_2549,11,0
a_255,11,0
a_2550,7,0
a_2551,7,0
a_2552,11,0
a_2553,11,0
a_2554,11,0
a_2555,7,0
a_2556,2,0
a_2557,11,0
a_2558,29,0
a_2559,11,0
a_256,29,0
a_2560,44,0
a_2561,11,0
a_2562,11,0
a_2563,44,0
a_2564,7,0
a_2565,7,0
a_2566,2,0
a_2567,44,0
a_2568,7,0
a_2569,11,0
a_257,11,0
a_2570,7,0
a_2571,7,0
a_2572,44,0
a_2573,11,0
a_2574,44,0
a_2575,7,0
a_2576,7,0
a_2577,29,0
a_2578,7,0
a_2579,29,0
a_258,44,0
a_2580,29,0
a_2581,11,0
a_2582,7,0
a_2583,11,0
a_2584,29,0
a_2585,2,0
a_2586,44,0
a_2587,29,0
a_2588,7,0
a_2589,29,0
a_259,29,0
a_2590,11,0
a_2591,7,0
a_2592,29,0
a_2593,11,0
a_2594,11,0
a_2595,29,0
a_2596,29,0
a_2597,2,0
a_2598,29,0
a_2599,11,0
a_26,11,0
a_260,2,0
a_2600,2,0
a_2601,44,0
a_2602,11,0
a_2603,7,0
a_2604,29,0
a_2605,11,0
a_2606,11,0
a_2607,11,0
a_2608,11,0
a_2609,11,0
a_261,11,0
a_2610,11,0
a_2611,11,0
a_2612,11,0
a_2613,11,0
a_2614,44,0
a_2615,11,0
a_2616,29,0
a_2617,2,0
a_2618,29,0
a_2619,7,0
a_262,11,0
a_2620,11,0
a_2621,2,0
a_2622,7,0
a_2623,11,0
a_2624,2,0
a_2625,7,0
a_2626,2,0
a_2627,7,0
a_2628,7,0
a_2629,29,0
a_263,44,0
a_2630,7,0
a_2631,11,0
a_2632,11,0
a_2633,29,0
a_2634,7,0
a_2635,29,0
a_2636,11,0
a_2637,29,0
a_2638,11,0
a_2639,11,0
a_264,29,0
a_2640,29,0
a_2641,29,0
a_2642,29,0
a_2643,11,0
a_2644,29,0
a_2645,29,0
a_2646,44,0
a_2647,44,0
a_2648,29,0
a_2649,11,0
a_265,7,0
a_2650,11,0
a_2651,7,0
a_2652,11,0
a_2653,7,0
a_2654,44,0
a_2655,11,0
a_2656,7,0
a_2657,11,0
a_2658,7,0
a_2659,7,0
a_266,11,0
a_2660,11,0
a_2661,7,0
a_2662,7,0
a_2663,7,0
a_2664,11,0
a_2665,11,0
a_2666,7,0
a_2667,7,0
a_2668,7,0
a_2669,29,0
a_267,11,0
a_2670,7,0
a_2671,2,0
a_2672,7,0
a_2673,29,0
a_2674,11,0
a_2675,11,0
a_2676,29,0
a_2677,11,0
a_2678,29,0
a_2679,29,0
a_268,11,0
a_2680,11,0
a_2681,29,0
a_2682,29,0
a_2683,29,0
a_2684,7,0
a_2685,11,0
a_2686,11,0
a_2687,44,0
a_2688,11,0
a_2689,7,0
a_269,7,0
a_2690,27,0
a_2691,11,0
a_2692,29,0
a_2693,11,0
a_2694,29,0
a_2695,29,0
a_2696,29,0
a_2697,44,0
a_2698,29,0
a_2699,2,0
a_27,29,0
a_270,2,0
a_2700,11,0
a_2701,44,0
a_2702,7,0
a_2703,29,0
a_2704,11,0
a_2705,29,0
a_2706,11,0
a_2707,29,0
a_2708,29,0
a_2709,11,0
a_271,11,0
a_2710,7,0
a_2711,11,0
a_2712,7,0
a_2713,11,0
a_2714,29,0
a_2715,7,0
a_2716,11,0
a_2717,11,0
a_2718,11,0
a_2719,11,0
a_272,44,0
a_2720,7,0
a_2721,7,0
a_2722,44,0
a_2723,2,0
a_2724,44,0
a_2725,11,0
a_2726,29,0
a_2727,11,0
a_2728,7,0
a_2729,7,0
a_273,7,0
a_2730,2,0
a_2731,7,0
a_2732,29,0
a_2733,7,0
a_2734,2,0
a_2735,7,0
a_2736,11,0
a_2737,29,0
a_2738,7,0
a_2739,29,0
a_274,2,0
a_2740,18,0
a_2741,7,0
a_2742,7,0
a_2743,44,0
a_2744,44,0
a_2745,29,0
a_2746,7,0
a_2747,11,0
a_2748,44,0
a_2749,11,0
a_275,7,0
a_2750,29,0
a_2751,7,0
a_2752,11,0
a_2753,11,0
a_2754,11,0
a_2755,11,0
a_2756,11,0
a_2757,2,0
a_2758,2,0
a_2759,7,0
a_276,7,0
a_2760,7,0
a_2761,11,0
a_2762,11,0
a_2763,7,0
a_2764,7,0
a_2765,7,0
a_2766,29,0
a_2767,29,0
a_2768,7,0
a_2769,29,0
a_277,44,0
a_2770,7,0
a_2771,7,0
a_2772,7,0
a_2773,7,0
a_2774,7,0
a_2775,11,0
a_2776,11,0
a_2777,11,0
a_2778,29,0
a_2779,29,0
a_278,2,0
a_2780,7,0
a_2781,7,0
a_2782,11,0
a_2783,29,0
a_2784,7,0
a_2785,7,0
a_2786,7,0
a_2787,11,0
a_2788,11,0
a_2789,29,0
a_279,11,0
a_2790,29,0
a_2791,2,0
a_2792,44,0
a_2793,2,0
a_2794,11,0
a_2795,7,0
a_2796,11,0
a_2797,44,0
a_2798,29,0
a_2799,11,0
a_28,2,0
a_280,7,0
a_2800,11,0
a_2801,11,0
a_2802,11,0
a_2803,44,0
a_2804,29,0
a_2805,44,0
a_2806,7,0
a_2807,29,0
a_2808,11,0
a_2809,7,0
a_281,44,0
a_2810,2,0
a_2811,11,0
a_2812,44,0
a_2813,7,0
a_2814,7,0
a_2815,29,0
a_2816,44,0
a_2817,7,0
a_2818,29,0
a_2819,44,0
a_282,44,0
a_2820,2,0
a_2821,2,0
a_2822,29,0
a_2823,29,0
a_2824,11,0
a_2825,7,0
a_2826,11,0
a_2827,7,0
a_2828,7,0
a_2829,29,0
a_283,7,0
a_2830,44,0
a_2831,29,0
a_2832,11,0
a_2833,11,0
a_2834,11,0
a_2835,29,0
a_2836,44,0
a_2837,29,0
a_2838,7,0
a_2839,29,0
a_284,29,0
a_2840,11,0
a_2841,29,0
a_2842,7,0
a_2843,7,0
a_2844,7,0
a_2845,11,0
a_2846,18,0
a_2847,29,0
a_2848,11,0
a_2849,29,0
a_285,7,0
a_2850,11,0
a_2851,7,0
a_2852,11,0
a_2853,44,0
a_2854,7,0
a_2855,7,0
a_2856,29,0
a_2857,2,0
a_2858,44,0
a_2859,11,0
a_286,11,0
a_2860,11,0
a_2861,7,0
a_2862,7,0
a_2863,11,0
a_2864,29,0
a_2865,7,0
a_2866,11,0
a_2867,7,0
a_2868,11,0
a_2869,11,0
a_287,7,0
a_2870,7,0
a_2871,11,0
a_2872,29,0
a_2873,44,0
a_2874,11,0
a_2875,7,0
a_2876,2,0
a_2877,2,0
a_2878,7,0
a_2879,11,0
a_288,2,0
a_2880,11,0
a_2881,2,0
a_2882,11,0
a_2883,29,0
a_2884,29,0
a_2885,11,0
a_2886,11,0
a_2887,11,0
a_2888,2,0
a_2889,29,0
a_289,11,0
a_2890,2,0
a_2891,29,0
a_2892,7,0
a_2893,11,0
a_2894,29,0
a_2895,2,0
a_2896,2,0
a_2897,7,0
a_2898,29,0
a_2899,29,0
a_29,29,0
a_290,7,0
a_2900,18,0
a_2901,7,0
a_2902,29,0
a_2903,29,0
a_2904,29,0
a_2905,29,0
a_2906,29,0
a_2907,7,0
a_2908,7,0
a_2909,11,0
a_291,11,0
a_2910,11,0
a_2911,29,0
a_2912,11,0
a_2913,11,0
a_2914,29,0
a_2915,2,0
a_2916,30,0
a_2917,29,0
a_2918,7,0
a_2919,7,0
a_292,11,0
a_2920,7,0
a_2921,11,0
a_2922,29,0
a_2923,29,0
a_2924,11,0
a_2925,2,0
a_2926,11,0
a_2927,11,0
a_2928,7,0
a_2929,29,0
a_293,2,0
a_2930,7,0
a_2931,2,0
a_2932,11,0
a_2933,11,0
a_2934,11,0
a_2935,7,0
a_2936,44,0
a_2937,2,0
a_2938,29,0
a_2939,7,0
a_294,29,0
a_2940,7,0
a_2941,7,0
a_2942,11,0
a_2943,29,0
a_2944,29,0
a_2945,29,0
a_2946,7,0
a_2947,7,0
a_2948,2,0
a_2949,11,0
a_295,29,0
a_2950,7,0
a_2951,11,0
a_2952,18,0
a_2953,11,0
a_2954,7,0
a_2955,2,0
a_2956,44,0
a_2957,29,0
a_2958,29,0
a_2959,39,1
a_296,29,0
a_2960,29,0
a_2961,11,0
a_2962,29,0
a_2963,2,0
a_2964,29,0
a_2965,7,0
a_2966,7,0
a_2967,11,0
a_2968,7,0
a_2969,11,0
a_297,29,0
a_2970,11,0
a_2971,11,0
a_2972,29,0
a_2973,29,0
a_2974,11,0
a_2975,29,0
a_2976,7,0
a_2977,29,0
a_2978,7,0
a_2979,29,0
a_298,29,0
a_2980,2,0
a_2981,29,0
a_2982,29,0
a_2983,2,0
a_2984,11,0
a_2985,2,0
a_2986,7,0
a_2987,11,0
a_2988,11,0
a_2989,7,0
a_299,29,0
a_2990,7,0
a_2991,29,0
a_2992,11,0
a_2993,29,0
a_2994,11,0
a_2995,29,0
a_2996,7,0
a_2997,11,0
a_2998,11,0
a_2999,29,0
a_3,2,0
a_30,29,0
a_300,2,0
a_3000,44,0
a_3001,11,0
a_3002,11,0
a_3003,11,0
a_3004,7,0
a_3005,7,0
a_3006,7,0
a_3007,2,0
a_3008,44,0
a_3009,7,0
a_301,7,0
a_3010,7,0
a_3011,11,0
a_3012,11,0
a_3013,11,0
a_3014,11,0
a_3015,11,0
a_3016,2,0
a_3017,44,0
a_3018,35,0
a_3019,11,0
a_302,2,0
a_3020,44,0
a_3021,11,0
a_3022,7,0
a_3023,2,0
a_3024,29,0
a_3025,7,0
a_3026,7,0
a_3027,11,0
a_3028,29,0
a_3029,11,0
a_303,44,0
a_3030,2,0
a_3031,7,0
a_3032,7,0
a_3033,29,0
a_3034,11,0
a_3035,7,0
a_3036,44,0
a_3037,2,0
a_3038,18,0
a_3039,29,0
a_304,7,0
a_3040,11,0
a_3041,7,0
a_3042,2,0
a_3043,11,0
a_3044,11,0
a_3045,2,0
a_3046,7,0
a_3047,2,0
a_3048,11,0
a_3049,11,0
a_305,29,0
a_3050,7,0
a_3051,7,0
a_3052,29,0
a_3053,11,0
a_3054,11,0
a_3055,11,0
a_3056,29,0
a_3057,11,0
a_3058,29,0
a_3059,29,0
a_306,29,0
a_3060,29,0
a_3061,7,0
a_3062,7,0
a_3063,29,0
a_3064,18,0
a_3065,29,0
a_3066,7,0
a_3067,29,0
a_3068,44,0
a_3069,29,0
a_307,11,0
a_3070,29,0
a_3071,39,1
a_3072,7,0
a_3073,44,0
a_3074,44,0
a_3075,7,0
a_3076,2,0
a_3077,2,0
a_3078,7,0
a_3079,11,0
a_308,29,0
a_3080,7,0
a_3081,11,0
a_3082,29,0
a_3083,2,0
a_3084,7,0
a_3085,29,0
a_3086,29,0
a_3087,11,0
a_3088,29,0
a_3089,7,0
a_309,7,0
a_3090,29,0
a_3091,11,0
a_3092,11,0
a_3093,7,0
a_3094,29,0
a_3095,11,0
a_3096,18,0
a_3097,2,0
a_3098,29,0
a_3099,2,0
a_31,11,0
a_310,7,0
a_3100,29,0
a_3101,29,0
a_3102,29,0
a_3103,29,0
a_3104,29,0
a_3105,11,0
a_3106,7,0
a_3107,7,0
a_3108,11,0
a_3109,7,0
a_311,7,0
a_3110,29,0
a_3111,11,0
a_3112,7,0
a_3113,29,0
a_3114,11,0
a_3115,29,0
a_3116,7,0
a_3117,29,0
a_3118,29,0
a_3119,29,0
a_312,11,0
a_3120,7,0
a_3121,11,0
a_3122,2,0
a_3123,11,0
a_3124,7,0
a_3125,29,0
a_3126,11,0
a_3127,7,0
a_3128,11,0
a_3129,7,0
a_313,7,0
a_3130,11,0
a_3131,2,0
a_3132,11,0
a_3133,44,0
a_3135,29,0
a_3136,29,0
a_3137,7,0
a_3138,7,0
a_3139,7,0
a_314,29,0
a_3140,11,0
a_3141,11,0
a_3142,11,0
a_3143,29,0
a_3144,2,0
a_3145,44,0
a_3146,29,0
a_3147,11,0
a_3148,29,0
a_3149,7,0
a_315,11,0
a_3150,11,0
a_3151,7,0
a_3152,11,0
a_3153,2,0
a_3154,11,0
a_3155,29,0
a_3156,29,0
a_3157,7,0
a_3158,29,0
a_3159,11,0
a_316,2,0
a_3160,2,0
a_3161,11,0
a_3162,2,0
a_3163,44,0
a_3164,7,0
a_3165,7,0
a_3166,7,0
a_3167,29,0
a_3168,2,0
a_3169,7,0
a_317,11,0
a_3170,29,0
a_3171,7,0
a_3172,29,0
a_3173,11,0
a_3174,11,0
a_3175,44,0
a_3176,7,0
a_3177,2,0
a_3178,7,0
a_3179,11,0
a_318,29,0
a_3180,7,0
a_3181,49,0
a_3182,29,0
a_3183,44,0
a_3184,7,0
a_3185,11,0
a_3186,29,0
a_3187,11,0
a_3188,2,0
a_3189,2,0
a_319,7,0
a_3190,2,0
a_3191,11,0
a_3192,44,0
a_3193,7,0
a_3194,7,0
a_3195,29,0
a_3196,29,0
a_3197,11,0
a_3198,11,0
a_3199,2,0
a_32,2,0
a_320,11,0
a_3200,7,0
a_3201,11,0
a_3202,2,0
a_3203,29,0
a_3204,7,0
a_3205,29,0
a_3206,7,0
a_3207,29,0
a_3208,7,0
a_3209,2,0
a_321,7,0
a_3210,2,0
a_3211,11,0
a_3212,7,0
a_3213,44,0
a_3214,7,0
a_3215,7,0
a_3216,11,0
a_3217,11,0
a_3218,29,0
a_3219,7,0
a_322,7,0
a_3220,29,0
a_3221,7,0
a_3222,44,0
a_3223,7,0
a_3224,29,0
a_3225,11,0
a_3226,29,0
a_3227,11,0
a_3228,29,0
a_3229,11,0
a_323,11,0
a_3230,11,0
a_3231,7,0
a_3232,7,0
a_3233,11,0
a_3234,44,0
a_3235,44,0
a_3236,18,0
a_3237,11,0
a_3238,7,0
a_3239,7,0
a_324,29,0
a_3240,7,0
a_3241,29,0
a_3242,7,0
a_3243,2,0
a_3244,7,0
a_3245,29,0
a_3246,2,0
a_3247,7,0
a_3248,11,0
a_3249,7,0
a_325,7,0
a_3250,44,0
a_3251,11,0
a_3252,11,0
a_3253,29,0
a_3254,49,0
a_3255,29,0
a_3256,44,0
a_3257,29,0
a_3258,7,0
a_3259,2,0
a_326,11,0
a_3260,29,0
a_3261,7,0
a_3262,7,0
a_3263,29,0
a_3264,11,0
a_3265,7,0
a_3266,2,0
a_3267,44,0
a_3268,11,0
a_3269,7,0
a_327,7,0
a_3270,2,0
a_3271,11,0
a_3272,11,0
a_3273,2,0
a_3274,7,0
a_3275,29,0
a_3276,7,0
a_3277,11,0
a_3278,7,0
a_3279,29,0
a_328,7,0
a_3280,11,0
a_3281,29,0
a_3282,29,0
a_3283,11,0
a_3284,11,0
a_3285,29,0
a_3286,7,0
a_3287,29,0
a_3288,29,0
a_3289,11,0
a_329,11,0
a_3290,11,0
a_3291,2,0
a_3292,11,0
a_3293,11,0
a_3294,11,0
a_3295,7,0
a_3296,11,0
a_3297,29,0
a_3298,11,0
a_3299,7,0
a_33,7,0
a_330,7,0
a_3300,11,0
a_3301,2,0
a_3302,18,0
a_3303,11,0
a_3304,11,0
a_3305,29,0
a_3306,29,0
a_3307,11,0
a_3308,11,0
a_3309,7,0
a_331,44,0
a_3310,29,0
a_3311,44,0
a_3312,7,0
a_3313,11,0
a_3314,7,0
a_3315,11,0
a_3316,7,0
a_3317,29,0
a_3318,11,0
a_3319,7,0
a_332,29,0
a_3320,44,0
a_3321,2,0
a_3322,11,0
a_3323,2,0
a_3324,7,0
a_3325,11,0
a_3326,2,0
a_3327,29,0
a_3328,29,0
a_3329,29,0
a_333,44,0
a_3330,11,0
a_3331,29,0
a_3332,18,0
a_3333,11,0
a_3334,2,0
a_3335,7,0
a_3336,11,0
a_3337,11,0
a_3338,11,0
a_3339,11,0
a_334,11,0
a_3340,11,0
a_3341,2,0
a_3342,7,0
a_3343,11,0
a_3344,44,0
a_3345,11,0
a_3346,2,0
a_3347,11,0
a_3348,7,0
a_3349,7,0
a_335,11,0
a_3350,29,0
a_3351,11,0
a_3352,7,0
a_3353,29,0
a_3354,44,0
a_3355,11,0
a_3356,2,0
a_3357,7,0
a_3358,2,0
a_3359,29,0
a_336,11,0
a_3360,11,0
a_3361,2,0
a_3362,7,0
a_3363,7,0
a_3364,29,0
a_3365,44,0
a_3366,29,0
a_3367,7,0
a_3368,44,0
a_3369,29,0
a_337,7,0
a_3370,7,0
a_3371,2,0
a_3372,29,0
a_3373,7,0
a_3374,29,0
a_3375,7,0
a_3376,44,0
a_3377,44,0
a_3378,11,0
a_3379,11,0
a_338,7,0
a_3380,2,0
a_3381,29,0
a_3382,11,0
a_3383,11,0
a_3384,7,0
a_3385,29,0
a_3386,2,0
a_3387,11,0
a_3388,7,0
a_3389,44,0
a_339,11,0
a_3390,11,0
a_3391,29,0
a_3392,7,0
a_3393,44,0
a_3394,44,0
a_3395,7,0
a_3396,11,0
a_3397,29,0
a_3398,29,0
a_3399,7,0
a_34,11,0
a_340,11,0
a_3400,11,0
a_3401,7,0
a_3402,7,0
a_3403,7,0
a_3404,44,0
a_3405,7,0
a_3406,27,1
a_3407,44,0
a_3408,11,0
a_3409,11,0
a_341,29,0
a_3410,7,0
a_3411,44,0
a_3412,7,0
a_3413,7,0
a_3414,11,0
a_3415,29,0
a_3416,7,0
a_3417,11,0
a_3418,7,0
a_3419,11,0
a_342,11,0
a_3420,11,0
a_3421,7,0
a_3422,11,0
a_3423,11,0
a_3424,44,0
a_3425,11,0
a_3426,7,0
a_3427,2,0
a_3428,2,0
a_3429,2,0
a_343,29,0
a_3430,7,0
a_3431,11,0
a_3432,29,0
a_3433,11,0
a_3434,11,0
a_3435,2,0
a_3436,29,0
a_3437,44,0
a_3438,11,0
a_3439,29,0
a_344,7,0
a_3440,29,0
a_3441,7,0
a_3442,7,0
a_3443,7,0
a_3444,11,0
a_3445,2,0
a_3446,2,0
a_3447,11,0
a_3448,11,0
a_3449,29,0
a_345,7,0
a_3450,29,0
a_3451,29,0
a_3452,11,0
a_3453,11,0
a_3454,2,0
a_3455,7,0
a_3456,11,0
a_3457,11,0
a_3458,11,0
a_3459,2,0
a_346,7,0
a_3460,11,0
a_3461,7,0
a_3462,7,0
a_3463,7,0
a_3464,29,0
a_3465,29,0
a_3466,11,0
a_3467,29,0
a_3468,11,0
a_3469,11,0
a_347,2,0
a_3470,11,0
a_3471,11,0
a_3472,11,0
a_3473,11,0
a_3474,29,0
a_3475,11,0
a_3476,7,0
a_3477,11,0
a_3478,11,0
a_3479,7,0
a_348,7,0
a_3480,7,0
a_3481,11,0
a_3482,11,0
a_3483,11,0
a_3484,7,0
a_3485,11,0
a_3486,44,0
a_3487,29,0
a_3488,44,0
a_3489,29,0
a_349,29,0
a_3490,29,0
a_3491,11,0
a_3492,11,0
a_3493,7,0
a_3494,44,0
a_3495,11,0
a_3496,7,0
a_3497,29,0
a_3498,7,0
a_3499,44,0
a_35,2,0
a_350,2,0
a_3500,7,0
a_3501,7,0
a_3502,11,0
a_3503,7,0
a_3504,7,0
a_3505,11,0
a_3506,7,0
a_3507,29,0
a_3508,11,0
a_3509,29,0
a_351,11,0
a_3510,7,0
a_3511,11,0
a_3512,29,0
a_3513,29,0
a_3514,7,0
a_3515,2,0
a_3516,29,0
a_3517,7,0
a_3518,7,0
a_3519,7,0
a_352,2,0
a_3520,11,0
a_3521,29,0
a_3522,44,0
a_3523,7,0
a_3524,11,0
a_3525,44,0
a_3526,7,0
a_3527,44,0
a_3528,2,0
a_3529,11,0
a_353,11,0
a_3530,7,0
a_3531,7,0
a_3532,11,0
a_3533,29,0
a_3534,11,0
a_3535,29,0
a_3536,2,0
a_3537,44,0
a_3538,29,0
a_3539,29,0
a_354,29,0
a_3540,2,0
a_3541,11,0
a_3542,29,0
a_3543,7,0
a_3544,7,0
a_3545,11,0
a_3546,7,0
a_3547,7,0
a_3548,29,0
a_3549,29,0
a_355,29,0
a_3550,11,0
a_3551,29,0
a_3552,7,0
a_3553,11,0
a_3554,2,0
a_3555,29,0
a_3556,29,0
a_3557,2,0
a_3558,11,0
a_3559,29,0
a_356,11,0
a_3560,29,0
a_3561,7,0
a_3562,2,0
a_3563,2,0
a_3564,44,0
a_3565,11,0
a_3566,11,0
a_3567,7,0
a_3568,7,0
a_3569,7,0
a_357,11,0
a_3570,11,0
a_3571,2,0
a_3572,11,0
a_3573,2,0
a_3574,7,0
a_3575,29,0
a_3576,44,0
a_3577,29,0
a_3578,11,0
a_3579,7,0
a_358,2,0
a_3580,11,0
a_3581,2,0
a_3582,11,0
a_3583,7,0
a_3584,7,0
a_3585,11,0
a_3586,44,0
a_3587,7,0
a_3588,29,0
a_3589,29,0
a_359,29,0
a_3590,44,0
a_3591,7,0
a_3592,7,0
a_3593,2,0
a_3594,7,0
a_3595,11,0
a_3596,29,0
a_3597,44,0
a_3598,7,0
a_3599,44,0
a_36,29,0
a_360,7,0
a_3600,11,0
a_3601,2,0
a_3602,29,0
a_3603,11,0
a_3604,11,0
a_3605,7,0
a_3606,2,0
a_3607,7,0
a_3608,11,0
a_3609,11,0
a_361,29,0
a_3610,11,0
a_3611,11,0
a_3612,29,0
a_3613,29,0
a_3614,11,0
a_3615,11,0
a_3616,7,0
a_3617,7,0
a_3618,44,0
a_3619,29,0
a_362,7,0
a_3620,7,0
a_3621,29,0
a_3622,29,0
a_3623,7,0
a_3624,29,0
a_3625,7,0
a_3626,29,0
a_3627,11,0
a_3628,11,0
a_3629,7,0
a_363,29,0
a_3630,44,0
a_3631,29,0
a_3632,2,0
a_3633,11,0
a_3634,7,0
a_3635,2,0
a_3636,44,0
a_3637,11,0
a_3638,2,0
a_3639,7,0
a_364,11,0
a_3640,29,0
a_3641,7,0
a_3642,29,0
a_3643,11,0
a_3644,7,0
a_3645,7,0
a_3646,7,0
a_3647,11,0
a_3648,44,0
a_3649,11,0
a_365,2,0
a_3650,29,0
a_3651,44,0
a_3652,7,0
a_3653,29,0
a_3654,2,0
a_3655,29,0
a_3656,29,0
a_3657,29,0
a_3658,7,0
a_3659,11,0
a_366,11,0
a_3660,2,0
a_3661,11,0
a_3662,11,0
a_3663,11,0
a_3664,7,0
a_3665,29,0
a_3666,7,0
a_3667,44,0
a_3668,11,0
a_3669,29,0
a_367,2,0
a_3670,7,0
a_3671,7,0
a_3672,29,0
a_3673,7,0
a_3674,7,0
a_3675,11,0
a_3676,44,0
a_3677,44,0
a_3678,2,0
a_3679,7,0
a_368,11,0
a_3680,29,0
a_3681,7,0
a_3682,29,0
a_3683,11,0
a_3684,29,0
a_3685,11,0
a_3686,11,0
a_3687,11,0
a_3688,11,0
a_3689,11,0
a_369,29,0
a_3690,11,0
a_3691,11,0
a_3692,7,0
a_3693,2,0
a_3694,29,0
a_3695,11,0
a_3696,2,0
a_3697,7,0
a_3698,29,0
a_3699,7,0
a_37,29,0
a_370,7,0
a_3700,11,0
a_3701,7,0
a_3702,29,0
a_3703,44,0
a_3704,11,0
a_3705,11,0
a_3706,29,0
a_3707,29,0
a_3708,44,0
a_3709,11,0
a_371,11,0
a_3710,2,0
a_3711,2,0
a_3712,29,0
a_3713,29,0
a_3714,7,0
a_3715,7,0
a_3716,7,0
a_3717,29,0
a_3718,11,0
a_3719,29,0
a_372,11,0
a_3720,7,0
a_3721,44,0
a_3722,2,0
a_3723,11,0
a_3724,29,0
a_3725,44,0
a_3726,44,0
a_3727,29,0
a_3728,7,0
a_3729,44,0
a_373,44,0
a_3730,7,0
a_3731,44,0
a_3732,11,0
a_3733,11,0
a_3734,44,0
a_3735,29,0
a_3736,7,0
a_3737,7,0
a_3738,11,0
a_3739,44,0
a_374,29,0
a_3740,29,0
a_3741,7,0
a_3742,29,0
a_3743,11,0
a_3744,29,0
a_3745,7,0
a_3746,11,0
a_3747,44,0
a_3748,7,0
a_3749,7,0
a_375,7,0
a_3750,2,0
a_3751,11,0
a_3752,11,0
a_3753,29,0
a_3754,2,0
a_3755,29,0
a_3756,11,0
a_3757,7,0
a_3758,29,0
a_3759,7,0
a_376,29,0
a_3760,7,0
a_3761,7,0
a_3762,2,0
a_3763,44,0
a_3764,2,0
a_3765,11,0
a_3766,11,0
a_3767,11,0
a_3768,29,0
a_3769,7,0
a_377,29,0
a_3770,11,0
a_3771,29,0
a_3772,29,0
a_3773,7,0
a_3774,7,0
a_3775,7,0
a_3776,2,0
a_3777,2,0
a_3778,11,0
a_3779,11,0
a_378,29,0
a_3780,29,0
a_3781,2,0
a_3782,11,0
a_3783,11,0
a_3784,44,0
a_3785,7,0
a_3786,29,0
a_3787,7,0
a_3788,44,0
a_3789,29,0
a_379,11,0
a_3790,44,0
a_3791,2,0
a_3792,44,0
a_3793,11,0
a_3794,11,0
a_3795,29,0
a_3796,29,0
a_3797,7,0
a_3798,2,0
a_3799,29,0
a_38,11,0
a_380,11,0
a_3800,11,0
a_3801,11,0
a_3802,29,0
a_3803,2,0
a_3804,11,0
a_3805,11,0
a_3806,7,0
a_3807,2,0
a_3808,11,0
a_3809,29,0
a_381,29,0
a_3810,11,0
a_3811,7,0
a_3812,11,0
a_3813,29,0
a_3814,11,0
a_3815,11,0
a_3816,29,0
a_3817,29,0
a_3818,7,0
a_3819,27,1
a_382,2,0
a_3820,7,0
a_3821,2,0
a_3822,2,0
a_3823,11,0
a_3824,11,0
a_3825,11,0
a_3826,11,0
a_3827,11,0
a_3828,7,0
a_3829,11,0
a_383,11,0
a_3830,11,0
a_3831,11,0
a_3832,2,0
a_3833,29,0
a_3834,7,0
a_3835,44,0
a_3836,2,0
a_3837,7,0
a_3838,2,0
a_3839,2,0
a_384,29,0
a_3840,11,0
a_3841,11,0
a_3842,7,0
a_3843,44,0
a_3844,2,0
a_3845,44,0
a_3846,29,0
a_3847,11,0
a_3848,11,0
a_3849,29,0
a_385,11,0
a_3850,29,0
a_3851,2,0
a_3852,2,0
a_3853,29,0
a_3854,11,0
a_3855,11,0
a_3856,11,0
a_3857,44,0
a_3858,2,0
a_3859,11,0
a_386,2,0
a_3860,7,0
a_3861,11,0
a_3862,7,0
a_3863,29,0
a_3864,29,0
a_3865,7,0
a_3866,11,0
a_3867,11,0
a_3868,11,0
a_3869,11,0
a_387,44,0
a_3870,29,0
a_3871,7,0
a_3872,7,0
a_3873,7,0
a_3874,11,0
a_3875,7,0
a_3876,11,0
a_3877,29,0
a_3878,2,0
a_3879,7,0
a_388,7,0
a_3880,44,0
a_3881,11,0
a_3882,7,0
a_3883,11,0
a_3884,11,0
a_3885,7,0
a_3886,11,0
a_3887,7,0
a_3888,11,0
a_3889,44,0
a_389,11,0
a_3890,44,0
a_3891,11,0
a_3892,2,0
a_3893,29,0
a_3894,29,0
a_3895,29,0
a_3896,2,0
a_3897,2,0
a_3898,44,0
a_3899,2,0
a_39,11,0
a_390,2,0
a_3900,11,0
a_3901,7,0
a_3902,11,0
a_3903,29,0
a_3904,2,0
a_3905,7,0
a_3906,11,0
a_3907,7,0
a_3908,2,0
a_3909,11,0
a_391,7,0
a_3910,7,0
a_3911,11,0
a_3912,11,0
a_3913,29,0
a_3914,2,0
a_3915,11,0
a_3916,29,0
a_3917,44,0
a_3918,44,0
a_3919,44,0
a_392,2,0
a_3920,7,0
a_3921,29,0
a_3922,7,0
a_3923,44,0
a_3924,11,0
a_3925,7,0
a_3926,7,0
a_3927,11,0
a_3928,11,0
a_3929,2,0
a_393,11,0
a_3930,11,0
a_3931,44,0
a_3932,7,0
a_3933,11,0
a_3934,29,0
a_3935,29,0
a_3936,7,0
a_3937,7,0
a_3938,11,0
a_3939,7,0
a_394,44,0
a_3940,29,0
a_3941,7,0
a_3942,11,0
a_3943,11,0
a_3944,7,0
a_3945,7,0
a_3946,29,0
a_3947,29,0
a_3948,44,0
a_3949,11,0
a_395,2,0
a_3950,11,0
a_3951,11,0
a_3952,11,0
a_3953,7,0
a_3954,11,0
a_3955,44,0
a_3956,11,0
a_3957,2,0
a_3958,11,0
a_3959,7,0
a_396,7,0
a_3960,44,0
a_3961,7,0
a_3962,11,0
a_3963,11,0
a_3964,2,0
a_3965,29,0
a_3966,29,0
a_3967,11,0
a_3968,2,0
a_3969,29,0
a_397,11,0
a_3970,11,0
a_3971,2,0
a_3972,11,0
a_3973,7,0
a_3974,29,0
a_3975,11,0
a_3976,29,0
a_3977,29,0
a_3978,7,0
a_3979,2,0
a_398,11,0
a_3980,44,0
a_3981,2,0
a_3982,11,0
a_3983,44,0
a_3984,7,0
a_3985,44,0
a_3986,29,0
a_3987,2,0
a_3988,2,0
a_3989,7,0
a_399,11,0
a_3990,29,0
a_3991,29,0
a_3992,29,0
a_3993,11,0
a_3994,2,0
a_3995,7,0
a_3996,7,0
a_3997,7,0
a_3998,44,0
a_3999,29,0
a_4,11,0
a_40,29,0
a_400,7,0
a_4000,11,0
a_4001,7,0
a_4002,11,0
a_4003,11,0
a_4004,11,0
a_4005,29,0
a_4006,29,0
a_4007,44,0
a_4008,7,0
a_4009,29,0
a_401,44,0
a_4010,44,0
a_4011,11,0
a_4012,11,0
a_4013,11,0
a_4014,44,0
a_4015,11,0
a_4016,29,0
a_4017,29,0
a_4018,2,0
a_4019,7,0
a_402,29,0
a_4020,11,0
a_4021,29,0
a_4022,11,0
a_4023,11,0
a_4024,11,0
a_4025,11,0
a_4026,7,0
a_4027,11,0
a_4028,7,0
a_4029,7,0
a_403,11,0
a_4030,29,0
a_4031,29,0
a_4032,29,0
a_4033,7,0
a_4034,7,0
a_4035,7,0
a_4036,29,0
a_4037,29,0
a_4038,11,0
a_4039,44,0
a_404,7,0
a_4040,29,0
a_4041,11,0
a_4042,29,0
a_4043,44,0
a_4044,11,0
a_4045,7,0
a_4046,11,0
a_4047,29,0
a_4048,7,0
a_4049,7,0
a_405,11,0
a_4050,7,0
a_4051,2,0
a_4052,11,0
a_4053,7,0
a_4054,11,0
a_4055,11,0
a_4056,7,0
a_4057,29,0
a_4058,7,0
a_4059,11,0
a_406,2,0
a_4060,11,0
a_4061,44,0
a_4062,29,0
a_4063,11,0
a_4064,7,0
a_4065,11,0
a_4066,7,0
a_4067,44,0
a_4068,7,0
a_4069,11,0
a_407,29,0
a_4070,44,0
a_4071,7,0
a_4072,29,0
a_4073,11,0
a_4074,7,0
a_4075,7,0
a_4076,44,0
a_4077,29,0
a_4078,7,0
a_4079,44,0
a_408,29,0
a_4080,7,0
a_4081,7,0
a_4082,11,0
a_4083,7,0
a_4084,7,0
a_4085,7,0
a_4086,2,0
a_4087,7,0
a_4088,2,0
a_4089,11,0
a_409,44,0
a_4090,11,0
a_4091,29,0
a_4092,7,0
a_4093,11,0
a_4094,7,0
a_4095,29,0
a_4096,29,0
a_4097,2,0
a_4098,11,0
a_4099,11,0
a_41,11,0
a_410,7,0
a_4100,44,0
a_4101,29,0
a_4102,11,0
a_4103,7,0
a_4104,7,0
a_4105,44,0
a_4106,7,0
a_4107,29,0
a_4108,11,0
a_4109,44,0
a_411,2,0
a_4110,7,0
a_4111,7,0
a_4112,44,0
a_4113,11,0
a_4114,7,0
a_4115,11,0
a_4116,7,0
a_4117,11,0
a_4118,7,0
a_4119,29,0
a_412,7,0
a_4120,11,0
a_4121,44,0
a_4122,29,0
a_4123,7,0
a_4124,11,0
a_4125,11,0
a_4126,7,0
a_4127,11,0
a_4128,11,0
a_4129,7,0
a_413,11,0
a_4130,2,0
a_4131,44,0
a_4132,44,0
a_4133,11,0
a_4134,2,0
a_4135,7,0
a_4136,29,0
a_4137,29,0
a_4138,11,0
a_4139,7,0
a_414,11,0
a_4140,7,0
a_4141,2,0
a_4142,11,0
a_4143,11,0
a_4144,2,0
a_4145,44,0
a_4146,7,0
a_4147,11,0
a_4148,29,0
a_4149,7,0
a_415,29,0
a_4150,7,0
a_4151,11,0
a_4152,2,0
a_4153,29,0
a_4154,29,0
a_4155,7,0
a_4156,2,0
a_4157,44,0
a_4158,7,0
a_4159,11,0
a_416,11,0
a_4160,7,0
a_4161,29,0
a_4162,7,0
a_4163,29,0
a_4164,7,0
a_4165,29,0
a_4166,11,0
a_4167,29,0
a_4168,2,0
a_4169,7,0
a_417,2,0
a_4170,29,0
a_4171,2,0
a_4172,2,0
a_4173,7,0
a_4174,7,0
a_4175,29,0
a_4176,11,0
a_4177,11,0
a_4178,7,0
a_4179,11,0
a_418,11,0
a_4180,44,0
a_4181,44,0
a_4182,44,0
a_4183,2,0
a_4184,7,0
a_4185,11,0
a_4186,2,0
a_4187,11,0
a_4188,11,0
a_4189,29,0
a_419,11,0
a_4190,7,0
a_4191,11,0
a_4192,11,0
a_4193,2,0
a_4194,44,0
a_4195,11,0
a_4196,11,0
a_4197,11,0
a_4198,11,0
a_4199,11,0
a_42,11,0
a_420,44,0
a_4200,11,0
a_4201,2,0
a_4202,44,0
a_4203,44,0
a_4204,11,0
a_4205,29,0
a_4206,7,0
a_4207,29,0
a_4208,44,0
a_4209,7,0
a_421,7,0
a_4210,29,0
a_4211,7,0
a_4212,29,0
a_4213,44,0
a_4214,7,0
a_4215,29,0
a_4216,11,0
a_4217,44,0
a_4218,11,0
a_4219,2,0
a_422,7,0
a_4220,2,0
a_4221,2,0
a_4222,11,0
a_4223,7,0
a_4224,11,0
a_4225,29,0
a_4226,11,0
a_4227,7,0
a_4228,2,0
a_4229,11,0
a_423,39,1
a_4230,11,0
a_4231,2,0
a_4232,2,0
a_4233,7,0
a_4234,7,0
a_4235,29,0
a_4236,29,0
a_4237,2,0
a_4238,44,0
a_4239,11,0
a_424,11,0
a_4240,29,0
a_4241,29,0
a_4242,7,0
a_4243,7,0
a_4244,11,0
a_4245,11,0
a_4246,7,0
a_4247,2,0
a_4248,7,0
a_4249,2,0
a_425,29,0
a_4250,2,0
a_4251,11,0
a_4252,29,0
a_4253,29,0
a_4254,11,0
a_4255,11,0
a_4256,7,0
a_4257,44,0
a_4258,7,0
a_4259,2,0
a_426,11,0
a_4260,29,0
a_4261,7,0
a_4262,7,0
a_4263,11,0
a_4264,11,0
a_4265,29,0
a_4266,11,0
a_4267,7,0
a_4268,11,0
a_4269,29,0
a_427,11,0
a_4270,29,0
a_4271,44,0
a_4272,2,0
a_4273,7,0
a_4274,11,0
a_4275,29,0
a_4276,11,0
a_4277,7,0
a_4278,29,0
a_4279,29,0
a_428,44,0
a_4280,7,0
a_4281,7,0
a_4282,7,0
a_4283,11,0
a_4284,7,0
a_4285,11,0
a_4286,7,0
a_4287,29,0
a_4288,2,0
a_4289,29,0
a_429,11,0
a_4290,7,0
a_4291,44,0
a_4292,7,0
a_4293,11,0
a_4294,2,0
a_4295,7,0
a_4296,29,0
a_4297,11,0
a_4298,11,0
a_4299,11,0
a_43,44,0
a_430,44,0
a_4300,7,0
a_4301,44,0
a_4302,2,0
a_4303,29,0
a_4304,29,0
a_4305,7,0
a_4306,29,0
a_4307,7,0
a_4308,11,0
a_4309,7,0
a_431,29,0
a_4310,44,0
a_4311,29,0
a_4312,2,0
a_4313,11,0
a_4314,2,0
a_4315,7,0
a_4316,11,0
a_4317,29,0
a_4318,11,0
a_4319,7,0
a_432,44,0
a_4320,29,0
a_4321,11,0
a_4322,44,0
a_4323,29,0
a_4324,7,0
a_4325,7,0
a_4326,29,0
a_4327,29,0
a_4328,11,0
a_4329,7,0
a_433,11,0
a_4330,7,0
a_4331,7,0
a_4332,11,0
a_4333,44,0
a_4334,11,0
a_4335,29,0
a_4336,2,0
a_4337,2,0
a_4338,11,0
a_4339,29,0
a_434,11,0
a_4340,11,0
a_4341,44,0
a_4342,29,0
a_4343,7,0
a_4344,11,0
a_4345,11,0
a_4346,11,0
a_4347,11,0
a_4348,11,0
a_4349,11,0
a_435,7,0
a_4350,11,0
a_4351,44,0
a_4352,29,0
a_4353,11,0
a_4354,7,0
a_4355,29,0
a_4356,29,0
a_4357,11,0
a_4358,11,0
a_4359,7,0
a_436,44,0
a_4360,7,0
a_4361,7,0
a_4362,2,0
a_4363,11,0
a_4364,11,0
a_4365,11,0
a_4366,7,0
a_4367,2,0
a_4368,11,0
a_4369,7,0
a_437,29,0
a_4370,11,0
a_4371,11,0
a_4372,7,0
a_4373,11,0
a_4374,29,0
a_4375,11,0
a_4376,11,0
a_4377,7,0
a_4378,2,0
a_4379,11,0
a_438,7,0
a_4380,11,0
a_4381,11,0
a_4382,29,0
a_4383,2,0
a_4384,29,0
a_4385,11,0
a_4386,2,0
a_4387,44,0
a_4388,29,0
a_4389,29,0
a_439,44,0
a_4390,29,0
a_4391,7,0
a_4392,11,0
a_4393,29,0
a_4394,44,0
a_4395,11,0
a_4396,2,0
a_4397,29,0
a_4398,11,0
a_4399,7,0
a_44,11,0
a_440,7,0
a_4400,11,0
a_4401,11,0
a_4402,44,0
a_4403,29,0
a_4404,7,0
a_4405,29,0
a_4406,29,0
a_4407,44,0
a_4408,7,0
a_4409,7,0
a_441,29,0
a_4410,29,0
a_4411,44,0
a_4412,11,0
a_4413,11,0
a_4414,44,0
a_4415,11,0
a_4416,7,0
a_4417,2,0
a_4418,11,0
a_4419,11,0
a_442,7,0
a_4420,11,0
a_4421,11,0
a_4422,7,0
a_4423,7,0
a_4424,2,0
a_4425,2,0
a_4426,11,0
a_4427,2,0
a_4428,44,0
a_4429,7,0
a_443,11,0
a_4430,29,0
a_4431,11,0
a_4432,7,0
a_4433,11,0
a_4434,29,0
a_4435,44,0
a_4436,11,0
a_4437,7,0
a_4438,44,0
a_4439,11,0
a_444,11,0
a_4440,29,0
a_4441,44,0
a_4442,7,0
a_4443,7,0
a_4444,2,0
a_4445,11,0
a_4446,29,0
a_4447,7,0
a_4448,11,0
a_4449,2,0
a_445,11,0
a_4450,44,0
a_4451,7,0
a_4452,7,0
a_4453,7,0
a_4454,29,0
a_4455,11,0
a_4456,2,0
a_4457,11,0
a_4458,29,0
a_4459,7,0
a_446,7,0
a_4460,7,0
a_4461,29,0
a_4462,11,0
a_4463,11,0
a_4464,7,0
a_4465,29,0
a_4466,11,0
a_4467,44,0
a_4468,29,0
a_4469,44,0
a_447,11,0
a_4470,29,0
a_4471,11,0
a_4472,44,0
a_4473,29,0
a_4474,7,0
a_4475,2,0
a_4476,11,0
a_4477,7,0
a_4478,7,0
a_4479,11,0
a_448,7,0
a_4480,2,0
a_4481,7,0
a_4482,11,0
a_4483,11,0
a_4484,7,0
a_4485,29,0
a_4486,11,0
a_4487,7,0
a_4488,7,0
a_4489,7,0
a_449,29,0
a_4490,11,0
a_4491,11,0
a_4492,29,0
a_4493,2,0
a_4494,11,0
a_4495,11,0
a_4496,29,0
a_4497,11,0
a_4498,11,0
a_4499,2,0
a_45,11,0
a_450,11,0
a_4500,2,0
a_4501,7,0
a_4502,11,0
a_4503,2,0
a_4504,11,0
a_4505,44,0
a_4506,7,0
a_4507,29,0
a_4508,7,0
a_4509,7,0
a_451,7,0
a_4510,11,0
a_4511,11,0
a_4512,29,0
a_4513,7,0
a_4514,11,0
a_4515,44,0
a_4516,7,0
a_4517,11,0
a_4518,11,0
a_4519,11,0
a_452,29,0
a_4520,11,0
a_4521,7,0
a_4522,11,0
a_4523,29,0
a_4524,7,0
a_4525,44,0
a_4526,11,0
a_4527,29,0
a_4528,11,0
a_4529,2,0
a_453,44,0
a_4530,29,0
a_4531,11,0
a_4532,11,0
a_4533,11,0
a_4534,2,0
a_4535,11,0
a_4536,7,0
a_4537,29,0
a_4538,11,0
a_4539,29,0
a_454,29,0
a_4540,29,0
a_4541,11,0
a_4542,44,0
a_4543,29,0
a_4544,2,0
a_4545,7,0
a_4546,29,0
a_4547,11,0
a_4548,29,0
a_4549,11,0
a_455,11,0
a_4550,29,0
a_4551,29,0
a_4552,44,0
a_4553,11,0
a_4554,29,0
a_4555,2,0
a_4556,29,0
a_4557,7,0
a_4558,11,0
a_4559,11,0
a_456,2,0
a_4560,7,0
a_4561,44,0
a_4562,29,0
a_4563,11,0
a_4564,29,0
a_4565,11,0
a_4566,2,0
a_4567,7,0
a_4568,11,0
a_4569,29,0
a_457,11,0
a_4570,2,0
a_4571,11,0
a_4572,29,0
a_4573,29,0
a_4574,7,0
a_4575,29,0
a_4576,11,0
a_4577,11,0
a_4578,11,0
a_4579,11,0
a_458,2,0
a_4580,29,0
a_4581,7,0
a_4582,11,0
a_4583,7,0
a_4584,29,0
a_4585,2,0
a_4586,7,0
a_4587,11,0
a_4588,7,0
a_4589,7,0
a_459,2,0
a_4590,2,0
a_4591,7,0
a_4592,11,0
a_4593,11,0
a_4594,7,0
a_4595,11,0
a_4596,11,0
a_4597,29,0
a_4598,7,0
a_4599,11,0
a_46,29,0
a_460,11,0
a_4600,2,0
a_4601,7,0
a_4602,29,0
a_4603,11,0
a_4604,7,0
a_4605,29,0
a_4606,11,0
a_4607,11,0
a_4608,29,0
a_4609,29,0
a_461,11,0
a_4610,7,0
a_4611,11,0
a_4612,11,0
a_4613,44,0
a_4614,2,0
a_4615,29,0
a_4616,44,0
a_4617,29,0
a_4618,7,0
a_4619,29,0
a_462,7,0
a_4620,7,0
a_4621,11,0
a_4622,29,0
a_4623,29,0
a_4624,7,0
a_4625,29,0
a_4626,29,0
a_4627,44,0
a_4628,29,0
a_4629,11,0
a_463,11,0
a_4630,2,0
a_4631,7,0
a_4632,2,0
a_4633,11,0
a_4634,11,0
a_4635,7,0
a_4636,11,0
a_4637,29,0
a_4638,2,0
a_4639,44,0
a_464,11,0
a_4640,11,0
a_4641,29,0
a_4642,7,0
a_4643,2,0
a_4644,29,0
a_4645,11,0
a_4646,29,0
a_4647,29,0
a_4648,44,0
a_4649,11,0
a_465,11,0
a_4650,29,0
a_4651,11,0
a_4652,11,0
a_4653,29,0
a_4654,29,0
a_4655,29,0
a_4656,7,0
a_4657,11,0
a_4658,7,0
a_4659,29,0
a_466,7,0
a_4660,7,0
a_4661,44,0
a_4662,2,0
a_4663,11,0
a_4664,7,0
a_4665,11,0
a_4666,29,0
a_4667,44,0
a_4668,2,0
a_4669,7,0
a_467,7,0
a_4670,7,0
a_4671,11,0
a_4672,29,0
a_4673,2,0
a_4674,11,0
a_4675,29,0
a_4676,11,0
a_4677,7,0
a_4678,11,0
a_4679,29,0
a_468,29,0
a_4680,11,0
a_4681,11,0
a_4682,7,0
a_4683,44,0
a_4684,11,0
a_4685,2,0
a_4686,7,0
a_4687,7,0
a_4688,11,0
a_4689,7,0
a_469,7,0
a_4690,7,0
a_4691,11,0
a_4692,11,0
a_4693,2,0
a_4694,7,0
a_4695,11,0
a_4696,44,0
a_4697,29,0
a_4698,7,0
a_4699,29,0
a_47,29,0
a_470,7,0
a_4700,7,0
a_4701,7,0
a_4702,11,0
a_4703,11,0
a_4704,7,0
a_4705,2,0
a_4706,29,0
a_4707,11,0
a_4708,11,0
a_4709,2,0
a_471,44,0
a_4710,7,0
a_4711,2,0
a_4712,11,0
a_4713,11,0
a_4714,11,0
a_4715,7,0
a_4716,2,0
a_4717,11,0
a_4718,11,0
a_4719,11,0
a_472,7,0
a_4720,7,0
a_4721,11,0
a_4722,29,0
a_4723,11,0
a_4724,7,0
a_4725,29,0
a_4726,7,0
a_4727,11,0
a_4728,7,0
a_4729,7,0
a_473,29,0
a_4730,29,0
a_4731,7,0
a_4732,11,0
a_4733,7,0
a_4734,2,0
a_4735,11,0
a_4736,7,0
a_4737,11,0
a_4738,2,0
a_4739,7,0
a_474,2,0
a_4740,11,0
a_4741,11,0
a_4742,7,0
a_4743,7,0
a_4744,29,0
a_4745,2,0
a_4746,29,0
a_4747,7,0
a_4748,11,0
a_4749,29,0
a_475,2,0
a_4750,44,0
a_4751,2,0
a_4752,44,0
a_4753,2,0
a_4754,11,0
a_4755,11,0
a_4756,44,0
a_4757,11,0
a_4758,7,0
a_4759,11,0
a_476,29,0
a_4760,7,0
a_4761,7,0
a_4762,44,0
a_4763,11,0
a_4764,7,0
a_4765,7,0
a_4766,29,0
a_4767,11,0
a_4768,11,0
a_4769,11,0
a_477,29,0
a_4770,29,0
a_4771,11,0
a_4772,29,0
a_4773,11,0
a_4774,7,0
a_4775,44,0
a_4776,2,0
a_4777,29,0
a_4778,11,0
a_4779,29,0
a_478,44,0
a_4780,2,0
a_4781,7,0
a_4782,11,0
a_4783,7,0
a_4784,44,0
a_4785,7,0
a_4786,11,0
a_4787,11,0
a_4788,44,0
a_4789,44,0
a_479,7,0
a_4790,29,0
a_4791,7,0
a_4792,7,0
a_4793,11,0
a_4794,29,0
a_4795,44,0
a_4796,7,0
a_4797,7,0
a_4798,2,0
a_4799,11,0
a_48,29,0
a_480,7,0
a_4800,44,0
a_4801,7,0
a_4802,11,0
a_4803,29,0
a_4804,7,0
a_4805,11,0
a_4806,44,0
a_4807,29,0
a_4808,44,0
a_4809,7,0
a_481,44,0
a_4810,11,0
a_4811,2,0
a_4812,11,0
a_4813,11,0
a_4814,29,0
a_4815,7,0
a_4816,11,0
a_4817,7,0
a_4818,11,0
a_4819,29,0
a_482,11,0
a_4820,7,0
a_4821,7,0
a_4822,29,0
a_4823,11,0
a_4824,44,0
a_4825,7,0
a_4826,44,0
a_4827,44,0
a_4828,11,0
a_4829,2,0
a_483,11,0
a_4830,11,0
a_4831,44,0
a_4832,29,0
a_4833,7,0
a_4834,7,0
a_4835,29,0
a_4836,7,0
a_4837,44,0
a_4838,11,0
a_4839,7,0
a_484,11,0
a_4840,29,0
a_4841,44,0
a_4842,7,0
a_4843,44,0
a_4844,11,0
a_4845,11,0
a_4846,29,0
a_4847,7,0
a_4848,7,0
a_4849,7,0
a_485,11,0
a_4850,44,0
a_4851,2,0
a_4852,7,0
a_4853,11,0
a_4854,29,0
a_4855,11,0
a_4856,29,0
a_4857,44,0
a_4858,7,0
a_4859,11,0
a_486,29,0
a_4860,29,0
a_4861,7,0
a_4862,7,0
a_4863,11,0
a_4864,29,0
a_4865,44,0
a_4866,44,0
a_4867,44,0
a_4868,7,0
a_4869,44,0
a_487,29,0
a_4870,29,0
a_4871,11,0
a_4872,29,0
a_4873,11,0
a_4874,29,0
a_4875,11,0
a_4876,29,0
a_4877,2,0
a_4878,44,0
a_4879,7,0
a_488,7,0
a_4880,29,0
a_4881,29,0
a_4882,7,0
a_4883,11,0
a_4884,44,0
a_4885,7,0
a_4886,44,0
a_4887,2,0
a_4888,11,0
a_4889,2,0
a_489,2,0
a_4890,29,0
a_4891,7,0
a_4892,11,0
a_4893,11,0
a_4894,11,0
a_4895,29,0
a_4896,11,0
a_4897,11,0
a_4898,2,0
a_4899,29,0
a_49,7,0
a_490,7,0
a_4900,44,0
a_4901,29,0
a_4902,7,0
a_4903,2,0
a_4904,7,0
a_4905,2,0
a_4906,11,0
a_4907,2,0
a_4908,44,0
a_4909,44,0
a_491,11,0
a_4910,7,0
a_4911,2,0
a_4912,2,0
a_4913,11,0
a_4914,29,0
a_4915,11,0
a_4916,29,0
a_4917,7,0
a_4918,7,0
a_4919,7,0
a_492,11,0
a_4920,11,0
a_4921,2,0
a_4922,2,0
a_4923,7,0
a_4924,2,0
a_4925,7,0
a_4926,7,0
a_4927,11,0
a_4928,7,0
a_4929,2,0
a_493,29,0
a_4930,29,0
a_4931,7,0
a_4932,2,0
a_4933,7,0
a_4934,44,0
a_4935,11,0
a_4936,11,0
a_4937,7,0
a_4938,44,0
a_4939,11,0
a_494,2,0
a_4940,11,0
a_4941,7,0
a_4942,11,0
a_4943,7,0
a_4944,7,0
a_4945,7,0
a_4946,2,0
a_4947,11,0
a_4948,7,0
a_4949,29,0
a_495,11,0
a_4950,29,0
a_4951,11,0
a_4952,29,0
a_4953,11,0
a_4954,7,0
a_4955,11,0
a_4956,11,0
a_4957,29,0
a_4958,11,0
a_4959,44,0
a_496,11,0
a_4960,29,0
a_4961,7,0
a_4962,29,0
a_4963,44,0
a_4964,29,0
a_4965,29,0
a_4966,7,0
a_4967,29,0
a_4968,7,0
a_4969,11,0
a_497,44,0
a_4970,11,0
a_4971,11,0
a_4972,11,0
a_4973,44,0
a_4974,44,0
a_4975,11,0
a_4976,44,0
a_4977,7,0
a_4978,29,0
a_4979,7,0
a_498,11,0
a_4980,44,0
a_4981,44,0
a_4982,2,0
a_4983,11,0
a_4984,7,0
a_4985,11,0
a_4986,11,0
a_4987,11,0
a_4988,29,0
a_4989,7,0
a_499,7,0
a_4990,7,0
a_4991,11,0
a_4992,11,0
a_4993,7,0
a_4994,11,0
a_4995,29,0
a_4996,11,0
a_4997,7,0
a_4998,29,0
a_4999,11,0
a_5,2,0
a_50,11,0
a_500,11,0
a_5000,11,0
a_5001,36,0
a_5002,3,0
a_5003,31,0
a_5004,25,0
a_5005,31,0
a_5006,36,0
a_5007,25,0
a_5008,36,0
a_5009,3,0
a_501,29,0
a_5010,31,0
a_5011,49,0
a_5012,3,0
a_5013,31,0
a_5014,10,1
a_5015,49,0
a_5016,10,1
a_5017,31,0
a_5018,36,0
a_5019,25,0
a_502,2,0
a_5020,31,0
a_5021,3,0
a_5022,3,0
a_5023,36,0
a_5024,25,0
a_5025,25,0
a_5026,25,0
a_5027,36,0
a_5028,10,1
a_5029,36,0
a_503,11,0
a_5030,36,0
a_5031,25,0
a_5032,31,0
a_5033,3,0
a_5034,49,0
a_5035,31,0
a_5036,36,0
a_5037,36,0
a_5038,25,0
a_5039,25,0
a_504,29,0
a_5040,36,0
a_5041,25,0
a_5042,49,0
a_5043,31,0
a_5044,25,0
a_5045,25,0
a_5046,36,0
a_5047,36,0
a_5048,36,0
a_5049,3,0
a_505,11,0
a_5050,25,0
a_5051,25,0
a_5052,3,0
a_5053,31,0
a_5054,31,0
a_5055,36,0
a_5056,31,0
a_5057,36,0
a_5058,31,0
a_5059,36,0
a_506,11,0
a_5060,3,0
a_5061,31,0
a_5063,31,0
a_5065,3,0
a_5066,49,0
a_5067,36,0
a_5068,3,0
a_5069,31,0
a_507,29,0
a_5070,31,0
a_5071,49,0
a_5072,49,0
a_5073,25,0
a_5074,36,0
a_5075,3,0
a_5076,3,0
a_5077,25,0
a_5078,36,0
a_5079,36,0
a_508,7,0
a_5080,25,0
a_5081,49,0
a_5082,36,0
a_5083,36,0
a_5084,36,0
a_5085,3,0
a_5086,3,0
a_5087,25,0
a_5088,36,0
a_5089,49,0
a_509,11,0
a_5090,3,0
a_5091,25,0
a_5092,31,0
a_5093,31,0
a_5094,10,1
a_5095,49,0
a_5096,36,0
a_5097,3,0
a_5098,3,0
a_5099,25,0
a_51,11,0
a_510,7,0
a_5100,36,0
a_5101,31,0
a_5102,3,0
a_5103,31,0
a_5104,36,0
a_5105,36,0
a_5106,31,0
a_5107,3,0
a_5108,31,0
a_5109,36,0
a_511,11,0
a_5110,3,0
a_5111,49,0
a_5112,25,0
a_5113,3,0
a_5114,31,0
a_5115,31,0
a_5116,3,0
a_5117,31,0
a_5118,49,0
a_5119,3,0
a_512,44,0
a_5120,49,0
a_5121,49,0
a_5122,31,0
a_5123,3,0
a_5124,25,0
a_5125,3,0
a_5126,49,0
a_5127,31,0
a_5128,10,1
a_5129,10,1
a_513,29,0
a_5130,10,1
a_5131,3,0
a_5132,36,0
a_5133,3,0
a_5134,31,0
a_5135,31,0
a_5136,3,0
a_5137,31,0
a_5138,10,1
a_5139,49,0
a_514,29,0
a_5140,31,0
a_5141,3,0
a_5142,25,0
a_5143,25,0
a_5144,25,0
a_5145,36,0
a_5146,3,0
a_5147,36,0
a_5148,3,0
a_5149,25,0
a_515,29,0
a_5150,3,0
a_5151,36,0
a_5152,3,0
a_5153,25,0
a_5154,36,0
a_5155,31,0
a_5156,36,0
a_5157,36,0
a_5158,25,0
a_5159,3,0
a_516,11,0
a_5160,36,0
a_5161,25,0
a_5162,31,0
a_5163,49,0
a_5164,3,0
a_5165,3,0
a_5166,36,0
a_5167,25,0
a_5168,25,0
a_5169,31,0
a_517,2,0
a_5170,10,1
a_5171,31,0
a_5172,3,0
a_5173,3,0
a_5174,36,0
a_5175,36,0
a_5176,3,0
a_5177,3,0
a_5178,31,0
a_5179,36,0
a_518,7,0
a_5180,31,0
a_5181,49,0
a_5182,25,0
a_5183,31,0
a_5184,36,0
a_5185,25,0
a_5186,25,0
a_5187,25,0
a_5188,25,0
a_5189,25,0
a_519,11,0
a_5190,31,0
a_5191,31,0
a_5192,3,0
a_5193,3,0
a_5194,3,0
a_5195,31,0
a_5196,25,0
a_5197,3,0
a_5198,3,0
a_5199,25,0
a_52,7,0
a_520,7,0
a_5200,31,0
a_5201,36,0
a_5202,49,0
a_5203,31,0
a_5204,36,0
a_5205,36,0
a_5206,3,0
a_5207,36,0
a_5208,36,0
a_5209,36,0
a_521,11,0
a_5210,25,0
a_5211,3,0
a_5212,3,0
a_5213,36,0
a_5214,49,0
a_5215,3,0
a_5216,25,0
a_5217,31,0
a_5218,36,0
a_5219,10,1
a_522,11,0
a_5220,25,0
a_5221,36,0
a_5222,31,0
a_5223,49,0
a_5224,3,0
a_5225,3,0
a_5226,25,0
a_5227,36,0
a_5228,36,0
a_5229,36,0
a_523,7,0
a_5230,49,0
a_5231,3,0
a_5232,31,0
a_5233,25,0
a_5234,31,0
a_5235,36,0
a_5236,25,0
a_5237,25,0
a_5238,25,0
a_5239,25,0
a_524,7,0
a_5240,36,0
a_5241,3,0
a_5242,36,0
a_5243,49,0
a_5244,31,0
a_5245,36,0
a_5246,31,0
a_5247,25,0
a_5248,31,0
a_5249,31,0
a_525,2,0
a_5251,49,0
a_5252,36,0
a_5253,36,0
a_5254,10,1
a_5255,25,0
a_5256,36,0
a_5257,25,0
a_5258,31,0
a_5259,36,0
a_526,11,0
a_5260,31,0
a_5261,25,0
a_5262,25,0
a_5263,31,0
a_5265,31,0
a_5266,25,0
a_5267,25,0
a_5268,49,0
a_5269,3,0
a_527,7,0
a_5270,31,0
a_5271,49,0
a_5272,31,0
a_5273,3,0
a_5274,31,0
a_5275,3,0
a_5276,3,0
a_5277,31,0
a_5278,10,1
a_5279,25,0
a_528,29,0
a_5280,3,0
a_5281,31,0
a_5282,31,0
a_5283,3,0
a_5284,36,0
a_5285,3,0
a_5286,25,0
a_5287,3,0
a_5288,31,0
a_5289,49,0
a_529,7,0
a_5290,3,0
a_5291,25,0
a_5292,25,0
a_5293,31,0
a_5294,36,0
a_5295,36,0
a_5296,36,0
a_5297,36,0
a_5298,36,0
a_5299,36,0
a_53,44,0
a_530,2,0
a_5300,31,0
a_5301,3,0
a_5302,31,0
a_5303,10,1
a_5305,36,0
a_5306,36,0
a_5307,25,0
a_5308,36,0
a_5309,3,0
a_531,7,0
a_5310,3,0
a_5311,3,0
a_5312,25,0
a_5313,3,0
a_5314,36,0
a_5315,25,0
a_5316,31,0
a_5317,25,0
a_5318,36,0
a_5319,3,0
a_532,2,0
a_5320,25,0
a_5321,3,0
a_5322,3,0
a_5323,10,1
a_5324,36,0
a_5325,3,0
a_5326,25,0
a_5327,3,0
a_5328,3,0
a_5329,25,0
a_533,2,0
a_5330,3,0
a_5331,31,0
a_5332,36,0
a_5333,10,1
a_5334,25,0
a_5335,25,0
a_5336,49,0
a_5337,3,0
a_5338,3,0
a_5339,25,0
a_534,11,0
a_5340,49,0
a_5341,36,0
a_5342,25,0
a_5343,36,0
a_5344,3,0
a_5345,3,0
a_5346,31,0
a_5347,31,0
a_5348,3,0
a_5349,36,0
a_535,7,0
a_5350,10,1
a_5351,25,0
a_5352,31,0
a_5353,25,0
a_5354,36,0
a_5355,36,0
a_5356,49,0
a_5357,25,0
a_5358,31,0
a_5359,36,0
a_536,11,0
a_5360,3,0
a_5361,36,0
a_5362,3,0
a_5363,36,0
a_5364,49,0
a_5365,10,1
a_5366,49,0
a_5367,31,0
a_5368,25,0
a_5369,36,0
a_537,7,0
a_5370,3,0
a_5371,25,0
a_5372,25,0
a_5373,31,0
a_5374,36,0
a_5375,3,0
a_5376,36,0
a_5377,36,0
a_5378,36,0
a_5379,49,0
a_538,11,0
a_5380,49,0
a_5381,36,0
a_5382,31,0
a_5383,49,0
a_5384,36,0
a_5385,49,0
a_5386,31,0
a_5387,31,0
a_5388,3,0
a_5389,25,0
a_539,7,0
a_5390,31,0
a_5391,3,0
a_5392,31,0
a_5393,25,0
a_5394,31,0
a_5395,31,0
a_5396,3,0
a_5397,25,0
a_5398,25,0
a_5399,25,0
a_54,7,0
a_540,7,0
a_5400,3,0
a_5401,31,0
a_5402,36,0
a_5403,25,0
a_5404,3,0
a_5406,31,0
a_5407,36,0
a_5408,36,0
a_5409,31,0
a_541,29,0
a_5410,3,0
a_5411,31,0
a_5412,3,0
a_5413,25,0
a_5414,25,0
a_5415,36,0
a_5416,49,0
a_5417,31,0
a_5418,25,0
a_5419,49,0
a_542,29,0
a_5420,31,0
a_5421,3,0
a_5422,3,0
a_5423,10,1
a_5424,25,0
a_5425,36,0
a_5426,49,0
a_5427,25,0
a_5428,31,0
a_5429,25,0
a_543,7,0
a_5430,31,0
a_5431,36,0
a_5432,10,1
a_5433,25,0
a_5434,49,0
a_5435,3,0
a_5436,31,0
a_5437,36,0
a_5438,3,0
a_5439,31,0
a_544,2,0
a_5440,31,0
a_5441,36,0
a_5442,3,0
a_5443,25,0
a_5444,25,0
a_5445,25,0
a_5446,3,0
a_5447,49,0
a_5448,3,0
a_5449,36,0
a_545,2,0
a_5450,49,0
a_5451,3,0
a_5452,36,0
a_5453,31,0
a_5454,36,0
a_5455,49,0
a_5456,31,0
a_5457,25,0
a_5458,31,0
a_5459,31,0
a_546,44,0
a_5460,25,0
a_5461,49,0
a_5462,3,0
a_5463,49,0
a_5464,25,0
a_5465,25,0
a_5466,3,0
a_5467,3,0
a_5468,36,0
a_5469,3,0
a_547,29,0
a_5470,3,0
a_5471,31,0
a_5472,3,0
a_5473,36,0
a_5474,31,0
a_5475,31,0
a_5476,36,0
a_5477,36,0
a_5478,31,0
a_5479,3,0
a_548,7,0
a_5480,3,0
a_5481,31,0
a_5482,25,0
a_5483,25,0
a_5484,25,0
a_5485,25,0
a_5486,36,0
a_5487,36,0
a_5488,3,0
a_5489,31,0
a_549,11,0
a_5490,3,0
a_5491,25,0
a_5492,25,0
a_5493,36,0
a_5494,31,0
a_5495,25,0
a_5496,49,0
a_5497,31,0
a_5498,25,0
a_5499,3,0
a_55,29,0
a_550,2,0
a_5500,25,0
a_5501,36,0
a_5502,31,0
a_5503,25,0
a_5504,36,0
a_5505,25,0
a_5506,49,0
a_5507,36,0
a_5508,3,0
a_5509,25,0
a_551,7,0
a_5510,3,0
a_5511,25,0
a_5512,31,0
a_5513,36,0
a_5514,46,1
a_5515,36,0
a_5516,25,0
a_5517,31,0
a_5518,3,0
a_5519,25,0
a_552,11,0
a_5520,3,0
a_5521,25,0
a_5522,49,0
a_5523,3,0
a_5524,3,0
a_5525,31,0
a_5526,25,0
a_5527,3,0
a_5528,36,0
a_5529,3,0
a_553,29,0
a_5530,31,0
a_5531,3,0
a_5532,31,0
a_5533,31,0
a_5534,49,0
a_5535,3,0
a_5536,49,0
a_5537,3,0
a_5538,25,0
a_5539,3,0
a_554,29,0
a_5540,3,0
a_5541,36,0
a_5542,36,0
a_5543,3,0
a_5544,31,0
a_5545,31,0
a_5546,31,0
a_5547,36,0
a_5548,3,0
a_5549,25,0
a_555,29,0
a_5550,31,0
a_5551,3,0
a_5552,49,0
a_5553,36,0
a_5554,36,0
a_5555,36,0
a_5556,49,0
a_5557,3,0
a_5558,3,0
a_5559,25,0
a_556,11,0
a_5560,31,0
a_5561,3,0
a_5562,36,0
a_5563,31,0
a_5564,36,0
a_5565,31,0
a_5566,36,0
a_5567,31,0
a_5568,36,0
a_5569,36,0
a_557,7,0
a_5570,31,0
a_5571,25,0
a_5572,3,0
a_5573,10,1
a_5574,31,0
a_5575,10,1
a_5576,3,0
a_5577,10,1
a_5578,25,0
a_5579,36,0
a_558,7,0
a_5580,10,1
a_5581,3,0
a_5582,49,0
a_5583,3,0
a_5584,36,0
a_5585,36,0
a_5586,3,0
a_5587,25,0
a_5588,25,0
a_5589,25,0
a_559,11,0
a_5590,3,0
a_5591,31,0
a_5592,3,0
a_5593,10,1
a_5594,31,0
a_5595,3,0
a_5596,31,0
a_5597,36,0
a_5598,36,0
a_5599,3,0
a_56,44,0
a_560,2,0
a_5600,36,0
a_5601,36,0
a_5602,31,0
a_5603,31,0
a_5604,25,0
a_5605,3,0
a_5606,3,0
a_5608,31,0
a_5609,3,0
a_561,7,0
a_5610,36,0
a_5611,31,0
a_5612,31,0
a_5613,36,0
a_5614,36,0
a_5615,31,0
a_5616,3,0
a_5617,36,0
a_5618,25,0
a_5619,36,0
a_562,29,0
a_5620,31,0
a_5621,36,0
a_5622,3,0
a_5623,3,0
a_5624,49,0
a_5625,3,0
a_5627,36,0
a_5628,49,0
a_5629,25,0
a_563,44,0
a_5630,3,0
a_5631,36,0
a_5632,25,0
a_5633,49,0
a_5634,36,0
a_5635,25,0
a_5636,36,0
a_5637,31,0
a_5638,25,0
a_5639,49,0
a_564,29,0
a_5640,25,0
a_5641,36,0
a_5642,49,0
a_5643,25,0
a_5644,36,0
a_5645,3,0
a_5646,31,0
a_5647,36,0
a_5648,36,0
a_5649,36,0
a_565,44,0
a_5650,3,0
a_5651,31,0
a_5652,25,0
a_5653,49,0
a_5654,25,0
a_5655,36,0
a_5656,36,0
a_5657,49,0
a_5658,31,0
a_5659,3,0
a_566,29,0
a_5660,3,0
a_5661,31,0
a_5662,31,0
a_5663,36,0
a_5664,49,0
a_5665,3,0
a_5666,10,1
a_5667,36,0
a_5668,3,0
a_5669,36,0
a_567,7,0
a_5670,25,0
a_5671,36,0
a_5672,49,0
a_5673,31,0
a_5674,25,0
a_5675,31,0
a_5676,49,0
a_5677,3,0
a_5678,25,0
a_5679,49,0
a_568,29,0
a_5680,25,0
a_5681,36,0
a_5682,36,0
a_5683,25,0
a_5684,31,0
a_5685,25,0
a_5686,3,0
a_5687,3,0
a_5688,3,0
a_5689,31,0
a_569,29,0
a_5690,36,0
a_5691,31,0
a_5692,31,0
a_5693,36,0
a_5694,3,0
a_5695,31,0
a_5696,3,0
a_5697,25,0
a_5698,3,0
a_5699,25,0
a_57,29,0
a_570,2,0
a_5700,10,1
a_5701,31,0
a_5702,10,1
a_5703,49,0
a_5704,10,1
a_5705,3,0
a_5706,49,0
a_5707,3,0
a_5708,31,0
a_5709,25,0
a_571,11,0
a_5710,3,0
a_5711,25,0
a_5712,3,0
a_5713,31,0
a_5714,3,0
a_5715,3,0
a_5716,25,0
a_5717,49,0
a_5718,3,0
a_5719,10,1
a_572,7,0
a_5720,49,0
a_5721,31,0
a_5722,3,0
a_5723,31,0
a_5726,25,0
a_5727,31,0
a_5728,25,0
a_5729,36,0
a_573,44,0
a_5730,31,0
a_5731,31,0
a_5732,10,1
a_5733,3,0
a_5734,31,0
a_5735,3,0
a_5736,25,0
a_5737,25,0
a_5738,49,0
a_5739,3,0
a_574,7,0
a_5740,49,0
a_5741,36,0
a_5742,36,0
a_5743,25,0
a_5744,36,0
a_5745,31,0
a_5746,31,0
a_5747,36,0
a_5748,25,0
a_5749,31,0
a_575,2,0
a_5750,25,0
a_5751,31,0
a_5752,36,0
a_5753,31,0
a_5754,36,0
a_5755,36,0
a_5756,25,0
a_5757,3,0
a_5758,36,0
a_5759,25,0
a_576,7,0
a_5760,25,0
a_5761,25,0
a_5762,36,0
a_5763,49,0
a_5764,25,0
a_5765,25,0
a_5766,25,0
a_5767,36,0
a_5768,31,0
a_5769,31,0
a_577,11,0
a_5770,3,0
a_5771,3,0
a_5772,36,0
a_5773,31,0
a_5774,25,0
a_5775,3,0
a_5776,3,0
a_5777,25,0
a_5778,25,0
a_5779,10,1
a_578,11,0
a_5780,3,0
a_5781,49,0
a_5782,3,0
a_5783,25,0
a_5784,10,1
a_5785,31,0
a_5786,3,0
a_5787,3,0
a_5788,47,0
a_5789,31,0
a_579,29,0
a_5790,25,0
a_5791,10,1
a_5792,25,0
a_5793,36,0
a_5794,31,0
a_5795,31,0
a_5796,49,0
a_5797,49,0
a_5798,49,0
a_5799,36,0
a_58,44,0
a_580,2,0
a_5800,25,0
a_5801,25,0
a_5802,10,1
a_5803,36,0
a_5804,3,0
a_5805,31,0
a_5806,36,0
a_5807,49,0
a_5808,36,0
a_5809,3,0
a_581,7,0
a_5810,36,0
a_5811,25,0
a_5812,25,0
a_5813,49,0
a_5814,36,0
a_5815,25,0
a_5816,36,0
a_5817,36,0
a_5818,3,0
a_5819,31,0
a_582,11,0
a_5820,10,1
a_5821,36,0
a_5822,36,0
a_5823,49,0
a_5824,3,0
a_5825,25,0
a_5826,31,0
a_5827,3,0
a_5828,36,0
a_5829,25,0
a_583,7,0
a_5830,49,0
a_5831,3,0
a_5832,31,0
a_5833,31,0
a_5834,31,0
a_5835,31,0
a_5836,3,0
a_5837,25,0
a_5838,3,0
a_5839,31,0
a_584,29,0
a_5840,25,0
a_5841,3,0
a_5842,3,0
a_5843,36,0
a_5844,3,0
a_5845,31,0
a_5846,25,0
a_5847,3,0
a_5848,3,0
a_5849,49,0
a_585,29,0
a_5850,49,0
a_5851,25,0
a_5852,36,0
a_5853,3,0
a_5854,36,0
a_5855,36,0
a_5856,49,0
a_5857,3,0
a_5858,25,0
a_5859,3,0
a_586,7,0
a_5860,25,0
a_5861,3,0
a_5862,31,0
a_5863,31,0
a_5864,36,0
a_5865,31,0
a_5866,31,0
a_5867,36,0
a_5868,31,0
a_5869,49,0
a_587,11,0
a_5870,36,0
a_5871,36,0
a_5872,25,0
a_5873,31,0
a_5874,36,0
a_5875,36,0
a_5876,36,0
a_5877,36,0
a_5878,25,0
a_5879,36,0
a_588,11,0
a_5880,3,0
a_5881,25,0
a_5882,49,0
a_5883,49,0
a_5884,49,0
a_5885,25,0
a_5886,3,0
a_5887,31,0
a_5888,31,0
a_5889,25,0
a_589,11,0
a_5890,3,0
a_5891,36,0
a_5892,31,0
a_5893,36,0
a_5894,36,0
a_5895,3,0
a_5896,36,0
a_5897,3,0
a_5898,36,0
a_5899,31,0
a_59,29,0
a_590,7,0
a_5900,25,0
a_5901,3,0
a_5902,3,0
a_5903,36,0
a_5904,10,1
a_5905,31,0
a_5906,49,0
a_5907,36,0
a_5908,3,0
a_5909,36,0
a_591,44,0
a_5910,31,0
a_5911,36,0
a_5912,3,0
a_5913,3,0
a_5915,49,0
a_5916,31,0
a_5917,3,0
a_5918,31,0
a_5919,31,0
a_592,7,0
a_5920,36,0
a_5921,3,0
a_5922,31,0
a_5923,31,0
a_5924,36,0
a_5925,36,0
a_5926,36,0
a_5927,25,0
a_5928,36,0
a_5929,36,0
a_593,44,0
a_5930,49,0
a_5931,3,0
a_5932,3,0
a_5933,25,0
a_5934,31,0
a_5935,31,0
a_5936,49,0
a_5937,36,0
a_5938,25,0
a_5939,31,0
a_594,2,0
a_5940,25,0
a_5941,25,0
a_5942,31,0
a_5943,25,0
a_5944,36,0
a_5945,49,0
a_5946,3,0
a_5947,3,0
a_5948,31,0
a_5949,31,0
a_595,7,0
a_5950,3,0
a_5951,36,0
a_5952,36,0
a_5953,25,0
a_5954,25,0
a_5955,3,0
a_5956,36,0
a_5957,3,0
a_5958,25,0
a_5959,25,0
a_596,44,0
a_5960,36,0
a_5961,25,0
a_5962,49,0
a_5963,3,0
a_5964,31,0
a_5965,49,0
a_5966,49,0
a_5967,3,0
a_5968,25,0
a_5969,25,0
a_597,29,0
a_5970,49,0
a_5971,25,0
a_5972,3,0
a_5973,10,1
a_5974,36,0
a_5975,36,0
a_5976,36,0
a_5977,31,0
a_5978,25,0
a_5979,3,0
a_598,29,0
a_5980,3,0
a_5981,36,0
a_5982,49,0
a_5983,31,0
a_5984,3,0
a_5985,3,0
a_5986,31,0
a_5987,10,1
a_5988,25,0
a_5989,36,0
a_599,7,0
a_5990,36,0
a_5991,36,0
a_5992,25,0
a_5993,49,0
a_5994,3,0
a_5995,25,0
a_5996,31,0
a_5997,25,0
a_5998,36,0
a_5999,3,0
a_6,29,0
a_60,7,0
a_600,29,0
a_6000,25,0
a_6001,49,0
a_6002,25,0
a_6003,49,0
a_6004,31,0
a_6005,3,0
a_6006,31,0
a_6007,49,0
a_6008,3,0
a_6009,25,0
a_601,29,0
a_6010,3,0
a_6011,3,0
a_6012,36,0
a_6013,3,0
a_6014,25,0
a_6015,36,0
a_6016,25,0
a_6017,25,0
a_6018,49,0
a_6019,31,0
a_602,44,0
a_6020,3,0
a_6021,25,0
a_6022,31,0
a_6023,25,0
a_6024,3,0
a_6025,36,0
a_6026,31,0
a_6027,31,0
a_6028,3,0
a_6029,3,0
a_603,2,0
a_6030,3,0
a_6031,3,0
a_6032,31,0
a_6033,36,0
a_6034,25,0
a_6035,31,0
a_6036,31,0
a_6037,49,0
a_6038,3,0
a_6039,36,0
a_604,11,0
a_6040,25,0
a_6041,25,0
a_6042,31,0
a_6043,25,0
a_6044,10,1
a_6045,25,0
a_6046,49,0
a_6047,3,0
a_6048,3,0
a_6049,3,0
a_605,7,0
a_6050,3,0
a_6051,3,0
a_6052,36,0
a_6053,36,0
a_6054,3,0
a_6055,25,0
a_6056,25,0
a_6057,36,0
a_6058,36,0
a_6059,36,0
a_606,7,0
a_6060,31,0
a_6061,25,0
a_6062,36,0
a_6063,49,0
a_6064,36,0
a_6065,25,0
a_6066,36,0
a_6067,25,0
a_6068,10,1
a_6069,49,0
a_607,44,0
a_6070,3,0
a_6071,36,0
a_6072,36,0
a_6073,31,0
a_6074,25,0
a_6075,25,0
a_6076,36,0
a_6077,31,0
a_6078,3,0
a_6079,3,0
a_608,44,0
a_6080,36,0
a_6081,31,0
a_6082,31,0
a_6083,25,0
a_6084,49,0
a_6085,36,0
a_6086,36,0
a_6087,25,0
a_6088,10,1
a_6089,25,0
a_609,7,0
a_6090,25,0
a_6091,3,0
a_6092,49,0
a_6093,25,0
a_6094,25,0
a_6095,36,0
a_6096,3,0
a_6097,3,0
a_6098,3,0
a_6099,3,0
a_61,2,0
a_610,29,0
a_6100,31,0
a_6101,49,0
a_6102,25,0
a_6103,3,0
a_6104,10,1
a_6105,49,0
a_6106,31,0
a_6107,31,0
a_6108,10,1
a_6109,3,0
a_611,2,0
a_6110,25,0
a_6111,31,0
a_6112,31,0
a_6113,36,0
a_6114,36,0
a_6115,3,0
a_6116,36,0
a_6117,25,0
a_6118,36,0
a_6119,36,0
a_612,29,0
a_6120,25,0
a_6121,31,0
a_6122,3,0
a_6123,31,0
a_6124,25,0
a_6125,3,0
a_6126,3,0
a_6127,3,0
a_6128,3,0
a_6129,3,0
a_613,29,0
a_6130,3,0
a_6131,31,0
a_6132,36,0
a_6133,31,0
a_6134,36,0
a_6135,36,0
a_6136,25,0
a_6137,25,0
a_6138,49,0
a_6139,3,0
a_614,29,0
a_6140,36,0
a_6141,31,0
a_6142,3,0
a_6143,31,0
a_6144,25,0
a_6145,25,0
a_6146,3,0
a_6147,31,0
a_6148,49,0
a_6149,36,0
a_615,44,0
a_6150,3,0
a_6151,3,0
a_6152,25,0
a_6153,25,0
a_6154,36,0
a_6155,49,0
a_6156,31,0
a_6157,36,0
a_6158,36,0
a_6159,25,0
a_616,7,0
a_6160,3,0
a_6161,31,0
a_6162,25,0
a_6163,25,0
a_6164,31,0
a_6165,49,0
a_6166,31,0
a_6167,31,0
a_6168,31,0
a_6169,31,0
a_617,29,0
a_6170,36,0
a_6171,36,0
a_6172,49,0
a_6173,31,0
a_6174,3,0
a_6175,25,0
a_6177,36,0
a_6178,31,0
a_6179,25,0
a_618,11,0
a_6180,3,0
a_6181,3,0
a_6182,3,0
a_6183,36,0
a_6184,25,0
a_6185,25,0
a_6186,49,0
a_6187,3,0
a_6188,3,0
a_6189,31,0
a_619,29,0
a_6190,36,0
a_6191,25,0
a_6192,31,0
a_6193,25,0
a_6194,36,0
a_6195,31,0
a_6196,31,0
a_6197,3,0
a_6198,25,0
a_6199,36,0
a_62,7,0
a_620,44,0
a_6200,3,0
a_6201,25,0
a_6202,36,0
a_6203,49,0
a_6204,31,0
a_6205,10,1
a_6206,36,0
a_6207,3,0
a_6208,36,0
a_6209,31,0
a_621,29,0
a_6210,31,0
a_6211,49,0
a_6212,49,0
a_6213,36,0
a_6214,3,0
a_6215,3,0
a_6216,3,0
a_6217,10,1
a_6218,31,0
a_6219,3,0
a_622,7,0
a_6220,31,0
a_6221,31,0
a_6222,36,0
a_6223,25,0
a_6224,49,0
a_6225,36,0
a_6226,36,0
a_6227,36,0
a_6228,25,0
a_6229,36,0
a_623,7,0
a_6230,36,0
a_6231,25,0
a_6232,31,0
a_6233,25,0
a_6234,36,0
a_6235,25,0
a_6236,36,0
a_6237,25,0
a_6238,36,0
a_6239,36,0
a_624,11,0
a_6240,36,0
a_6241,36,0
a_6242,36,0
a_6243,25,0
a_6244,36,0
a_6245,3,0
a_6246,25,0
a_6247,25,0
a_6248,31,0
a_6249,25,0
a_625,7,0
a_6250,31,0
a_6251,31,0
a_6252,31,0
a_6253,49,0
a_6254,25,0
a_6255,10,1
a_6256,36,0
a_6257,31,0
a_6258,3,0
a_6259,10,1
a_626,7,0
a_6260,3,0
a_6261,36,0
a_6262,36,0
a_6263,10,1
a_6264,31,0
a_6265,36,0
a_6266,25,0
a_6267,3,0
a_6268,49,0
a_6269,31,0
a_627,29,0
a_6270,25,0
a_6271,31,0
a_6272,3,0
a_6273,3,0
a_6274,36,0
a_6275,3,0
a_6276,31,0
a_6277,3,0
a_6278,36,0
a_6279,25,0
a_628,11,0
a_6280,25,0
a_6281,36,0
a_6282,36,0
a_6283,36,0
a_6284,10,1
a_6285,25,0
a_6286,25,0
a_6287,36,0
a_6288,31,0
a_6289,25,0
a_629,11,0
a_6290,25,0
a_6291,36,0
a_6292,36,0
a_6293,36,0
a_6294,3,0
a_6295,31,0
a_6296,49,0
a_6298,25,0
a_6299,49,0
a_63,2,0
a_630,7,0
a_6300,36,0
a_6301,31,0
a_6302,25,0
a_6303,25,0
a_6304,31,0
a_6305,31,0
a_6306,31,0
a_6307,31,0
a_6308,36,0
a_6309,3,0
a_631,29,0
a_6310,49,0
a_6311,25,0
a_6312,25,0
a_6313,49,0
a_6314,3,0
a_6315,3,0
a_6316,25,0
a_6317,31,0
a_6318,49,0
a_6319,25,0
a_632,11,0
a_6320,3,0
a_6321,49,0
a_6322,3,0
a_6323,3,0
a_6324,3,0
a_6325,36,0
a_6326,31,0
a_6327,36,0
a_6328,31,0
a_6329,36,0
a_633,11,0
a_6330,25,0
a_6331,25,0
a_6332,3,0
a_6333,49,0
a_6334,31,0
a_6335,25,0
a_6336,25,0
a_6337,3,0
a_6338,36,0
a_6339,31,0
a_634,29,0
a_6340,49,0
a_6341,36,0
a_6342,31,0
a_6343,25,0
a_6344,36,0
a_6345,31,0
a_6346,3,0
a_6347,36,0
a_6348,49,0
a_635,11,0
a_6350,36,0
a_6351,31,0
a_6352,36,0
a_6353,31,0
a_6354,31,0
a_6355,25,0
a_6356,36,0
a_6357,36,0
a_6358,3,0
a_6359,25,0
a_636,29,0
a_6360,31,0
a_6361,36,0
a_6362,25,0
a_6363,31,0
a_6364,3,0
a_6365,36,0
a_6366,25,0
a_6367,25,0
a_6368,25,0
a_6369,36,0
a_637,2,0
a_6370,49,0
a_6371,25,0
a_6372,36,0
a_6373,36,0
a_6374,31,0
a_6375,31,0
a_6376,25,0
a_6377,25,0
a_6378,36,0
a_6379,25,0
a_638,11,0
a_6380,3,0
a_6381,36,0
a_6382,49,0
a_6383,10,1
a_6384,36,0
a_6385,25,0
a_6386,31,0
a_6387,49,0
a_6388,36,0
a_6389,25,0
a_639,11,0
a_6390,3,0
a_6391,36,0
a_6392,3,0
a_6393,25,0
a_6394,31,0
a_6395,3,0
a_6396,3,0
a_6397,31,0
a_6398,3,0
a_6399,36,0
a_64,29,0
a_640,11,0
a_6400,3,0
a_6401,49,0
a_6402,36,0
a_6403,3,0
a_6404,25,0
a_6405,25,0
a_6406,3,0
a_6407,36,0
a_6408,25,0
a_6409,3,0
a_641,29,0
a_6410,3,0
a_6411,25,0
a_6412,31,0
a_6413,3,0
a_6414,25,0
a_6415,3,0
a_6416,36,0
a_6417,31,0
a_6418,3,0
a_6419,49,0
a_642,11,0
a_6420,3,0
a_6421,25,0
a_6422,25,0
a_6423,25,0
a_6424,49,0
a_6425,36,0
a_6426,31,0
a_6427,36,0
a_6428,36,0
a_6429,31,0
a_643,11,0
a_6430,25,0
a_6431,31,0
a_6432,25,0
a_6433,25,0
a_6434,31,0
a_6435,25,0
a_6436,3,0
a_6437,36,0
a_6438,25,0
a_6439,31,0
a_644,29,0
a_6440,31,0
a_6441,3,0
a_6442,36,0
a_6443,31,0
a_6444,31,0
a_6445,25,0
a_6446,25,0
a_6447,49,0
a_6448,31,0
a_6449,31,0
a_645,7,0
a_6450,25,0
a_6451,3,0
a_6452,3,0
a_6453,36,0
a_6454,3,0
a_6455,36,0
a_6456,31,0
a_6457,3,0
a_6458,3,0
a_6459,25,0
a_646,2,0
a_6460,25,0
a_6461,10,1
a_6462,10,1
a_6463,31,0
a_6464,3,0
a_6465,31,0
a_6466,25,0
a_6467,36,0
a_6468,49,0
a_6469,25,0
a_647,29,0
a_6470,31,0
a_6471,3,0
a_6472,25,0
a_6473,3,0
a_6474,25,0
a_6475,10,1
a_6476,49,0
a_6477,25,0
a_6478,31,0
a_6479,3,0
a_648,29,0
a_6480,36,0
a_6481,36,0
a_6482,31,0
a_6483,3,0
a_6484,25,0
a_6486,25,0
a_6487,3,0
a_6488,25,0
a_6489,3,0
a_649,29,0
a_6490,36,0
a_6491,31,0
a_6492,36,0
a_6493,31,0
a_6494,25,0
a_6495,36,0
a_6496,36,0
a_6497,3,0
a_6498,36,0
a_6499,49,0
a_65,7,0
a_650,7,0
a_6500,25,0
a_6501,49,0
a_6502,31,0
a_6503,3,0
a_6504,36,0
a_6505,3,0
a_6506,10,1
a_6507,36,0
a_6508,31,0
a_6509,25,0
a_651,44,0
a_6510,36,0
a_6511,25,0
a_6512,25,0
a_6513,31,0
a_6514,36,0
a_6515,3,0
a_6516,31,0
a_6517,31,0
a_6518,36,0
a_6519,36,0
a_652,11,0
a_6520,49,0
a_6521,31,0
a_6522,25,0
a_6523,49,0
a_6524,3,0
a_6525,49,0
a_6526,36,0
a_6527,36,0
a_6528,31,0
a_6529,10,1
a_653,11,0
a_6530,10,1
a_6531,3,0
a_6532,3,0
a_6533,36,0
a_6534,36,0
a_6535,31,0
a_6536,31,0
a_6537,31,0
a_6538,3,0
a_6539,25,0
a_654,11,0
a_6540,3,0
a_6541,25,0
a_6542,31,0
a_6543,49,0
a_6544,31,0
a_6545,36,0
a_6546,36,0
a_6547,49,0
a_6548,49,0
a_6549,31,0
a_655,29,0
a_6550,49,0
a_6551,25,0
a_6552,49,0
a_6553,36,0
a_6554,3,0
a_6555,36,0
a_6556,3,0
a_6557,3,0
a_6558,36,0
a_6559,3,0
a_656,29,0
a_6560,36,0
a_6561,31,0
a_6562,25,0
a_6563,36,0
a_6564,25,0
a_6565,36,0
a_6566,3,0
a_6567,36,0
a_6568,3,0
a_6569,31,0
a_657,11,0
a_6570,36,0
a_6571,25,0
a_6572,36,0
a_6573,3,0
a_6574,31,0
a_6575,3,0
a_6576,25,0
a_6577,25,0
a_6578,25,0
a_6579,49,0
a_658,44,0
a_6580,49,0
a_6581,25,0
a_6582,36,0
a_6583,36,0
a_6584,36,0
a_6585,36,0
a_6586,36,0
a_6587,25,0
a_6588,36,0
a_6589,36,0
a_659,7,0
a_6590,31,0
a_6591,25,0
a_6592,31,0
a_6593,25,0
a_6594,36,0
a_6595,3,0
a_6596,25,0
a_6597,36,0
a_6598,25,0
a_6599,25,0
a_66,11,0
a_660,7,0
a_6600,31,0
a_6601,3,0
a_6602,36,0
a_6603,25,0
a_6604,25,0
a_6605,25,0
a_6607,3,0
a_6608,36,0
a_6609,25,0
a_661,44,0
a_6610,31,0
a_6611,10,1
a_6612,49,0
a_6613,31,0
a_6614,36,0
a_6615,36,0
a_6616,31,0
a_6617,3,0
a_6618,31,0
a_6619,36,0
a_662,29,0
a_6620,25,0
a_6621,25,0
a_6622,31,0
a_6623,36,0
a_6624,25,0
a_6625,36,0
a_6626,25,0
a_6627,49,0
a_6628,25,0
a_6629,31,0
a_663,29,0
a_6630,25,0
a_6631,25,0
a_6632,36,0
a_6633,3,0
a_6634,25,0
a_6635,36,0
a_6636,10,1
a_6637,36,0
a_6638,49,0
a_6639,25,0
a_664,2,0
a_6640,25,0
a_6641,36,0
a_6642,36,0
a_6643,3,0
a_6644,31,0
a_6645,25,0
a_6646,25,0
a_6647,3,0
a_6648,31,0
a_6649,10,1
a_665,7,0
a_6650,36,0
a_6651,3,0
a_6652,31,0
a_6653,3,0
a_6654,25,0
a_6655,3,0
a_6656,31,0
a_6657,3,0
a_6658,49,0
a_6659,49,0
a_666,44,0
a_6660,3,0
a_6661,31,0
a_6662,3,0
a_6663,49,0
a_6664,25,0
a_6665,3,0
a_6666,36,0
a_6667,31,0
a_6668,36,0
a_6669,3,0
a_667,29,0
a_6670,31,0
a_6671,31,0
a_6672,25,0
a_6673,25,0
a_6674,31,0
a_6675,36,0
a_6676,25,0
a_6677,25,0
a_6678,3,0
a_6679,3,0
a_668,7,0
a_6680,36,0
a_6681,25,0
a_6682,49,0
a_6683,3,0
a_6684,36,0
a_6685,25,0
a_6686,36,0
a_6687,31,0
a_6688,25,0
a_6689,31,0
a_669,29,0
a_6690,25,0
a_6691,49,0
a_6692,3,0
a_6693,3,0
a_6694,25,0
a_6695,25,0
a_6696,3,0
a_6697,25,0
a_6698,36,0
a_6699,25,0
a_67,29,0
a_670,11,0
a_6700,36,0
a_6701,31,0
a_6702,36,0
a_6703,25,0
a_6704,36,0
a_6705,36,0
a_6706,31,0
a_6707,3,0
a_6708,36,0
a_6709,3,0
a_671,29,0
a_6710,3,0
a_6711,36,0
a_6712,25,0
a_6713,25,0
a_6714,36,0
a_6715,36,0
a_6716,31,0
a_6717,3,0
a_6718,49,0
a_6719,49,0
a_672,11,0
a_6720,36,0
a_6721,36,0
a_6722,36,0
a_6723,10,1
a_6724,25,0
a_6725,25,0
a_6726,31,0
a_6727,3,0
a_6729,25,0
a_673,2,0
a_6730,25,0
a_6731,36,0
a_6732,49,0
a_6733,3,0
a_6734,31,0
a_6735,36,0
a_6736,3,0
a_6737,3,0
a_6738,25,0
a_6739,3,0
a_674,11,0
a_6740,36,0
a_6741,36,0
a_6742,36,0
a_6743,36,0
a_6744,25,0
a_6745,31,0
a_6746,3,0
a_6747,36,0
a_6748,3,0
a_6749,31,0
a_675,44,0
a_6750,46,1
a_6751,3,0
a_6752,49,0
a_6753,25,0
a_6754,3,0
a_6755,31,0
a_6757,3,0
a_6758,49,0
a_6759,3,0
a_676,2,0
a_6760,49,0
a_6761,36,0
a_6762,25,0
a_6763,31,0
a_6764,25,0
a_6765,31,0
a_6766,36,0
a_6767,3,0
a_6768,49,0
a_6769,36,0
a_677,7,0
a_6770,36,0
a_6771,3,0
a_6772,36,0
a_6773,49,0
a_6774,25,0
a_6775,3,0
a_6776,36,0
a_6777,25,0
a_6778,36,0
a_6779,3,0
a_678,11,0
a_6780,3,0
a_6781,36,0
a_6782,3,0
a_6783,31,0
a_6784,49,0
a_6785,49,0
a_6786,3,0
a_6787,3,0
a_6788,31,0
a_6789,25,0
a_679,11,0
a_6790,25,0
a_6791,3,0
a_6792,31,0
a_6793,36,0
a_6794,3,0
a_6795,31,0
a_6796,25,0
a_6797,3,0
a_6798,25,0
a_6799,36,0
a_68,7,0
a_680,11,0
a_6800,36,0
a_6801,36,0
a_6802,25,0
a_6803,25,0
a_6804,3,0
a_6805,25,0
a_6806,3,0
a_6807,31,0
a_6808,25,0
a_6809,3,0
a_681,29,0
a_6810,3,0
a_6811,31,0
a_6812,49,0
a_6813,3,0
a_6814,36,0
a_6815,31,0
a_6816,36,0
a_6817,36,0
a_6818,25,0
a_6819,31,0
a_682,29,0
a_6820,25,0
a_6821,25,0
a_6822,25,0
a_6823,31,0
a_6824,3,0
a_6825,31,0
a_6826,25,0
a_6827,31,0
a_6828,3,0
a_6829,3,0
a_683,11,0
a_6830,49,0
a_6831,3,0
a_6832,49,0
a_6833,3,0
a_6834,36,0
a_6835,31,0
a_6836,25,0
a_6837,3,0
a_6838,31,0
a_6839,31,0
a_684,2,0
a_6840,31,0
a_6841,36,0
a_6842,25,0
a_6843,3,0
a_6844,3,0
a_6845,25,0
a_6846,36,0
a_6847,36,0
a_6848,31,0
a_6849,25,0
a_685,11,0
a_6850,25,0
a_6851,36,0
a_6852,25,0
a_6853,3,0
a_6854,31,0
a_6855,3,0
a_6856,49,0
a_6857,31,0
a_6858,31,0
a_6859,31,0
a_686,7,0
a_6860,31,0
a_6861,49,0
a_6862,36,0
a_6863,36,0
a_6864,49,0
a_6865,31,0
a_6866,36,0
a_6867,36,0
a_6868,36,0
a_6869,36,0
a_687,7,0
a_6870,3,0
a_6871,3,0
a_6872,49,0
a_6873,36,0
a_6874,36,0
a_6875,25,0
a_6876,49,0
a_6877,49,0
a_6878,25,0
a_6879,3,0
a_688,7,0
a_6880,25,0
a_6881,25,0
a_6882,3,0
a_6883,25,0
a_6884,36,0
a_6885,49,0
a_6886,36,0
a_6887,25,0
a_6888,3,0
a_6889,36,0
a_689,44,0
a_6890,3,0
a_6891,36,0
a_6892,3,0
a_6893,36,0
a_6894,10,1
a_6895,36,0
a_6896,49,0
a_6897,31,0
a_6898,3,0
a_6899,25,0
a_69,44,0
a_690,29,0
a_6900,36,0
a_6901,31,0
a_6902,3,0
a_6903,3,0
a_6904,25,0
a_6905,49,0
a_6906,10,1
a_6907,31,0
a_6908,31,0
a_6909,31,0
a_691,44,0
a_6911,25,0
a_6912,31,0
a_6913,25,0
a_6914,25,0
a_6915,25,0
a_6916,25,0
a_6917,25,0
a_6918,31,0
a_6919,25,0
a_692,44,0
a_6920,49,0
a_6921,31,0
a_6922,3,0
a_6923,3,0
a_6924,3,0
a_6925,31,0
a_6926,49,0
a_6927,31,0
a_6928,25,0
a_6929,36,0
a_693,29,0
a_6930,31,0
a_6931,31,0
a_6932,31,0
a_6933,31,0
a_6934,31,0
a_6935,36,0
a_6936,49,0
a_6937,25,0
a_6938,31,0
a_6939,31,0
a_694,7,0
a_6940,31,0
a_6941,10,1
a_6942,36,0
a_6943,36,0
a_6944,3,0
a_6945,10,1
a_6946,36,0
a_6947,36,0
a_6948,36,0
a_6949,25,0
a_695,44,0
a_6950,36,0
a_6951,3,0
a_6952,36,0
a_6953,25,0
a_6954,25,0
a_6955,25,0
a_6956,31,0
a_6957,25,0
a_6958,10,1
a_6959,36,0
a_696,7,0
a_6960,36,0
a_6961,3,0
a_6962,49,0
a_6963,3,0
a_6964,25,0
a_6965,36,0
a_6966,36,0
a_6967,31,0
a_6968,49,0
a_6969,3,0
a_697,11,0
a_6970,31,0
a_6971,36,0
a_6972,25,0
a_6973,31,0
a_6974,36,0
a_6975,36,0
a_6976,3,0
a_6977,25,0
a_6978,25,0
a_6979,25,0
a_698,7,0
a_6980,36,0
a_6981,10,1
a_6982,36,0
a_6983,25,0
a_6984,3,0
a_6985,3,0
a_6986,36,0
a_6987,36,0
a_6988,3,0
a_6989,49,0
a_699,11,0
a_6990,31,0
a_6991,25,0
a_6992,3,0
a_6993,31,0
a_6994,3,0
a_6995,3,0
a_6996,36,0
a_6997,3,0
a_6998,49,0
a_6999,3,0
a_7,11,0
a_70,2,0
a_700,2,0
a_7000,31,0
a_7001,3,0
a_7002,10,1
a_7003,36,0
a_7004,49,0
a_7005,3,0
a_7006,3,0
a_7007,3,0
a_7008,3,0
a_7009,25,0
a_701,2,0
a_7010,36,0
a_7011,36,0
a_7012,3,0
a_7013,3,0
a_7014,31,0
a_7015,36,0
a_7016,25,0
a_7017,25,0
a_7018,31,0
a_7019,25,0
a_702,44,0
a_7020,3,0
a_7021,25,0
a_7022,31,0
a_7023,36,0
a_7024,49,0
a_7025,3,0
a_7026,3,0
a_7027,3,0
a_7028,36,0
a_7029,3,0
a_703,2,0
a_7030,36,0
a_7031,3,0
a_7032,36,0
a_7033,36,0
a_7034,3,0
a_7035,31,0
a_7036,3,0
a_7037,31,0
a_7038,25,0
a_7039,3,0
a_704,44,0
a_7040,31,0
a_7041,49,0
a_7042,36,0
a_7043,3,0
a_7044,25,0
a_7045,36,0
a_7046,31,0
a_7047,36,0
a_7048,25,0
a_7049,25,0
a_705,7,0
a_7050,36,0
a_7051,25,0
a_7052,3,0
a_7053,31,0
a_7054,36,0
a_7055,3,0
a_7056,25,0
a_7057,36,0
a_7058,25,0
a_7059,25,0
a_706,11,0
a_7060,36,0
a_7061,10,1
a_7062,31,0
a_7063,10,1
a_7064,36,0
a_7065,49,0
a_7066,36,0
a_7067,36,0
a_7068,49,0
a_7069,31,0
a_707,7,0
a_7070,36,0
a_7071,31,0
a_7072,36,0
a_7073,49,0
a_7074,25,0
a_7075,25,0
a_7076,3,0
a_7077,3,0
a_7078,3,0
a_7079,25,0
a_708,44,0
a_7080,49,0
a_7081,36,0
a_7082,36,0
a_7083,3,0
a_7084,25,0
a_7085,31,0
a_7086,3,0
a_7087,49,0
a_7088,31,0
a_7089,25,0
a_709,11,0
a_7090,31,0
a_7091,31,0
a_7092,3,0
a_7093,25,0
a_7094,25,0
a_7095,10,1
a_7096,31,0
a_7097,36,0
a_7098,49,0
a_7099,25,0
a_71,11,0
a_710,7,0
a_7100,25,0
a_7101,31,0
a_7102,36,0
a_7103,36,0
a_7104,49,0
a_7105,49,0
a_7106,3,0
a_7107,36,0
a_7108,31,0
a_7109,3,0
a_711,11,0
a_7110,25,0
a_7111,31,0
a_7112,31,0
a_7113,25,0
a_7114,3,0
a_7115,3,0
a_7116,25,0
a_7117,3,0
a_7118,36,0
a_7119,36,0
a_712,7,0
a_7120,36,0
a_7121,36,0
a_7122,36,0
a_7123,31,0
a_7124,36,0
a_7125,36,0
a_7126,36,0
a_7127,25,0
a_7128,36,0
a_7129,3,0
a_713,2,0
a_7130,3,0
a_7131,25,0
a_7132,3,0
a_7133,25,0
a_7134,36,0
a_7135,31,0
a_7136,25,0
a_7137,3,0
a_7138,25,0
a_7139,36,0
a_714,7,0
a_7140,36,0
a_7141,49,0
a_7142,3,0
a_7143,25,0
a_7144,25,0
a_7145,31,0
a_7146,3,0
a_7147,10,1
a_7148,31,0
a_7149,49,0
a_715,7,0
a_7150,25,0
a_7151,3,0
a_7152,25,0
a_7153,31,0
a_7154,25,0
a_7155,49,0
a_7156,25,0
a_7157,36,0
a_7158,36,0
a_7159,36,0
a_716,11,0
a_7160,31,0
a_7161,3,0
a_7162,36,0
a_7163,25,0
a_7164,36,0
a_7165,25,0
a_7166,36,0
a_7167,25,0
a_7168,36,0
a_717,11,0
a_7170,3,0
a_7171,25,0
a_7172,3,0
a_7173,25,0
a_7174,3,0
a_7175,25,0
a_7176,49,0
a_7177,25,0
a_7178,31,0
a_7179,25,0
a_718,7,0
a_7180,25,0
a_7181,25,0
a_7182,36,0
a_7183,25,0
a_7184,3,0
a_7185,36,0
a_7186,10,1
a_7187,25,0
a_7188,36,0
a_7189,25,0
a_719,44,0
a_7190,3,0
a_7191,31,0
a_7192,49,0
a_7193,31,0
a_7194,25,0
a_7195,49,0
a_7196,25,0
a_7197,36,0
a_7198,36,0
a_7199,10,1
a_72,11,0
a_720,11,0
a_7200,3,0
a_7201,25,0
a_7202,25,0
a_7203,10,1
a_7205,10,1
a_7206,31,0
a_7207,25,0
a_7208,3,0
a_7209,31,0
a_721,7,0
a_7210,3,0
a_7211,36,0
a_7212,25,0
a_7213,3,0
a_7214,36,0
a_7215,36,0
a_7216,10,1
a_7217,31,0
a_7218,36,0
a_7219,36,0
a_722,7,0
a_7220,36,0
a_7221,49,0
a_7222,49,0
a_7223,3,0
a_7224,36,0
a_7225,36,0
a_7226,36,0
a_7227,36,0
a_7228,25,0
a_7229,31,0
a_723,44,0
a_7230,25,0
a_7231,31,0
a_7232,25,0
a_7233,36,0
a_7234,49,0
a_7235,3,0
a_7236,25,0
a_7237,31,0
a_7238,3,0
a_7239,31,0
a_724,7,0
a_7240,25,0
a_7241,36,0
a_7242,25,0
a_7243,25,0
a_7244,25,0
a_7245,36,0
a_7246,36,0
a_7247,25,0
a_7248,49,0
a_7249,3,0
a_725,29,0
a_7250,36,0
a_7251,10,1
a_7252,3,0
a_7253,3,0
a_7254,36,0
a_7255,49,0
a_7256,36,0
a_7257,25,0
a_7258,49,0
a_7259,3,0
a_726,11,0
a_7260,25,0
a_7261,25,0
a_7262,31,0
a_7263,3,0
a_7264,49,0
a_7265,3,0
a_7266,10,1
a_7267,25,0
a_7268,36,0
a_7269,3,0
a_727,44,0
a_7270,3,0
a_7271,36,0
a_7272,36,0
a_7273,49,0
a_7274,10,1
a_7275,36,0
a_7276,31,0
a_7277,3,0
a_7278,25,0
a_7279,36,0
a_728,11,0
a_7280,3,0
a_7281,25,0
a_7282,36,0
a_7283,31,0
a_7284,3,0
a_7285,25,0
a_7286,3,0
a_7287,36,0
a_7288,3,0
a_7289,36,0
a_729,29,0
a_7290,49,0
a_7291,25,0
a_7292,25,0
a_7293,36,0
a_7294,31,0
a_7295,25,0
a_7296,31,0
a_7297,36,0
a_7298,36,0
a_7299,10,1
a_73,11,0
a_730,44,0
a_7300,36,0
a_7301,3,0
a_7302,49,0
a_7303,25,0
a_7304,49,0
a_7305,31,0
a_7306,3,0
a_7307,36,0
a_7308,31,0
a_7309,10,1
a_731,2,0
a_7310,31,0
a_7311,25,0
a_7312,3,0
a_7313,31,0
a_7314,36,0
a_7315,36,0
a_7316,36,0
a_7317,25,0
a_7318,49,0
a_7319,25,0
a_732,11,0
a_7320,3,0
a_7321,36,0
a_7322,3,0
a_7323,25,0
a_7324,31,0
a_7325,36,0
a_7326,36,0
a_7327,31,0
a_7328,31,0
a_7329,3,0
a_733,7,0
a_7330,25,0
a_7331,25,0
a_7332,36,0
a_7333,31,0
a_7334,36,0
a_7335,3,0
a_7336,3,0
a_7337,25,0
a_7338,31,0
a_7339,31,0
a_734,44,0
a_7340,3,0
a_7341,36,0
a_7342,3,0
a_7343,36,0
a_7344,25,0
a_7345,25,0
a_7346,3,0
a_7347,36,0
a_7348,3,0
a_7349,3,0
a_735,7,0
a_7350,36,0
a_7351,25,0
a_7352,36,0
a_7353,10,1
a_7354,25,0
a_7355,3,0
a_7356,49,0
a_7357,3,0
a_7358,31,0
a_7359,36,0
a_736,11,0
a_7360,36,0
a_7361,31,0
a_7362,3,0
a_7363,10,1
a_7364,10,1
a_7365,36,0
a_7366,3,0
a_7367,3,0
a_7368,36,0
a_7369,25,0
a_737,11,0
a_7370,49,0
a_7371,36,0
a_7372,31,0
a_7373,36,0
a_7374,3,0
a_7375,3,0
a_7376,36,0
a_7377,25,0
a_7379,25,0
a_738,11,0
a_7380,31,0
a_7381,36,0
a_7382,49,0
a_7383,49,0
a_7384,3,0
a_7385,3,0
a_7386,36,0
a_7387,36,0
a_7388,49,0
a_7389,25,0
a_739,7,0
a_7390,25,0
a_7391,25,0
a_7392,3,0
a_7393,3,0
a_7394,36,0
a_7395,25,0
a_7396,3,0
a_7397,36,0
a_7398,36,0
a_7399,25,0
a_74,29,0
a_740,11,0
a_7400,3,0
a_7401,36,0
a_7402,25,0
a_7403,31,0
a_7404,36,0
a_7405,36,0
a_7406,10,1
a_7407,36,0
a_7408,3,0
a_7409,31,0
a_741,29,0
a_7411,25,0
a_7412,25,0
a_7413,25,0
a_7414,25,0
a_7415,3,0
a_7416,3,0
a_7417,31,0
a_7418,25,0
a_7419,3,0
a_742,29,0
a_7420,25,0
a_7421,3,0
a_7422,36,0
a_7423,3,0
a_7424,31,0
a_7425,31,0
a_7426,3,0
a_7427,31,0
a_7428,31,0
a_7429,25,0
a_743,11,0
a_7430,36,0
a_7431,36,0
a_7432,3,0
a_7433,3,0
a_7434,49,0
a_7435,25,0
a_7436,3,0
a_7437,3,0
a_7438,25,0
a_7439,36,0
a_744,29,0
a_7440,3,0
a_7441,3,0
a_7442,36,0
a_7443,49,0
a_7444,3,0
a_7445,31,0
a_7446,36,0
a_7447,10,1
a_7449,25,0
a_745,44,0
a_7450,31,0
a_7451,49,0
a_7452,3,0
a_7453,49,0
a_7454,10,1
a_7455,3,0
a_7456,3,0
a_7457,49,0
a_7458,31,0
a_746,2,0
a_7460,49,0
a_7461,25,0
a_7462,25,0
a_7463,3,0
a_7464,3,0
a_7465,25,0
a_7466,31,0
a_7467,31,0
a_7468,3,0
a_7469,31,0
a_747,29,0
a_7470,36,0
a_7471,36,0
a_7472,31,0
a_7473,31,0
a_7474,49,0
a_7475,3,0
a_7476,36,0
a_7477,25,0
a_7478,3,0
a_7479,31,0
a_748,11,0
a_7480,3,0
a_7481,36,0
a_7482,31,0
a_7483,36,0
a_7484,36,0
a_7485,49,0
a_7486,31,0
a_7487,36,0
a_7488,3,0
a_7489,25,0
a_749,44,0
a_7490,36,0
a_7491,25,0
a_7492,31,0
a_7493,25,0
a_7494,3,0
a_7495,31,0
a_7496,31,0
a_7497,49,0
a_7498,25,0
a_7499,25,0
a_75,7,0
a_750,11,0
a_7500,3,0
a_7501,3,0
a_7502,31,0
a_7503,25,0
a_7504,25,0
a_7505,25,0
a_7506,31,0
a_7507,36,0
a_7508,25,0
a_7509,49,0
a_751,44,0
a_7510,25,0
a_7511,3,0
a_7512,31,0
a_7513,31,0
a_7514,31,0
a_7515,3,0
a_7516,36,0
a_7517,36,0
a_7518,25,0
a_7519,36,0
a_752,29,0
a_7520,36,0
a_7521,25,0
a_7522,49,0
a_7523,36,0
a_7524,36,0
a_7525,25,0
a_7526,25,0
a_7527,25,0
a_7528,36,0
a_7529,31,0
a_753,2,0
a_7530,25,0
a_7531,49,0
a_7532,31,0
a_7533,36,0
a_7534,31,0
a_7535,25,0
a_7536,31,0
a_7537,31,0
a_7538,3,0
a_7539,3,0
a_754,29,0
a_7540,3,0
a_7541,25,0
a_7542,3,0
a_7543,25,0
a_7544,25,0
a_7545,3,0
a_7546,25,0
a_7547,49,0
a_7548,25,0
a_7549,25,0
a_755,29,0
a_7550,3,0
a_7551,3,0
a_7552,49,0
a_7553,25,0
a_7554,49,0
a_7555,3,0
a_7556,31,0
a_7557,25,0
a_7558,36,0
a_7559,49,0
a_756,11,0
a_7560,10,1
a_7561,49,0
a_7562,25,0
a_7563,31,0
a_7564,3,0
a_7565,3,0
a_7566,31,0
a_7567,31,0
a_7568,3,0
a_7569,25,0
a_757,7,0
a_7570,3,0
a_7571,3,0
a_7572,31,0
a_7573,25,0
a_7574,31,0
a_7575,3,0
a_7576,3,0
a_7577,36,0
a_7578,3,0
a_7579,36,0
a_758,29,0
a_7580,36,0
a_7581,25,0
a_7582,3,0
a_7583,25,0
a_7584,36,0
a_7585,31,0
a_7586,31,0
a_7587,36,0
a_7588,3,0
a_7589,36,0
a_759,11,0
a_7590,25,0
a_7591,3,0
a_7592,36,0
a_7593,25,0
a_7594,25,0
a_7595,36,0
a_7596,36,0
a_7597,31,0
a_7598,36,0
a_7599,25,0
a_76,7,0
a_760,11,0
a_7600,31,0
a_7601,31,0
a_7602,49,0
a_7603,3,0
a_7604,36,0
a_7605,25,0
a_7606,25,0
a_7607,49,0
a_7608,25,0
a_7609,25,0
a_761,11,0
a_7610,25,0
a_7611,49,0
a_7612,49,0
a_7613,25,0
a_7614,31,0
a_7615,25,0
a_7616,36,0
a_7617,31,0
a_7618,36,0
a_7619,3,0
a_762,29,0
a_7620,25,0
a_7621,31,0
a_7622,3,0
a_7623,49,0
a_7624,31,0
a_7625,3,0
a_7626,31,0
a_7627,3,0
a_7628,3,0
a_7629,36,0
a_763,11,0
a_7630,31,0
a_7631,25,0
a_7632,25,0
a_7633,36,0
a_7634,3,0
a_7635,36,0
a_7636,25,0
a_7637,36,0
a_7638,49,0
a_7639,49,0
a_764,11,0
a_7640,36,0
a_7641,36,0
a_7642,36,0
a_7643,49,0
a_7644,36,0
a_7645,36,0
a_7647,31,0
a_7649,25,0
a_765,11,0
a_7650,10,1
a_7651,3,0
a_7652,25,0
a_7653,3,0
a_7654,31,0
a_7655,25,0
a_7656,3,0
a_7657,25,0
a_7658,3,0
a_7659,3,0
a_766,11,0
a_7660,49,0
a_7661,3,0
a_7662,3,0
a_7663,3,0
a_7664,25,0
a_7665,10,1
a_7666,3,0
a_7667,3,0
a_7668,3,0
a_7669,36,0
a_767,29,0
a_7670,3,0
a_7671,31,0
a_7672,3,0
a_7673,36,0
a_7674,25,0
a_7675,25,0
a_7676,36,0
a_7677,49,0
a_7678,36,0
a_7679,36,0
a_768,44,0
a_7680,10,1
a_7681,36,0
a_7682,36,0
a_7683,36,0
a_7684,3,0
a_7685,25,0
a_7686,25,0
a_7687,31,0
a_7688,25,0
a_7689,3,0
a_769,2,0
a_7691,25,0
a_7692,36,0
a_7693,49,0
a_7694,36,0
a_7695,36,0
a_7696,36,0
a_7697,31,0
a_7698,36,0
a_7699,31,0
a_77,11,0
a_770,7,0
a_7700,25,0
a_7701,31,0
a_7702,3,0
a_7703,36,0
a_7704,49,0
a_7705,36,0
a_7706,25,0
a_7707,36,0
a_7708,36,0
a_7709,25,0
a_771,7,0
a_7710,3,0
a_7711,25,0
a_7712,3,0
a_7713,25,0
a_7714,36,0
a_7715,3,0
a_7716,25,0
a_7717,49,0
a_7718,25,0
a_7719,25,0
a_772,29,0
a_7720,3,0
a_7721,3,0
a_7722,31,0
a_7723,31,0
a_7724,31,0
a_7725,25,0
a_7726,36,0
a_7727,25,0
a_7728,3,0
a_7729,3,0
a_773,2,0
a_7730,31,0
a_7731,3,0
a_7732,36,0
a_7733,3,0
a_7734,31,0
a_7735,3,0
a_7736,25,0
a_7737,36,0
a_7738,3,0
a_7739,36,0
a_774,11,0
a_7740,3,0
a_7741,3,0
a_7742,3,0
a_7743,31,0
a_7744,31,0
a_7745,36,0
a_7746,3,0
a_7747,25,0
a_7748,31,0
a_7749,25,0
a_775,7,0
a_7750,36,0
a_7751,3,0
a_7752,25,0
a_7753,25,0
a_7754,25,0
a_7755,25,0
a_7756,25,0
a_7757,31,0
a_7758,49,0
a_7759,3,0
a_776,7,0
a_7760,3,0
a_7761,25,0
a_7762,49,0
a_7763,3,0
a_7764,3,0
a_7765,3,0
a_7766,36,0
a_7767,36,0
a_7768,3,0
a_7769,36,0
a_777,11,0
a_7770,3,0
a_7771,3,0
a_7772,3,0
a_7773,3,0
a_7774,3,0
a_7775,49,0
a_7776,25,0
a_7777,25,0
a_7778,36,0
a_7779,36,0
a_778,11,0
a_7780,3,0
a_7781,3,0
a_7782,25,0
a_7783,36,0
a_7784,3,0
a_7785,3,0
a_7786,3,0
a_7787,25,0
a_7788,25,0
a_7789,36,0
a_779,11,0
a_7790,36,0
a_7791,10,1
a_7792,31,0
a_7793,31,0
a_7794,25,0
a_7795,3,0
a_7796,49,0
a_7797,31,0
a_7798,31,0
a_7799,25,0
a_78,29,0
a_780,7,0
a_7800,25,0
a_7801,25,0
a_7802,49,0
a_7803,31,0
a_7804,36,0
a_7805,31,0
a_7806,3,0
a_7807,36,0
a_7808,25,0
a_7809,3,0
a_781,11,0
a_7810,31,0
a_7811,25,0
a_7812,31,0
a_7813,3,0
a_7814,3,0
a_7815,36,0
a_7816,31,0
a_7817,3,0
a_7818,31,0
a_7819,31,0
a_782,7,0
a_7820,31,0
a_7821,31,0
a_7822,36,0
a_7823,36,0
a_7824,49,0
a_7825,3,0
a_7826,49,0
a_7827,3,0
a_7828,3,0
a_7829,36,0
a_783,11,0
a_7830,31,0
a_7831,36,0
a_7832,49,0
a_7833,49,0
a_7834,49,0
a_7835,31,0
a_7836,31,0
a_7837,31,0
a_7838,3,0
a_7839,36,0
a_784,44,0
a_7840,49,0
a_7841,36,0
a_7842,3,0
a_7843,3,0
a_7844,3,0
a_7845,25,0
a_7846,36,0
a_7847,36,0
a_7848,25,0
a_7849,36,0
a_785,29,0
a_7850,25,0
a_7851,3,0
a_7852,49,0
a_7853,31,0
a_7854,3,0
a_7855,3,0
a_7856,31,0
a_7857,31,0
a_7858,31,0
a_7859,25,0
a_786,7,0
a_7860,25,0
a_7861,3,0
a_7862,3,0
a_7863,25,0
a_7864,36,0
a_7865,3,0
a_7866,49,0
a_7867,3,0
a_7868,49,0
a_7869,25,0
a_787,7,0
a_7870,3,0
a_7871,25,0
a_7872,36,0
a_7873,31,0
a_7874,49,0
a_7875,3,0
a_7876,49,0
a_7877,10,1
a_7878,3,0
a_7879,25,0
a_788,7,0
a_7880,25,0
a_7881,49,0
a_7882,25,0
a_7883,36,0
a_7884,36,0
a_7885,25,0
a_7886,25,0
a_7887,25,0
a_7888,31,0
a_7889,36,0
a_789,2,0
a_7890,10,1
a_7891,36,0
a_7892,3,0
a_7893,25,0
a_7894,36,0
a_7895,31,0
a_7896,31,0
a_7897,3,0
a_7898,36,0
a_7899,36,0
a_79,29,0
a_790,11,0
a_7900,49,0
a_7901,3,0
a_7902,36,0
a_7903,36,0
a_7904,36,0
a_7905,36,0
a_7906,36,0
a_7907,3,0
a_7908,3,0
a_7909,25,0
a_791,2,0
a_7910,25,0
a_7911,36,0
a_7912,25,0
a_7913,25,0
a_7914,36,0
a_7915,31,0
a_7916,49,0
a_7917,36,0
a_7918,3,0
a_7919,3,0
a_792,11,0
a_7920,3,0
a_7921,25,0
a_7922,36,0
a_7923,36,0
a_7924,25,0
a_7925,10,1
a_7926,49,0
a_7927,25,0
a_7928,3,0
a_7929,36,0
a_793,29,0
a_7930,3,0
a_7931,31,0
a_7932,25,0
a_7933,25,0
a_7934,49,0
a_7935,3,0
a_7936,10,1
a_7937,10,1
a_7938,36,0
a_7939,3,0
a_794,2,0
a_7940,3,0
a_7941,3,0
a_7942,25,0
a_7943,36,0
a_7944,36,0
a_7945,36,0
a_7946,3,0
a_7947,3,0
a_7948,31,0
a_7949,49,0
a_795,44,0
a_7950,3,0
a_7951,25,0
a_7952,25,0
a_7953,49,0
a_7954,3,0
a_7955,31,0
a_7956,31,0
a_7957,36,0
a_7958,36,0
a_7959,49,0
a_796,2,0
a_7960,36,0
a_7961,25,0
a_7962,36,0
a_7963,31,0
a_7964,36,0
a_7965,3,0
a_7966,3,0
a_7967,25,0
a_7968,3,0
a_7969,49,0
a_797,2,0
a_7970,25,0
a_7971,49,0
a_7972,36,0
a_7973,36,0
a_7974,25,0
a_7975,36,0
a_7976,3,0
a_7977,36,0
a_7978,3,0
a_7979,36,0
a_798,11,0
a_7980,49,0
a_7981,31,0
a_7982,36,0
a_7983,31,0
a_7984,25,0
a_7985,10,1
a_7986,3,0
a_7987,49,0
a_7988,49,0
a_7989,3,0
a_799,29,0
a_7990,3,0
a_7991,36,0
a_7992,49,0
a_7993,36,0
a_7994,25,0
a_7995,36,0
a_7996,3,0
a_7997,25,0
a_7998,49,0
a_7999,36,0
a_8,29,0
a_80,11,0
a_800,11,0
a_8000,31,0
a_8001,25,0
a_8002,25,0
a_8003,25,0
a_8004,3,0
a_8005,3,0
a_8006,3,0
a_8007,31,0
a_8008,31,0
a_8009,3,0
a_801,11,0
a_8010,3,0
a_8011,49,0
a_8012,25,0
a_8013,49,0
a_8014,25,0
a_8015,49,0
a_8016,49,0
a_8017,31,0
a_8018,31,0
a_8019,25,0
a_802,11,0
a_8020,10,1
a_8021,25,0
a_8022,3,0
a_8023,49,0
a_8024,36,0
a_8025,3,0
a_8026,3,0
a_8027,25,0
a_8028,36,0
a_8029,10,1
a_803,29,0
a_8030,31,0
a_8031,3,0
a_8032,3,0
a_8033,36,0
a_8034,49,0
a_8035,3,0
a_8036,31,0
a_8037,31,0
a_8038,31,0
a_8039,36,0
a_804,7,0
a_8040,25,0
a_8041,3,0
a_8042,31,0
a_8043,25,0
a_8044,49,0
a_8045,31,0
a_8046,3,0
a_8047,31,0
a_8048,25,0
a_8049,49,0
a_805,44,0
a_8050,3,0
a_8051,3,0
a_8052,36,0
a_8053,25,0
a_8054,10,1
a_8055,49,0
a_8056,36,0
a_8057,25,0
a_8058,36,0
a_8059,36,0
a_806,29,0
a_8060,36,0
a_8061,3,0
a_8062,3,0
a_8063,36,0
a_8064,36,0
a_8065,36,0
a_8066,3,0
a_8067,36,0
a_8068,10,1
a_8069,36,0
a_807,11,0
a_8070,36,0
a_8071,31,0
a_8072,3,0
a_8073,31,0
a_8074,31,0
a_8075,3,0
a_8076,31,0
a_8077,31,0
a_8078,3,0
a_8079,49,0
a_808,29,0
a_8080,3,0
a_8081,25,0
a_8082,36,0
a_8083,31,0
a_8084,3,0
a_8085,31,0
a_8086,36,0
a_8087,25,0
a_8088,36,0
a_8089,3,0
a_809,7,0
a_8090,36,0
a_8091,49,0
a_8092,25,0
a_8094,36,0
a_8095,25,0
a_8096,25,0
a_8097,31,0
a_8098,36,0
a_8099,31,0
a_81,2,0
a_810,29,0
a_8100,36,0
a_8101,36,0
a_8102,36,0
a_8103,36,0
a_8104,36,0
a_8105,25,0
a_8106,3,0
a_8107,3,0
a_8108,25,0
a_8109,3,0
a_811,11,0
a_8110,36,0
a_8111,25,0
a_8112,3,0
a_8113,36,0
a_8114,49,0
a_8115,36,0
a_8116,3,0
a_8117,36,0
a_8118,36,0
a_8119,36,0
a_812,11,0
a_8120,3,0
a_8121,25,0
a_8122,31,0
a_8123,25,0
a_8124,3,0
a_8125,36,0
a_8126,25,0
a_8127,3,0
a_8128,25,0
a_8129,3,0
a_813,11,0
a_8130,49,0
a_8131,49,0
a_8132,25,0
a_8133,31,0
a_8135,36,0
a_8136,36,0
a_8137,3,0
a_8138,3,0
a_8139,3,0
a_814,29,0
a_8140,25,0
a_8141,25,0
a_8142,25,0
a_8143,36,0
a_8144,31,0
a_8145,10,1
a_8146,36,0
a_8147,49,0
a_8148,36,0
a_8149,31,0
a_815,11,0
a_8150,25,0
a_8151,3,0
a_8152,25,0
a_8153,10,1
a_8154,25,0
a_8155,39,1
a_8156,36,0
a_8157,3,0
a_8158,36,0
a_8159,25,0
a_816,29,0
a_8160,10,1
a_8161,49,0
a_8162,31,0
a_8163,31,0
a_8164,31,0
a_8165,3,0
a_8166,3,0
a_8167,36,0
a_8168,31,0
a_8169,3,0
a_817,29,0
a_8170,36,0
a_8171,3,0
a_8172,36,0
a_8173,25,0
a_8174,49,0
a_8175,31,0
a_8176,3,0
a_8177,31,0
a_8178,3,0
a_8179,10,1
a_818,7,0
a_8180,3,0
a_8181,49,0
a_8182,36,0
a_8183,31,0
a_8184,3,0
a_8185,25,0
a_8186,36,0
a_8187,25,0
a_8188,49,0
a_8189,10,1
a_819,44,0
a_8190,49,0
a_8191,25,0
a_8192,31,0
a_8193,3,0
a_8194,3,0
a_8195,36,0
a_8196,36,0
a_8197,25,0
a_8198,25,0
a_8199,31,0
a_82,29,0
a_820,2,0
a_8200,3,0
a_8201,49,0
a_8202,31,0
a_8203,36,0
a_8204,3,0
a_8205,36,0
a_8206,3,0
a_8207,36,0
a_8208,3,0
a_8209,10,1
a_821,29,0
a_8210,10,1
a_8211,25,0
a_8212,3,0
a_8213,31,0
a_8214,3,0
a_8215,3,0
a_8217,25,0
a_8218,36,0
a_8219,3,0
a_822,29,0
a_8220,36,0
a_8221,3,0
a_8222,31,0
a_8223,3,0
a_8224,36,0
a_8225,25,0
a_8226,36,0
a_8227,25,0
a_8228,36,0
a_8229,25,0
a_823,11,0
a_8230,25,0
a_8231,3,0
a_8232,3,0
a_8233,49,0
a_8234,31,0
a_8235,10,1
a_8236,31,0
a_8237,25,0
a_8238,3,0
a_8239,3,0
a_824,7,0
a_8240,3,0
a_8241,36,0
a_8242,3,0
a_8243,31,0
a_8244,3,0
a_8245,36,0
a_8246,31,0
a_8247,3,0
a_8248,25,0
a_8249,3,0
a_825,11,0
a_8250,31,0
a_8251,25,0
a_8252,25,0
a_8253,36,0
a_8254,49,0
a_8255,36,0
a_8256,31,0
a_8257,36,0
a_8258,3,0
a_8259,31,0
a_826,2,0
a_8260,36,0
a_8261,3,0
a_8262,3,0
a_8263,36,0
a_8264,49,0
a_8265,3,0
a_8266,49,0
a_8267,31,0
a_8268,25,0
a_8269,3,0
a_827,7,0
a_8270,10,1
a_8271,25,0
a_8272,25,0
a_8273,31,0
a_8274,3,0
a_8275,36,0
a_8276,3,0
a_8277,25,0
a_8278,3,0
a_8279,36,0
a_828,29,0
a_8280,49,0
a_8281,36,0
a_8282,36,0
a_8283,49,0
a_8284,25,0
a_8285,36,0
a_8286,3,0
a_8287,36,0
a_8288,31,0
a_8289,25,0
a_829,11,0
a_8290,25,0
a_8291,31,0
a_8292,25,0
a_8293,49,0
a_8294,25,0
a_8295,3,0
a_8296,25,0
a_8297,36,0
a_8298,25,0
a_8299,3,0
a_83,29,0
a_830,2,0
a_8300,49,0
a_8301,31,0
a_8302,25,0
a_8303,25,0
a_8304,25,0
a_8305,36,0
a_8306,36,0
a_8307,25,0
a_8308,25,0
a_8309,3,0
a_831,7,0
a_8310,36,0
a_8311,31,0
a_8312,3,0
a_8313,49,0
a_8314,3,0
a_8315,49,0
a_8316,3,0
a_8317,36,0
a_8318,25,0
a_8319,3,0
a_832,2,0
a_8320,31,0
a_8321,10,1
a_8322,49,0
a_8323,31,0
a_8324,3,0
a_8325,25,0
a_8326,49,0
a_8327,36,0
a_8328,36,0
a_8329,36,0
a_833,2,0
a_8330,25,0
a_8331,36,0
a_8332,25,0
a_8333,49,0
a_8334,31,0
a_8335,3,0
a_8336,49,0
a_8337,25,0
a_8338,25,0
a_8339,25,0
a_834,2,0
a_8340,25,0
a_8341,31,0
a_8342,3,0
a_8343,49,0
a_8344,31,0
a_8345,25,0
a_8346,31,0
a_8347,25,0
a_8348,3,0
a_8349,3,0
a_835,2,0
a_8350,36,0
a_8351,25,0
a_8352,3,0
a_8353,36,0
a_8354,31,0
a_8355,49,0
a_8356,49,0
a_8357,3,0
a_8358,31,0
a_8359,36,0
a_836,7,0
a_8360,25,0
a_8361,31,0
a_8362,3,0
a_8363,3,0
a_8364,36,0
a_8365,31,0
a_8366,36,0
a_8367,3,0
a_8368,31,0
a_8369,36,0
a_837,11,0
a_8370,3,0
a_8371,10,1
a_8372,36,0
a_8373,3,0
a_8374,36,0
a_8375,3,0
a_8376,31,0
a_8377,31,0
a_8378,25,0
a_8379,25,0
a_838,7,0
a_8380,31,0
a_8381,36,0
a_8382,49,0
a_8383,25,0
a_8384,3,0
a_8385,36,0
a_8386,31,0
a_8387,25,0
a_8388,3,0
a_8389,31,0
a_839,2,0
a_8390,49,0
a_8391,36,0
a_8392,3,0
a_8393,31,0
a_8394,31,0
a_8395,3,0
a_8396,25,0
a_8397,36,0
a_8398,36,0
a_8399,3,0
a_84,29,0
a_840,11,0
a_8400,49,0
a_8401,3,0
a_8402,3,0
a_8403,3,0
a_8404,10,1
a_8405,3,0
a_8406,49,0
a_8407,31,0
a_8408,25,0
a_8409,49,0
a_841,7,0
a_8410,3,0
a_8411,31,0
a_8412,3,0
a_8413,3,0
a_8414,25,0
a_8415,36,0
a_8416,3,0
a_8417,25,0
a_8418,3,0
a_8419,49,0
a_842,7,0
a_8420,49,0
a_8421,3,0
a_8422,25,0
a_8423,49,0
a_8424,31,0
a_8425,25,0
a_8426,3,0
a_8427,31,0
a_8428,31,0
a_8429,31,0
a_843,29,0
a_8430,3,0
a_8431,25,0
a_8432,36,0
a_8433,25,0
a_8434,25,0
a_8435,31,0
a_8436,36,0
a_8437,31,0
a_8438,25,0
a_8439,36,0
a_844,7,0
a_8440,36,0
a_8441,3,0
a_8442,3,0
a_8443,3,0
a_8444,49,0
a_8445,31,0
a_8446,31,0
a_8447,25,0
a_8448,49,0
a_8449,36,0
a_845,44,0
a_8450,31,0
a_8451,36,0
a_8452,25,0
a_8453,25,0
a_8454,31,0
a_8455,3,0
a_8456,25,0
a_8457,25,0
a_8458,49,0
a_8459,10,1
a_846,11,0
a_8460,49,0
a_8461,3,0
a_8462,3,0
a_8463,3,0
a_8464,36,0
a_8465,36,0
a_8466,25,0
a_8467,36,0
a_8468,49,0
a_8469,25,0
a_847,7,0
a_8470,25,0
a_8471,10,1
a_8472,25,0
a_8473,25,0
a_8474,36,0
a_8475,25,0
a_8476,3,0
a_8477,49,0
a_8478,25,0
a_8479,3,0
a_848,7,0
a_8480,3,0
a_8481,25,0
a_8482,49,0
a_8483,25,0
a_8484,3,0
a_8485,49,0
a_8486,31,0
a_8487,36,0
a_8488,31,0
a_8489,36,0
a_849,11,0
a_8490,36,0
a_8491,25,0
a_8492,25,0
a_8493,3,0
a_8494,31,0
a_8495,25,0
a_8496,3,0
a_8497,36,0
a_8498,3,0
a_8499,31,0
a_85,7,0
a_850,11,0
a_8500,3,0
a_8501,31,0
a_8502,49,0
a_8503,31,0
a_8504,3,0
a_8505,49,0
a_8506,3,0
a_8507,36,0
a_8508,25,0
a_8509,36,0
a_851,11,0
a_8510,3,0
a_8511,25,0
a_8512,36,0
a_8513,36,0
a_8514,3,0
a_8515,49,0
a_8516,36,0
a_8517,3,0
a_8518,3,0
a_8519,3,0
a_852,29,0
a_8520,25,0
a_8521,31,0
a_8522,31,0
a_8523,3,0
a_8525,31,0
a_8526,3,0
a_8527,31,0
a_8528,31,0
a_8529,25,0
a_853,7,0
a_8530,3,0
a_8531,3,0
a_8532,25,0
a_8533,36,0
a_8534,25,0
a_8535,36,0
a_8536,49,0
a_8537,31,0
a_8538,36,0
a_8539,36,0
a_854,29,0
a_8540,31,0
a_8541,25,0
a_8542,36,0
a_8543,3,0
a_8544,3,0
a_8545,49,0
a_8546,3,0
a_8547,3,0
a_8548,36,0
a_8549,36,0
a_855,29,0
a_8550,25,0
a_8551,36,0
a_8552,3,0
a_8553,25,0
a_8554,31,0
a_8555,31,0
a_8556,36,0
a_8557,10,1
a_8558,25,0
a_8559,36,0
a_856,11,0
a_8560,36,0
a_8561,3,0
a_8562,31,0
a_8563,31,0
a_8564,31,0
a_8565,25,0
a_8566,25,0
a_8567,3,0
a_8568,3,0
a_8569,3,0
a_857,7,0
a_8570,49,0
a_8571,46,1
a_8572,10,1
a_8573,31,0
a_8574,3,0
a_8575,36,0
a_8576,31,0
a_8577,36,0
a_8578,25,0
a_8579,3,0
a_858,11,0
a_8580,49,0
a_8581,49,0
a_8582,49,0
a_8583,3,0
a_8584,3,0
a_8585,25,0
a_8586,31,0
a_8587,3,0
a_8588,36,0
a_8589,36,0
a_859,7,0
a_8590,10,1
a_8591,3,0
a_8592,3,0
a_8593,31,0
a_8594,3,0
a_8595,25,0
a_8596,31,0
a_8597,31,0
a_8598,3,0
a_8599,31,0
a_86,7,0
a_860,11,0
a_8600,25,0
a_8601,31,0
a_8602,36,0
a_8603,49,0
a_8604,25,0
a_8605,3,0
a_8606,10,1
a_8607,31,0
a_8608,25,0
a_8609,25,0
a_861,7,0
a_8610,25,0
a_8611,25,0
a_8612,36,0
a_8613,36,0
a_8614,25,0
a_8615,49,0
a_8616,3,0
a_8617,3,0
a_8618,10,1
a_8619,36,0
a_862,2,0
a_8620,3,0
a_8621,36,0
a_8622,36,0
a_8623,3,0
a_8624,36,0
a_8625,3,0
a_8626,36,0
a_8627,25,0
a_8628,49,0
a_8629,3,0
a_863,2,0
a_8630,10,1
a_8631,36,0
a_8632,31,0
a_8633,25,0
a_8634,3,0
a_8635,31,0
a_8636,31,0
a_8637,49,0
a_8638,31,0
a_8639,3,0
a_864,29,0
a_8640,36,0
a_8641,3,0
a_8642,36,0
a_8643,25,0
a_8644,3,0
a_8645,3,0
a_8646,3,0
a_8647,25,0
a_8648,31,0
a_8649,49,0
a_865,2,0
a_8650,36,0
a_8651,31,0
a_8652,3,0
a_8653,36,0
a_8654,10,1
a_8655,36,0
a_8656,36,0
a_8657,36,0
a_8658,3,0
a_8659,25,0
a_866,2,0
a_8660,31,0
a_8661,25,0
a_8662,25,0
a_8663,25,0
a_8664,3,0
a_8665,36,0
a_8666,3,0
a_8667,31,0
a_8668,49,0
a_8669,36,0
a_867,29,0
a_8670,3,0
a_8671,3,0
a_8672,36,0
a_8673,3,0
a_8674,3,0
a_8675,25,0
a_8676,31,0
a_8677,31,0
a_8678,31,0
a_8679,3,0
a_868,44,0
a_8680,36,0
a_8681,3,0
a_8682,36,0
a_8683,25,0
a_8684,36,0
a_8685,49,0
a_8686,25,0
a_8687,25,0
a_8688,25,0
a_8689,49,0
a_869,11,0
a_8690,25,0
a_8691,25,0
a_8692,3,0
a_8693,10,1
a_8694,36,0
a_8695,25,0
a_8696,31,0
a_8697,3,0
a_8698,36,0
a_8699,3,0
a_87,11,0
a_870,29,0
a_8700,49,0
a_8701,3,0
a_8702,36,0
a_8703,31,0
a_8704,25,0
a_8705,25,0
a_8706,36,0
a_8707,36,0
a_8708,31,0
a_8709,49,0
a_871,29,0
a_8710,31,0
a_8711,31,0
a_8712,36,0
a_8713,36,0
a_8714,3,0
a_8715,3,0
a_8716,3,0
a_8717,36,0
a_8718,25,0
a_8719,36,0
a_872,11,0
a_8720,3,0
a_8721,31,0
a_8722,31,0
a_8723,49,0
a_8724,36,0
a_8725,31,0
a_8726,31,0
a_8727,36,0
a_8728,3,0
a_8729,31,0
a_873,44,0
a_8730,3,0
a_8731,10,1
a_8732,25,0
a_8733,25,0
a_8734,31,0
a_8735,36,0
a_8736,31,0
a_8737,3,0
a_8738,49,0
a_8739,31,0
a_874,29,0
a_8740,36,0
a_8741,3,0
a_8742,36,0
a_8743,25,0
a_8744,36,0
a_8745,3,0
a_8746,25,0
a_8747,31,0
a_8748,3,0
a_8749,3,0
a_875,29,0
a_8750,31,0
a_8751,25,0
a_8752,25,0
a_8753,36,0
a_8754,31,0
a_8755,36,0
a_8756,49,0
a_8757,3,0
a_8758,36,0
a_8759,3,0
a_876,29,0
a_8760,3,0
a_8761,3,0
a_8762,31,0
a_8763,31,0
a_8764,31,0
a_8765,25,0
a_8766,25,0
a_8767,25,0
a_8768,36,0
a_8769,3,0
a_877,29,0
a_8770,25,0
a_8771,36,0
a_8772,36,0
a_8773,3,0
a_8774,3,0
a_8775,31,0
a_8776,31,0
a_8777,31,0
a_8778,25,0
a_8779,25,0
a_878,11,0
a_8780,36,0
a_8781,31,0
a_8782,25,0
a_8783,25,0
a_8784,31,0
a_8785,3,0
a_8786,36,0
a_8787,31,0
a_8788,31,0
a_8789,36,0
a_879,29,0
a_8790,31,0
a_8791,31,0
a_8792,31,0
a_8793,25,0
a_8794,25,0
a_8795,36,0
a_8796,36,0
a_8797,3,0
a_8798,31,0
a_8799,36,0
a_88,29,0
a_880,7,0
a_8800,25,0
a_8801,25,0
a_8802,36,0
a_8803,31,0
a_8804,25,0
a_8805,49,0
a_8806,3,0
a_8807,31,0
a_8808,25,0
a_8809,36,0
a_881,11,0
a_8810,25,0
a_8811,3,0
a_8812,25,0
a_8813,36,0
a_8814,10,1
a_8816,36,0
a_8817,36,0
a_8818,3,0
a_8819,31,0
a_882,11,0
a_8820,3,0
a_8821,10,1
a_8822,31,0
a_8823,25,0
a_8824,49,0
a_8825,25,0
a_8826,25,0
a_8827,25,0
a_8829,25,0
a_883,2,0
a_8830,49,0
a_8831,49,0
a_8832,31,0
a_8833,36,0
a_8834,3,0
a_8835,31,0
a_8836,31,0
a_8837,3,0
a_8838,31,0
a_8839,31,0
a_884,11,0
a_8840,25,0
a_8841,25,0
a_8842,3,0
a_8843,31,0
a_8844,31,0
a_8845,31,0
a_8846,36,0
a_8847,25,0
a_8848,25,0
a_8849,36,0
a_885,11,0
a_8850,36,0
a_8851,31,0
a_8852,31,0
a_8853,36,0
a_8854,25,0
a_8855,49,0
a_8856,49,0
a_8857,10,1
a_8858,31,0
a_8859,49,0
a_886,7,0
a_8860,3,0
a_8861,25,0
a_8862,3,0
a_8863,36,0
a_8864,36,0
a_8865,3,0
a_8866,25,0
a_8868,25,0
a_8869,25,0
a_887,44,0
a_8870,36,0
a_8871,3,0
a_8872,3,0
a_8873,3,0
a_8874,25,0
a_8875,3,0
a_8876,25,0
a_8878,10,1
a_8879,3,0
a_888,2,0
a_8880,31,0
a_8881,25,0
a_8882,3,0
a_8883,25,0
a_8884,25,0
a_8885,3,0
a_8886,49,0
a_8887,3,0
a_8888,49,0
a_8889,31,0
a_889,11,0
a_8890,31,0
a_8891,49,0
a_8892,31,0
a_8893,36,0
a_8895,36,0
a_8896,31,0
a_8897,31,0
a_8898,31,0
a_8899,31,0
a_89,11,0
a_890,7,0
a_8900,25,0
a_8901,3,0
a_8902,25,0
a_8903,36,0
a_8904,31,0
a_8905,3,0
a_8906,49,0
a_8907,3,0
a_8908,31,0
a_8909,49,0
a_891,29,0
a_8910,3,0
a_8911,25,0
a_8912,49,0
a_8913,36,0
a_8914,31,0
a_8915,49,0
a_8916,36,0
a_8917,31,0
a_8918,31,0
a_8919,10,1
a_892,2,0
a_8920,3,0
a_8921,36,0
a_8922,3,0
a_8923,31,0
a_8924,25,0
a_8925,3,0
a_8926,3,0
a_8927,25,0
a_8928,49,0
a_8929,31,0
a_893,29,0
a_8930,25,0
a_8931,31,0
a_8932,3,0
a_8933,49,0
a_8934,36,0
a_8935,36,0
a_8936,3,0
a_8937,3,0
a_8938,25,0
a_8939,3,0
a_894,29,0
a_8940,36,0
a_8941,3,0
a_8942,25,0
a_8943,25,0
a_8944,3,0
a_8945,3,0
a_8946,36,0
a_8947,36,0
a_8948,31,0
a_8949,25,0
a_895,7,0
a_8950,25,0
a_8951,49,0
a_8952,49,0
a_8953,3,0
a_8954,10,1
a_8955,31,0
a_8956,25,0
a_8957,49,0
a_8958,49,0
a_8959,3,0
a_896,29,0
a_8960,31,0
a_8961,3,0
a_8962,25,0
a_8963,25,0
a_8964,31,0
a_8965,31,0
a_8966,36,0
a_8967,25,0
a_8968,31,0
a_8969,36,0
a_897,7,0
a_8970,25,0
a_8971,31,0
a_8972,25,0
a_8973,3,0
a_8974,36,0
a_8975,25,0
a_8976,36,0
a_8977,36,0
a_8978,3,0
a_8979,31,0
a_898,29,0
a_8980,31,0
a_8981,49,0
a_8982,25,0
a_8983,31,0
a_8984,3,0
a_8985,31,0
a_8986,36,0
a_8987,10,1
a_8988,31,0
a_8989,3,0
a_899,2,0
a_8990,36,0
a_8992,36,0
a_8993,25,0
a_8994,31,0
a_8995,3,0
a_8996,3,0
a_8997,3,0
a_8998,10,1
a_8999,36,0
a_9,7,0
a_90,7,0
a_900,11,0
a_9000,25,0
a_9001,3,0
a_9002,10,1
a_9003,25,0
a_9004,49,0
a_9005,31,0
a_9006,36,0
a_9007,31,0
a_9008,3,0
a_9009,36,0
a_901,7,0
a_9010,10,1
a_9011,25,0
a_9012,25,0
a_9013,25,0
a_9014,31,0
a_9015,25,0
a_9016,36,0
a_9017,36,0
a_9018,31,0
a_9019,3,0
a_902,7,0
a_9020,49,0
a_9021,36,0
a_9022,49,0
a_9023,25,0
a_9024,25,0
a_9025,25,0
a_9026,3,0
a_9027,25,0
a_9028,3,0
a_9029,3,0
a_903,29,0
a_9030,36,0
a_9031,36,0
a_9032,36,0
a_9034,31,0
a_9035,3,0
a_9036,36,0
a_9037,36,0
a_9038,25,0
a_9039,31,0
a_904,11,0
a_9040,36,0
a_9041,25,0
a_9042,36,0
a_9043,10,1
a_9044,10,1
a_9045,3,0
a_9046,49,0
a_9047,36,0
a_9048,3,0
a_9049,3,0
a_905,2,0
a_9050,3,0
a_9051,31,0
a_9052,25,0
a_9053,3,0
a_9054,10,1
a_9055,49,0
a_9056,3,0
a_9057,36,0
a_9058,3,0
a_9059,25,0
a_906,11,0
a_9060,25,0
a_9061,31,0
a_9062,36,0
a_9063,25,0
a_9064,3,0
a_9065,49,0
a_9066,3,0
a_9067,31,0
a_9068,31,0
a_9069,49,0
a_907,29,0
a_9070,31,0
a_9071,3,0
a_9072,36,0
a_9073,49,0
a_9074,3,0
a_9075,3,0
a_9076,10,1
a_9077,36,0
a_9078,3,0
a_9079,31,0
a_908,7,0
a_9080,3,0
a_9081,3,0
a_9082,49,0
a_9083,3,0
a_9084,3,0
a_9085,3,0
a_9086,31,0
a_9087,3,0
a_9088,31,0
a_9089,25,0
a_909,29,0
a_9090,25,0
a_9091,36,0
a_9092,3,0
a_9093,25,0
a_9095,36,0
a_9096,36,0
a_9097,31,0
a_9098,10,1
a_9099,25,0
a_91,11,0
a_910,2,0
a_9100,10,1
a_9101,36,0
a_9102,25,0
a_9103,3,0
a_9104,3,0
a_9105,31,0
a_9106,3,0
a_9107,36,0
a_9108,25,0
a_9109,31,0
a_911,29,0
a_9110,3,0
a_9111,3,0
a_9112,31,0
a_9113,25,0
a_9114,3,0
a_9115,25,0
a_9116,3,0
a_9117,25,0
a_9118,3,0
a_9119,36,0
a_912,7,0
a_9120,25,0
a_9121,31,0
a_9122,36,0
a_9123,3,0
a_9124,49,0
a_9125,49,0
a_9126,3,0
a_9127,25,0
a_9128,49,0
a_9129,3,0
a_913,7,0
a_9130,31,0
a_9131,31,0
a_9132,31,0
a_9133,49,0
a_9134,31,0
a_9135,3,0
a_9136,36,0
a_9137,36,0
a_9138,25,0
a_9139,3,0
a_914,29,0
a_9140,3,0
a_9141,10,1
a_9142,25,0
a_9143,49,0
a_9144,31,0
a_9145,31,0
a_9146,3,0
a_9147,25,0
a_9148,36,0
a_9149,3,0
a_915,11,0
a_9150,31,0
a_9151,49,0
a_9152,31,0
a_9153,36,0
a_9154,36,0
a_9155,3,0
a_9156,49,0
a_9157,31,0
a_9158,3,0
a_9159,25,0
a_916,44,0
a_9160,3,0
a_9161,36,0
a_9162,3,0
a_9163,36,0
a_9164,3,0
a_9165,36,0
a_9166,49,0
a_9167,36,0
a_9168,31,0
a_9169,3,0
a_917,7,0
a_9170,36,0
a_9171,49,0
a_9172,49,0
a_9173,3,0
a_9174,3,0
a_9175,36,0
a_9176,25,0
a_9177,25,0
a_9178,3,0
a_9179,25,0
a_918,2,0
a_9180,31,0
a_9181,31,0
a_9182,10,1
a_9183,31,0
a_9184,3,0
a_9185,25,0
a_9186,31,0
a_9188,49,0
a_9189,36,0
a_919,2,0
a_9190,3,0
a_9191,25,0
a_9192,25,0
a_9194,31,0
a_9195,49,0
a_9196,10,1
a_9197,25,0
a_9198,49,0
a_9199,25,0
a_92,44,0
a_920,29,0
a_9200,25,0
a_9201,31,0
a_9202,31,0
a_9203,31,0
a_9204,25,0
a_9205,36,0
a_9206,3,0
a_9207,36,0
a_9208,31,0
a_9209,3,0
a_921,7,0
a_9210,36,0
a_9211,3,0
a_9212,36,0
a_9213,10,1
a_9214,3,0
a_9215,36,0
a_9216,25,0
a_9217,31,0
a_9218,49,0
a_9219,10,1
a_922,44,0
a_9220,31,0
a_9221,31,0
a_9222,25,0
a_9223,3,0
a_9224,25,0
a_9225,36,0
a_9226,25,0
a_9227,3,0
a_9228,31,0
a_9229,25,0
a_923,44,0
a_9230,49,0
a_9231,31,0
a_9232,10,1
a_9233,3,0
a_9234,3,0
a_9235,36,0
a_9236,36,0
a_9237,31,0
a_9238,31,0
a_9239,25,0
a_924,29,0
a_9240,36,0
a_9241,36,0
a_9242,3,0
a_9243,3,0
a_9244,25,0
a_9245,49,0
a_9246,3,0
a_9247,31,0
a_9248,3,0
a_9249,31,0
a_925,29,0
a_9250,49,0
a_9251,10,1
a_9252,36,0
a_9253,36,0
a_9255,25,0
a_9256,3,0
a_9257,31,0
a_9258,3,0
a_9259,49,0
a_926,29,0
a_9260,31,0
a_9261,3,0
a_9262,3,0
a_9263,25,0
a_9264,25,0
a_9265,36,0
a_9266,49,0
a_9267,3,0
a_9268,10,1
a_9269,36,0
a_927,11,0
a_9270,36,0
a_9271,31,0
a_9272,31,0
a_9273,3,0
a_9274,25,0
a_9275,36,0
a_9276,49,0
a_9277,31,0
a_9278,36,0
a_9279,36,0
a_928,29,0
a_9280,3,0
a_9281,3,0
a_9282,3,0
a_9283,49,0
a_9284,3,0
a_9287,36,0
a_9288,31,0
a_9289,36,0
a_929,29,0
a_9290,3,0
a_9291,31,0
a_9292,3,0
a_9293,25,0
a_9294,31,0
a_9295,3,0
a_9296,36,0
a_9297,25,0
a_9298,49,0
a_9299,49,0
a_93,2,0
a_930,11,0
a_9300,3,0
a_9301,31,0
a_9302,49,0
a_9303,36,0
a_9304,36,0
a_9305,3,0
a_9306,36,0
a_9307,3,0
a_9308,25,0
a_9309,3,0
a_931,7,0
a_9310,31,0
a_9311,36,0
a_9312,10,1
a_9313,25,0
a_9314,31,0
a_9315,3,0
a_9316,25,0
a_9317,36,0
a_9318,25,0
a_9319,3,0
a_932,7,0
a_9320,36,0
a_9321,49,0
a_9322,10,1
a_9323,36,0
a_9324,3,0
a_9325,3,0
a_9326,36,0
a_9327,36,0
a_9328,25,0
a_9329,3,0
a_933,11,0
a_9330,3,0
a_9331,3,0
a_9332,25,0
a_9333,31,0
a_9334,25,0
a_9335,36,0
a_9336,49,0
a_9337,49,0
a_9338,25,0
a_9339,36,0
a_934,44,0
a_9340,49,0
a_9341,31,0
a_9342,36,0
a_9343,3,0
a_9344,25,0
a_9345,25,0
a_9346,25,0
a_9347,25,0
a_9348,25,0
a_9349,25,0
a_935,2,0
a_9351,31,0
a_9352,36,0
a_9353,25,0
a_9354,3,0
a_9355,36,0
a_9356,36,0
a_9357,49,0
a_9358,10,1
a_9359,3,0
a_936,11,0
a_9360,3,0
a_9361,3,0
a_9362,31,0
a_9363,25,0
a_9364,25,0
a_9365,25,0
a_9366,3,0
a_9367,31,0
a_9368,49,0
a_9369,3,0
a_937,29,0
a_9370,49,0
a_9371,25,0
a_9372,3,0
a_9373,25,0
a_9374,36,0
a_9375,25,0
a_9376,49,0
a_9377,3,0
a_9378,31,0
a_9379,25,0
a_938,11,0
a_9380,49,0
a_9381,25,0
a_9382,36,0
a_9383,49,0
a_9384,36,0
a_9385,25,0
a_9386,31,0
a_9387,31,0
a_9388,36,0
a_9389,36,0
a_939,2,0
a_9390,36,0
a_9391,3,0
a_9392,10,1
a_9393,36,0
a_9394,31,0
a_9395,25,0
a_9396,31,0
a_9397,36,0
a_9398,25,0
a_9399,3,0
a_94,11,0
a_940,11,0
a_9400,49,0
a_9401,49,0
a_9402,31,0
a_9403,36,0
a_9404,3,0
a_9405,36,0
a_9406,36,0
a_9407,31,0
a_9408,3,0
a_9409,3,0
a_941,11,0
a_9410,36,0
a_9411,31,0
a_9412,25,0
a_9413,25,0
a_9414,31,0
a_9415,49,0
a_9416,3,0
a_9417,31,0
a_9418,49,0
a_9419,25,0
a_942,44,0
a_9420,25,0
a_9421,25,0
a_9422,3,0
a_9423,3,0
a_9424,31,0
a_9425,31,0
a_9427,31,0
a_9428,31,0
a_9429,3,0
a_943,11,0
a_9430,36,0
a_9431,49,0
a_9432,3,0
a_9433,49,0
a_9434,36,0
a_9435,31,0
a_9436,25,0
a_9437,3,0
a_9438,31,0
a_9439,25,0
a_944,29,0
a_9440,36,0
a_9441,31,0
a_9442,3,0
a_9443,3,0
a_9444,31,0
a_9445,25,0
a_9446,36,0
a_9447,3,0
a_9448,25,0
a_9449,31,0
a_945,11,0
a_9450,31,0
a_9451,31,0
a_9452,3,0
a_9453,3,0
a_9454,36,0
a_9455,25,0
a_9456,31,0
a_9457,25,0
a_9458,36,0
a_9459,3,0
a_946,7,0
a_9460,3,0
a_9461,36,0
a_9462,25,0
a_9463,49,0
a_9464,3,0
a_9465,36,0
a_9466,49,0
a_9467,10,1
a_9468,36,0
a_9469,31,0
a_947,7,0
a_9470,36,0
a_9471,25,0
a_9472,10,1
a_9473,36,0
a_9474,3,0
a_9475,31,0
a_9476,25,0
a_9477,3,0
a_9478,3,0
a_9479,49,0
a_948,2,0
a_9480,31,0
a_9481,3,0
a_9482,25,0
a_9483,49,0
a_9484,3,0
a_9485,36,0
a_9486,25,0
a_9487,3,0
a_9488,3,0
a_9489,3,0
a_949,2,0
a_9490,49,0
a_9491,25,0
a_9492,36,0
a_9493,31,0
a_9494,25,0
a_9495,25,0
a_9496,10,1
a_9497,25,0
a_9498,25,0
a_9499,31,0
a_95,11,0
a_950,7,0
a_9500,31,0
a_9501,3,0
a_9502,25,0
a_9503,31,0
a_9504,25,0
a_9505,31,0
a_9506,31,0
a_9507,36,0
a_9508,3,0
a_9509,3,0
a_951,29,0
a_9510,25,0
a_9511,49,0
a_9512,36,0
a_9513,3,0
a_9514,49,0
a_9515,31,0
a_9516,3,0
a_9517,25,0
a_9519,49,0
a_952,29,0
a_9520,25,0
a_9521,3,0
a_9522,25,0
a_9523,36,0
a_9524,3,0
a_9525,31,0
a_9526,49,0
a_9527,36,0
a_9528,49,0
a_9529,31,0
a_953,11,0
a_9530,36,0
a_9532,25,0
a_9533,49,0
a_9534,31,0
a_9535,25,0
a_9536,3,0
a_9537,36,0
a_9538,25,0
a_9539,36,0
a_954,11,0
a_9540,36,0
a_9541,25,0
a_9542,31,0
a_9543,36,0
a_9544,31,0
a_9545,3,0
a_9546,36,0
a_9547,25,0
a_9548,36,0
a_9549,49,0
a_955,7,0
a_9550,36,0
a_9551,36,0
a_9552,31,0
a_9553,25,0
a_9554,36,0
a_9555,10,1
a_9556,36,0
a_9557,3,0
a_9558,25,0
a_9559,10,1
a_956,29,0
a_9560,3,0
a_9561,31,0
a_9562,36,0
a_9563,25,0
a_9564,36,0
a_9565,25,0
a_9566,10,1
a_9567,3,0
a_9568,49,0
a_9569,36,0
a_957,7,0
a_9570,31,0
a_9571,49,0
a_9572,36,0
a_9573,36,0
a_9574,3,0
a_9575,36,0
a_9576,49,0
a_9577,25,0
a_9578,25,0
a_9579,25,0
a_958,11,0
a_9580,36,0
a_9581,3,0
a_9582,25,0
a_9583,3,0
a_9584,36,0
a_9585,31,0
a_9586,3,0
a_9587,25,0
a_9588,3,0
a_9589,3,0
a_959,11,0
a_9590,31,0
a_9591,3,0
a_9592,25,0
a_9593,25,0
a_9594,3,0
a_9595,25,0
a_9596,25,0
a_9597,36,0
a_9598,3,0
a_9599,25,0
a_96,29,0
a_960,29,0
a_9600,31,0
a_9601,3,0
a_9602,36,0
a_9603,25,0
a_9604,3,0
a_9605,36,0
a_9606,49,0
a_9607,25,0
a_9608,36,0
a_9609,36,0
a_961,11,0
a_9610,3,0
a_9611,25,0
a_9612,25,0
a_9613,31,0
a_9614,39,1
a_9615,36,0
a_9616,10,1
a_9617,36,0
a_9618,3,0
a_9619,36,0
a_962,11,0
a_9620,3,0
a_9621,25,0
a_9622,36,0
a_9623,36,0
a_9624,3,0
a_9625,36,0
a_9626,36,0
a_9627,10,1
a_9628,36,0
a_9629,49,0
a_963,7,0
a_9630,31,0
a_9631,31,0
a_9632,31,0
a_9633,25,0
a_9634,25,0
a_9635,3,0
a_9636,25,0
a_9637,36,0
a_9638,31,0
a_9639,31,0
a_964,44,0
a_9640,25,0
a_9642,3,0
a_9643,31,0
a_9644,36,0
a_9645,25,0
a_9646,36,0
a_9647,36,0
a_9648,31,0
a_9649,25,0
a_965,11,0
a_9650,36,0
a_9651,49,0
a_9652,25,0
a_9653,36,0
a_9654,36,0
a_9655,36,0
a_9656,3,0
a_9657,49,0
a_9658,3,0
a_9659,36,0
a_966,2,0
a_9660,31,0
a_9661,31,0
a_9662,31,0
a_9663,25,0
a_9664,3,0
a_9665,25,0
a_9666,36,0
a_9667,31,0
a_9668,31,0
a_9669,3,0
a_967,7,0
a_9670,3,0
a_9671,25,0
a_9672,36,0
a_9673,31,0
a_9674,25,0
a_9675,36,0
a_9676,25,0
a_9677,3,0
a_9678,25,0
a_9679,36,0
a_968,11,0
a_9680,25,0
a_9681,49,0
a_9682,3,0
a_9683,31,0
a_9684,25,0
a_9685,10,1
a_9686,3,0
a_9687,3,0
a_9688,49,0
a_9689,3,0
a_969,11,0
a_9690,3,0
a_9691,25,0
a_9692,25,0
a_9693,49,0
a_9694,3,0
a_9695,25,0
a_9696,31,0
a_9697,36,0
a_9699,36,0
a_97,7,0
a_970,11,0
a_9700,3,0
a_9701,3,0
a_9702,25,0
a_9703,25,0
a_9704,3,0
a_9705,31,0
a_9706,36,0
a_9707,49,0
a_9708,25,0
a_9709,31,0
a_971,11,0
a_9710,3,0
a_9711,31,0
a_9712,10,1
a_9713,25,0
a_9714,25,0
a_9715,3,0
a_9716,31,0
a_9717,25,0
a_9718,49,0
a_9719,49,0
a_972,7,0
a_9720,3,0
a_9721,25,0
a_9722,36,0
a_9723,25,0
a_9724,3,0
a_9725,36,0
a_9726,3,0
a_9727,25,0
a_9728,3,0
a_9729,3,0
a_973,2,0
a_9730,36,0
a_9731,3,0
a_9732,25,0
a_9733,3,0
a_9734,31,0
a_9735,25,0
a_9736,3,0
a_9737,25,0
a_9738,31,0
a_9739,3,0
a_974,29,0
a_9740,25,0
a_9741,25,0
a_9742,3,0
a_9743,31,0
a_9744,36,0
a_9745,31,0
a_9746,36,0
a_9747,3,0
a_9748,25,0
a_9749,36,0
a_975,29,0
a_9750,31,0
a_9751,31,0
a_9752,31,0
a_9753,31,0
a_9754,25,0
a_9755,25,0
a_9756,31,0
a_9757,25,0
a_9758,3,0
a_9759,25,0
a_976,29,0
a_9760,3,0
a_9761,31,0
a_9762,31,0
a_9763,25,0
a_9764,3,0
a_9765,3,0
a_9766,31,0
a_9767,25,0
a_9768,25,0
a_9769,25,0
a_977,2,0
a_9770,36,0
a_9771,25,0
a_9772,36,0
a_9773,25,0
a_9774,3,0
a_9775,31,0
a_9776,31,0
a_9777,36,0
a_9778,25,0
a_9779,36,0
a_978,11,0
a_9780,31,0
a_9781,3,0
a_9782,25,0
a_9783,3,0
a_9784,31,0
a_9785,3,0
a_9786,25,0
a_9787,25,0
a_9788,10,1
a_9789,31,0
a_979,7,0
a_9790,36,0
a_9791,3,0
a_9792,3,0
a_9793,10,1
a_9794,36,0
a_9795,31,0
a_9796,3,0
a_9797,3,0
a_9798,31,0
a_9799,49,0
a_98,7,0
a_980,7,0
a_9800,31,0
a_9801,3,0
a_9802,49,0
a_9803,36,0
a_9804,3,0
a_9805,25,0
a_9806,31,0
a_9807,36,0
a_9808,10,1
a_9809,3,0
a_981,29,0
a_9810,25,0
a_9811,31,0
a_9812,10,1
a_9813,25,0
a_9814,36,0
a_9815,3,0
a_9816,25,0
a_9817,3,0
a_9818,25,0
a_9819,36,0
a_982,11,0
a_9820,3,0
a_9821,3,0
a_9822,31,0
a_9823,49,0
a_9824,31,0
a_9825,3,0
a_9826,31,0
a_9827,31,0
a_9828,25,0
a_9829,31,0
a_983,2,0
a_9830,49,0
a_9831,31,0
a_9832,36,0
a_9833,3,0
a_9834,3,0
a_9835,36,0
a_9836,3,0
a_9837,31,0
a_9838,25,0
a_9839,3,0
a_984,7,0
a_9840,36,0
a_9841,31,0
a_9842,3,0
a_9843,31,0
a_9844,25,0
a_9845,25,0
a_9846,36,0
a_9847,31,0
a_9848,3,0
a_9849,31,0
a_985,7,0
a_9850,31,0
a_9851,31,0
a_9852,3,0
a_9853,25,0
a_9854,36,0
a_9855,25,0
a_9856,36,0
a_9857,31,0
a_9858,3,0
a_9859,25,0
a_986,44,0
a_9860,36,0
a_9861,3,0
a_9862,3,0
a_9863,49,0
a_9864,31,0
a_9865,31,0
a_9866,31,0
a_9867,31,0
a_9868,3,0
a_9869,31,0
a_987,2,0
a_9871,25,0
a_9872,36,0
a_9873,49,0
a_9874,31,0
a_9875,25,0
a_9876,36,0
a_9877,31,0
a_9878,31,0
a_9879,3,0
a_988,11,0
a_9880,36,0
a_9881,36,0
a_9882,31,0
a_9883,49,0
a_9884,31,0
a_9885,3,0
a_9886,31,0
a_9887,49,0
a_9888,25,0
a_9889,31,0
a_989,29,0
a_9890,36,0
a_9891,3,0
a_9892,25,0
a_9893,49,0
a_9894,25,0
a_9895,36,0
a_9897,25,0
a_9898,10,1
a_9899,36,0
a_99,11,0
a_990,29,0
a_9900,31,0
a_9901,36,0
a_9902,3,0
a_9903,31,0
a_9904,3,0
a_9905,31,0
a_9906,25,0
a_9907,31,0
a_9908,31,0
a_9909,10,1
a_991,29,0
a_9910,3,0
a_9911,10,1
a_9912,31,0
a_9913,25,0
a_9914,36,0
a_9915,25,0
a_9916,36,0
a_9917,3,0
a_9918,3,0
a_9919,3,0
a_992,11,0
a_9920,25,0
a_9921,31,0
a_9922,31,0
a_9923,3,0
a_9924,31,0
a_9925,3,0
a_9926,3,0
a_9927,49,0
a_9928,31,0
a_9929,31,0
a_993,2,0
a_9930,36,0
a_9931,3,0
a_9932,31,0
a_9933,3,0
a_9934,31,0
a_9935,25,0
a_9936,25,0
a_9937,3,0
a_9938,31,0
a_9939,25,0
a_994,7,0
a_9940,25,0
a_9941,3,0
a_9942,25,0
a_9943,3,0
a_9944,3,0
a_9945,3,0
a_9946,31,0
a_9947,25,0
a_9948,3,0
a_9949,36,0
a_995,11,0
a_9950,36,0
a_9951,25,0
a_9952,36,0
a_9953,25,0
a_9954,3,0
a_9955,25,0
a_9956,25,0
a_9957,36,0
a_9958,25,0
a_9959,31,0
a_996,2,0
a_9960,36,0
a_9961,3,0
a_9962,36,0
a_9963,31,0
a_9964,36,0
a_9965,36,0
a_9966,3,0
a_9967,36,0
a_9968,3,0
a_9969,25,0
a_997,11,0
a_9971,25,0
a_9972,49,0
a_9973,31,0
a_9974,10,1
a_9975,25,0
a_9976,31,0
a_9977,3,0
a_9978,36,0
a_9979,3,0
a_998,29,0
a_9980,10,1
a_9981,31,0
a_9982,49,0
a_9983,49,0
a_9984,3,0
a_9985,25,0
a_9986,25,0
a_9987,25,0
a_9988,36,0
a_9989,3,0
a_999,7,0
a_9990,3,0
a_9991,25,0
a_9992,25,0
a_9993,3,0
a_9994,25,0
a_9995,36,0
a_9996,25,0
a_9997,31,0
a_9998,36,0
a_9999,25,0
b_1,11,0
b_10,11,0
b_100,7,0
b_1000,7,0
b_1001,11,0
b_1002,7,0
b_1003,7,0
b_1004,7,0
b_1005,29,0
b_1006,7,0
b_1007,29,0
b_1008,7,0
b_1009,29,0
b_101,29,0
b_1010,7,0
b_1011,11,0
b_1012,7,0
b_1013,7,0
b_1014,7,0
b_1015,29,0
b_1016,29,0
b_1017,7,0
b_1018,29,0
b_1019,29,0
b_102,29,0
b_1020,7,0
b_1021,11,0
b_1022,11,0
b_1023,7,0
b_1024,7,0
b_1025,11,0
b_1026,11,0
b_1027,29,0
b_1028,7,0
b_1029,11,0
b_103,11,0
b_1030,11,0
b_1031,11,0
b_1032,11,0
b_1033,11,0
b_1034,11,0
b_1035,29,0
b_1036,29,0
b_1037,7,0
b_1038,7,0
b_1039,7,0
b_104,29,0
b_1040,29,0
b_1041,29,0
b_1042,7,0
b_1043,11,0
b_1044,11,0
b_1045,29,0
b_1046,29,0
b_1047,29,0
b_1048,11,0
b_1049,7,0
b_105,7,0
b_1050,29,0
b_1051,11,0
b_1052,7,0
b_1053,29,0
b_1054,29,0
b_1055,11,0
b_1056,11,0
b_1057,29,0
b_1058,11,0
b_1059,7,0
b_106,29,0
b_1060,7,0
b_1061,29,0
b_1062,7,0
b_1063,7,0
b_1064,7,0
b_1065,11,0
b_1066,11,0
b_1067,29,0
b_1068,7,0
b_1069,7,0
b_107,29,0
b_1070,7,0
b_1071,29,0
b_1072,29,0
b_1073,11,0
b_1074,7,0
b_1075,7,0
b_1076,7,0
b_1077,7,0
b_1078,29,0
b_1079,7,0
b_108,7,0
b_1080,11,0
b_1081,7,0
b_1082,7,0
b_1083,7,0
b_1084,29,0
b_1085,29,0
b_1086,7,0
b_1087,7,0
b_1088,7,0
b_1089,11,0
b_109,29,0
b_1090,29,0
b_1091,29,0
b_1092,29,0
b_1093,11,0
b_1094,29,0
b_1095,7,0
b_1096,29,0
b_1097,29,0
b_1098,7,0
b_1099,7,0
b_11,7,0
b_110,7,0
b_1100,7,0
b_1101,29,0
b_1102,7,0
b_1103,7,0
b_1104,7,0
b_1105,11,0
b_1106,7,0
b_1107,11,0
b_1108,11,0
b_1109,11,0
b_111,7,0
b_1110,7,0
b_1111,11,0
b_1112,7,0
b_1113,29,0
b_1114,29,0
b_1115,29,0
b_1116,7,0
b_1117,11,0
b_1118,29,0
b_1119,7,0
b_112,7,0
b_1120,29,0
b_1121,11,0
b_1122,7,0
b_1123,11,0
b_1124,11,0
b_1125,11,0
b_1126,7,0
b_1127,7,0
b_1128,7,0
b_1129,29,0
b_113,7,0
b_1130,29,0
b_1131,29,0
b_1132,29,0
b_1133,11,0
b_1134,11,0
b_1135,11,0
b_1136,7,0
b_1137,7,0
b_1138,11,0
b_1139,11,0
b_114,7,0
b_1140,11,0
b_1141,7,0
b_1142,29,0
b_1143,11,0
b_1144,7,0
b_1145,7,0
b_1146,11,0
b_1147,11,0
b_1148,7,0
b_1149,11,0
b_115,11,0
b_1150,7,0
b_1151,29,0
b_1152,29,0
b_1153,11,0
b_1154,29,0
b_1155,29,0
b_1156,11,0
b_1157,7,0
b_1158,29,0
b_1159,29,0
b_116,11,0
b_1160,11,0
b_1161,29,0
b_1162,29,0
b_1163,11,0
b_1164,29,0
b_1165,7,0
b_1166,7,0
b_1167,29,0
b_1168,7,0
b_1169,11,0
b_117,29,0
b_1170,7,0
b_1171,29,0
b_1172,11,0
b_1173,7,0
b_1174,29,0
b_1175,7,0
b_1176,7,0
b_1177,11,0
b_1178,7,0
b_1179,11,0
b_118,29,0
b_1180,11,0
b_1181,11,0
b_1182,7,0
b_1183,29,0
b_1184,11,0
b_1185,29,0
b_1186,7,0
b_1187,29,0
b_1188,11,0
b_1189,29,0
b_119,11,0
b_1190,11,0
b_1191,11,0
b_1192,29,0
b_1193,7,0
b_1194,29,0
b_1195,7,0
b_1196,29,0
b_1197,29,0
b_1198,29,0
b_1199,29,0
b_12,11,0
b_120,7,0
b_1200,29,0
b_1201,11,0
b_1202,11,0
b_1203,11,0
b_1204,7,0
b_1205,29,0
b_1206,29,0
b_1207,29,0
b_1208,29,0
b_1209,7,0
b_121,11,0
b_1210,7,0
b_1211,29,0
b_1212,29,0
b_1213,7,0
b_1214,29,0
b_1215,29,0
b_1216,7,0
b_1217,7,0
b_1218,7,0
b_1219,29,0
b_122,29,0
b_1220,29,0
b_1221,11,0
b_1222,29,0
b_1223,11,0
b_1224,11,0
b_1225,11,0
b_1226,11,0
b_1227,7,0
b_1228,11,0
b_1229,7,0
b_123,11,0
b_1230,29,0
b_1231,29,0
b_1232,7,0
b_1233,29,0
b_1234,11,0
b_1235,11,0
b_1236,7,0
b_1237,7,0
b_1238,7,0
b_1239,7,0
b_124,11,0
b_1240,29,0
b_1241,7,0
b_1242,29,0
b_1243,29,0
b_1244,11,0
b_1245,29,0
b_1246,29,0
b_1247,11,0
b_1248,29,0
b_1249,7,0
b_125,29,0
b_1250,29,0
b_1251,7,0
b_1252,7,0
b_1253,11,0
b_1254,7,0
b_1255,7,0
b_1256,7,0
b_1257,7,0
b_1258,7,0
b_1259,29,0
b_126,7,0
b_1260,29,0
b_1261,7,0
b_1262,7,0
b_1263,11,0
b_1264,11,0
b_1265,29,0
b_1266,11,0
b_1267,7,0
b_1268,7,0
b_1269,29,0
b_127,11,0
b_1270,11,0
b_1271,7,0
b_1272,7,0
b_1273,7,0
b_1274,11,0
b_1275,29,0
b_1276,29,0
b_1277,7,0
b_1278,29,0
b_1279,29,0
b_128,29,0
b_1280,29,0
b_1281,29,0
b_1282,11,0
b_1283,11,0
b_1284,29,0
b_1285,7,0
b_1286,7,0
b_1287,11,0
b_1288,7,0
b_1289,11,0
b_129,11,0
b_1290,29,0
b_1291,7,0
b_1292,7,0
b_1293,29,0
b_1294,7,0
b_1295,7,0
b_1296,11,0
b_1297,11,0
b_1298,29,0
b_1299,7,0
b_13,7,0
b_130,7,0
b_1300,11,0
b_1301,11,0
b_1302,29,0
b_1303,7,0
b_1304,29,0
b_1305,7,0
b_1306,11,0
b_1307,11,0
b_1308,7,0
b_1309,11,0
b_131,29,0
b_1310,7,0
b_1311,11,0
b_1312,11,0
b_1313,29,0
b_1314,7,0
b_1315,29,0
b_1316,29,0
b_1317,7,0
b_1318,7,0
b_1319,11,0
b_132,11,0
b_1320,29,0
b_1321,29,0
b_1322,11,0
b_1323,7,0
b_1324,29,0
b_1325,11,0
b_1326,29,0
b_1327,11,0
b_1328,7,0
b_1329,11,0
b_133,7,0
b_1330,7,0
b_1331,29,0
b_1332,11,0
b_1333,29,0
b_1334,7,0
b_1335,7,0
b_1336,7,0
b_1337,29,0
b_1338,29,0
b_1339,7,0
b_134,29,0
b_1340,29,0
b_1341,11,0
b_1342,7,0
b_1343,7,0
b_1344,7,0
b_1345,29,0
b_1346,11,0
b_1347,11,0
b_1348,11,0
b_1349,7,0
b_135,11,0
b_1350,11,0
b_1351,29,0
b_1352,7,0
b_1353,11,0
b_1354,29,0
b_1355,29,0
b_1356,7,0
b_1357,29,0
b_1358,11,0
b_1359,7,0
b_136,29,0
b_1360,29,0
b_1361,7,0
b_1362,11,0
b_1363,7,0
b_1364,11,0
b_1365,11,0
b_1366,29,0
b_1367,7,0
b_1368,29,0
b_1369,7,0
b_137,7,0
b_1370,29,0
b_1371,29,0
b_1372,11,0
b_1373,11,0
b_1374,11,0
b_1375,11,0
b_1376,11,0
b_1377,11,0
b_1378,29,0
b_1379,11,0
b_138,11,0
b_1380,29,0
b_1381,7,0
b_1382,29,0
b_1383,7,0
b_1384,29,0
b_1385,11,0
b_1386,29,0
b_1387,29,0
b_1388,7,0
b_1389,29,0
b_139,11,0
b_1390,7,0
b_1391,7,0
b_1392,7,0
b_1393,11,0
b_1394,7,0
b_1395,29,0
b_1396,7,0
b_1397,29,0
b_1398,29,0
b_1399,29,0
b_14,7,0
b_140,11,0
b_1400,29,0
b_1401,29,0
b_1402,7,0
b_1403,11,0
b_1404,29,0
b_1405,11,0
b_1406,7,0
b_1407,7,0
b_1408,11,0
b_1409,11,0
b_141,29,0
b_1410,29,0
b_1411,7,0
b_1412,29,0
b_1413,11,0
b_1414,7,0
b_1415,11,0
b_1416,7,0
b_1417,11,0
b_1418,29,0
b_1419,7,0
b_142,7,0
b_1420,7,0
b_1421,29,0
b_1422,11,0
b_1423,29,0
b_1424,29,0
b_1425,7,0
b_1426,29,0
b_1427,29,0
b_1428,11,0
b_1429,11,0
b_143,7,0
b_1430,11,0
b_1431,11,0
b_1432,29,0
b_1433,7,0
b_1434,11,0
b_1435,7,0
b_1436,11,0
b_1437,29,0
b_1438,29,0
b_1439,29,0
b_144,11,0
b_1440,11,0
b_1441,29,0
b_1442,29,0
b_1443,11,0
b_1444,7,0
b_1445,29,0
b_1446,29,0
b_1447,11,0
b_1448,11,0
b_1449,7,0
b_145,11,0
b_1450,29,0
b_1451,29,0
b_1452,7,0
b_1453,11,0
b_1454,29,0
b_1455,7,0
b_1456,11,0
b_1457,29,0
b_1458,11,0
b_1459,11,0
b_146,29,0
b_1460,11,0
b_1461,11,0
b_1462,29,0
b_1463,11,0
b_1464,7,0
b_1465,29,0
b_1466,11,0
b_1467,7,0
b_1468,7,0
b_1469,7,0
b_147,29,0
b_1470,7,0
b_1471,29,0
b_1472,7,0
b_1473,11,0
b_1474,7,0
b_1475,29,0
b_1476,11,0
b_1477,11,0
b_1478,7,0
b_1479,7,0
b_148,29,0
b_1480,11,0
b_1481,11,0
b_1482,11,0
b_1483,29,0
b_1484,11,0
b_1485,11,0
b_1486,29,0
b_1487,7,0
b_1488,11,0
b_1489,7,0
b_149,29,0
b_1490,11,0
b_1491,7,0
b_1492,11,0
b_1493,11,0
b_1494,29,0
b_1495,11,0
b_1496,7,0
b_1497,7,0
b_1498,7,0
b_1499,11,0
b_15,11,0
b_150,7,0
b_1500,7,0
b_1501,29,0
b_1502,7,0
b_1503,11,0
b_1504,7,0
b_1505,29,0
b_1506,7,0
b_1507,7,0
b_1508,7,0
b_1509,11,0
b_151,11,0
b_1510,29,0
b_1511,7,0
b_1512,11,0
b_1513,29,0
b_1514,7,0
b_1515,7,0
b_1516,11,0
b_1517,11,0
b_1518,11,0
b_1519,7,0
b_152,11,0
b_1520,7,0
b_1521,29,0
b_1522,7,0
b_1523,7,0
b_1524,11,0
b_1525,11,0
b_1526,29,0
b_1527,7,0
b_1528,7,0
b_1529,29,0
b_153,11,0
b_1530,29,0
b_1531,11,0
b_1532,29,0
b_1533,11,0
b_1534,29,0
b_1535,7,0
b_1536,29,0
b_1537,7,0
b_1538,29,0
b_1539,11,0
b_154,29,0
b_1540,7,0
b_1541,11,0
b_1542,7,0
b_1543,29,0
b_1544,11,0
b_1545,11,0
b_1546,29,0
b_1547,11,0
b_1548,7,0
b_1549,7,0
b_155,29,0
b_1550,7,0
b_1551,29,0
b_1552,29,0
b_1553,29,0
b_1554,11,0
b_1555,11,0
b_1556,7,0
b_1557,29,0
b_1558,29,0
b_1559,7,0
b_156,11,0
b_1560,11,0
b_1561,29,0
b_1562,11,0
b_1563,29,0
b_1564,11,0
b_1565,11,0
b_1566,11,0
b_1567,29,0
b_1568,11,0
b_1569,11,0
b_157,7,0
b_1570,29,0
b_1571,7,0
b_1572,29,0
b_1573,29,0
b_1574,7,0
b_1575,11,0
b_1576,7,0
b_1577,29,0
b_1578,29,0
b_1579,7,0
b_158,7,0
b_1580,29,0
b_1581,11,0
b_1582,7,0
b_1583,7,0
b_1584,11,0
b_1585,29,0
b_1586,7,0
b_1587,11,0
b_1588,11,0
b_1589,7,0
b_159,11,0
b_1590,11,0
b_1591,7,0
b_1592,29,0
b_1593,7,0
b_1594,7,0
b_1595,11,0
b_1596,11,0
b_1597,7,0
b_1598,7,0
b_1599,29,0
b_16,7,0
b_160,29,0
b_1600,11,0
b_1601,7,0
b_1602,29,0
b_1603,7,0
b_1604,11,0
b_1605,7,0
b_1606,29,0
b_1607,29,0
b_1608,11,0
b_1609,29,0
b_161,29,0
b_1610,11,0
b_1611,11,0
b_1612,29,0
b_1613,7,0
b_1614,11,0
b_1615,29,0
b_1616,7,0
b_1617,7,0
b_1618,7,0
b_1619,7,0
b_162,11,0
b_1620,29,0
b_1621,29,0
b_1622,29,0
b_1623,11,0
b_1624,7,0
b_1625,29,0
b_1626,29,0
b_1627,7,0
b_1628,29,0
b_1629,7,0
b_163,7,0
b_1630,7,0
b_1631,11,0
b_1632,11,0
b_1633,11,0
b_1634,11,0
b_1635,29,0
b_1636,7,0
b_1637,7,0
b_1638,11,0
b_1639,11,0
b_164,11,0
b_1640,11,0
b_1641,29,0
b_1642,7,0
b_1643,29,0
b_1644,11,0
b_1645,29,0
b_1646,7,0
b_1647,7,0
b_1648,29,0
b_1649,29,0
b_165,29,0
b_1650,7,0
b_1651,7,0
b_1652,29,0
b_1653,11,0
b_1654,7,0
b_1655,29,0
b_1656,11,0
b_1657,11,0
b_1658,29,0
b_1659,29,0
b_166,11,0
b_1660,11,0
b_1661,11,0
b_1662,11,0
b_1663,7,0
b_1664,7,0
b_1665,7,0
b_1666,7,0
b_1667,29,0
b_1668,11,0
b_1669,7,0
b_167,11,0
b_1670,29,0
b_1671,11,0
b_1672,29,0
b_1673,11,0
b_1674,11,0
b_1675,7,0
b_1676,7,0
b_1677,11,0
b_1678,7,0
b_1679,11,0
b_168,7,0
b_1680,7,0
b_1681,29,0
b_1682,29,0
b_1683,7,0
b_1684,11,0
b_1685,7,0
b_1686,7,0
b_1687,7,0
b_1688,29,0
b_1689,11,0
b_169,11,0
b_1690,29,0
b_1691,11,0
b_1692,11,0
b_1693,7,0
b_1694,7,0
b_1695,7,0
b_1696,11,0
b_1697,7,0
b_1698,7,0
b_1699,11,0
b_17,29,0
b_170,29,0
b_1700,11,0
b_1701,29,0
b_1702,11,0
b_1703,7,0
b_1704,7,0
b_1705,29,0
b_1706,11,0
b_1707,11,0
b_1708,29,0
b_1709,29,0
b_171,7,0
b_1710,29,0
b_1711,29,0
b_1712,7,0
b_1713,11,0
b_1714,29,0
b_1715,11,0
b_1716,7,0
b_1717,29,0
b_1718,29,0
b_1719,29,0
b_172,29,0
b_1720,29,0
b_1721,7,0
b_1722,7,0
b_1723,11,0
b_1724,11,0
b_1725,7,0
b_1726,29,0
b_1727,7,0
b_1728,7,0
b_1729,29,0
b_173,11,0
b_1730,11,0
b_1731,7,0
b_1732,11,0
b_1733,29,0
b_1734,29,0
b_1735,11,0
b_1736,11,0
b_1737,11,0
b_1738,11,0
b_1739,7,0
b_174,29,0
b_1740,29,0
b_1741,11,0
b_1742,11,0
b_1743,11,0
b_1744,11,0
b_1745,11,0
b_1746,7,0
b_1747,7,0
b_1748,11,0
b_1749,7,0
b_175,7,0
b_1750,7,0
b_1751,11,0
b_1752,11,0
b_1753,7,0
b_1754,11,0
b_1755,11,0
b_1756,29,0
b_1757,11,0
b_1758,29,0
b_1759,11,0
b_176,7,0
b_1760,29,0
b_1761,7,0
b_1762,7,0
b_1763,29,0
b_1764,29,0
b_1765,29,0
b_1766,11,0
b_1767,11,0
b_1768,29,0
b_1769,29,0
b_177,7,0
b_1770,7,0
b_1771,29,0
b_1772,11,0
b_1773,11,0
b_1774,7,0
b_1775,11,0
b_1776,11,0
b_1777,29,0
b_1778,29,0
b_1779,7,0
b_178,11,0
b_1780,7,0
b_1781,7,0
b_1782,11,0
b_1783,7,0
b_1784,11,0
b_1785,11,0
b_1786,11,0
b_1787,29,0
b_1788,11,0
b_1789,29,0
b_179,7,0
b_1790,11,0
b_1791,11,0
b_1792,11,0
b_1793,29,0
b_1794,7,0
b_1795,29,0
b_1796,29,0
b_1797,29,0
b_1798,29,0
b_1799,29,0
b_18,29,0
b_180,29,0
b_1800,11,0
b_1801,29,0
b_1802,11,0
b_1803,29,0
b_1804,29,0
b_1805,11,0
b_1806,29,0
b_1807,7,0
b_1808,7,0
b_1809,11,0
b_181,7,0
b_1810,29,0
b_1811,7,0
b_1812,29,0
b_1813,11,0
b_1814,7,0
b_1815,29,0
b_1816,11,0
b_1817,7,0
b_1818,11,0
b_1819,29,0
b_182,11,0
b_1820,29,0
b_1821,29,0
b_1822,7,0
b_1823,11,0
b_1824,7,0
b_1825,11,0
b_1826,7,0
b_1827,29,0
b_1828,29,0
b_1829,29,0
b_183,7,0
b_1830,11,0
b_1831,11,0
b_1832,11,0
b_1833,29,0
b_1834,29,0
b_1835,7,0
b_1836,7,0
b_1837,29,0
b_1838,7,0
b_1839,29,0
b_184,29,0
b_1840,29,0
b_1841,29,0
b_1842,7,0
b_1843,11,0
b_1844,7,0
b_1845,7,0
b_1846,29,0
b_1847,29,0
b_1848,7,0
b_1849,11,0
b_185,29,0
b_1850,7,0
b_1851,11,0
b_1852,11,0
b_1853,29,0
b_1854,29,0
b_1855,11,0
b_1856,11,0
b_1857,29,0
b_1858,29,0
b_1859,11,0
b_186,29,0
b_1860,7,0
b_1861,29,0
b_1862,29,0
b_1863,29,0
b_1864,29,0
b_1865,11,0
b_1866,7,0
b_1867,29,0
b_1868,11,0
b_1869,7,0
b_187,29,0
b_1870,11,0
b_1871,7,0
b_1872,7,0
b_1873,29,0
b_1874,29,0
b_1875,29,0
b_1876,7,0
b_1877,7,0
b_1878,11,0
b_1879,29,0
b_188,7,0
b_1880,7,0
b_1881,11,0
b_1882,29,0
b_1883,7,0
b_1884,29,0
b_1885,7,0
b_1886,11,0
b_1887,29,0
b_1888,7,0
b_1889,29,0
b_189,7,0
b_1890,7,0
b_1891,7,0
b_1892,11,0
b_1893,11,0
b_1894,11,0
b_1895,11,0
b_1896,7,0
b_1897,29,0
b_1898,7,0
b_1899,7,0
b_19,11,0
b_190,11,0
b_1900,7,0
b_1901,7,0
b_1902,7,0
b_1903,7,0
b_1904,7,0
b_1905,11,0
b_1906,29,0
b_1907,29,0
b_1908,29,0
b_1909,29,0
b_191,29,0
b_1910,11,0
b_1911,11,0
b_1912,11,0
b_1913,7,0
b_1914,7,0
b_1915,7,0
b_1916,11,0
b_1917,7,0
b_1918,29,0
b_1919,11,0
b_192,11,0
b_1920,29,0
b_1921,29,0
b_1922,29,0
b_1923,29,0
b_1924,11,0
b_1925,29,0
b_1926,11,0
b_1927,11,0
b_1928,29,0
b_1929,7,0
b_193,11,0
b_1930,29,0
b_1931,29,0
b_1932,7,0
b_1933,11,0
b_1934,29,0
b_1935,11,0
b_1936,7,0
b_1937,7,0
b_1938,29,0
b_1939,29,0
b_194,29,0
b_1940,29,0
b_1941,29,0
b_1942,11,0
b_1943,11,0
b_1944,29,0
b_1945,11,0
b_1946,7,0
b_1947,11,0
b_1948,11,0
b_1949,11,0
b_195,7,0
b_1950,29,0
b_1951,11,0
b_1952,7,0
b_1953,7,0
b_1954,7,0
b_1955,7,0
b_1956,29,0
b_1957,29,0
b_1958,11,0
b_1959,11,0
b_196,11,0
b_1960,7,0
b_1961,7,0
b_1962,29,0
b_1963,11,0
b_1964,7,0
b_1965,11,0
b_1966,7,0
b_1967,7,0
b_1968,11,0
b_1969,7,0
b_197,29,0
b_1970,7,0
b_1971,7,0
b_1972,11,0
b_1973,7,0
b_1974,11,0
b_1975,11,0
b_1976,11,0
b_1977,7,0
b_1978,29,0
b_1979,11,0
b_198,29,0
b_1980,11,0
b_1981,7,0
b_1982,7,0
b_1983,29,0
b_1984,11,0
b_1985,11,0
b_1986,29,0
b_1987,7,0
b_1988,7,0
b_1989,29,0
b_199,7,0
b_1990,11,0
b_1991,11,0
b_1992,11,0
b_1993,11,0
b_1994,29,0
b_1995,11,0
b_1996,29,0
b_1997,7,0
b_1998,11,0
b_1999,7,0
b_2,11,0
b_20,7,0
b_200,7,0
b_2000,7,0
b_2001,29,0
b_2002,11,0
b_2003,7,0
b_2004,7,0
b_2005,7,0
b_2006,29,0
b_2007,11,0
b_2008,7,0
b_2009,7,0
b_201,29,0
b_2010,7,0
b_2011,11,0
b_2012,11,0
b_2013,29,0
b_2014,11,0
b_2015,29,0
b_2016,11,0
b_2017,29,0
b_2018,11,0
b_2019,29,0
b_202,11,0
b_2020,29,0
b_2021,29,0
b_2022,11,0
b_2023,7,0
b_2024,29,0
b_2025,7,0
b_2026,11,0
b_2027,29,0
b_2028,11,0
b_2029,7,0
b_203,7,0
b_2030,29,0
b_2031,7,0
b_2032,29,0
b_2033,11,0
b_2034,29,0
b_2035,7,0
b_2036,7,0
b_2037,29,0
b_2038,29,0
b_2039,29,0
b_204,29,0
b_2040,11,0
b_2041,29,0
b_2042,11,0
b_2043,11,0
b_2044,7,0
b_2045,11,0
b_2046,7,0
b_2047,7,0
b_2048,29,0
b_2049,29,0
b_205,29,0
b_2050,29,0
b_2051,29,0
b_2052,29,0
b_2053,11,0
b_2054,11,0
b_2055,29,0
b_2056,7,0
b_2057,29,0
b_2058,29,0
b_2059,29,0
b_206,29,0
b_2060,7,0
b_2061,11,0
b_2062,11,0
b_2063,29,0
b_2064,29,0
b_2065,11,0
b_2066,11,0
b_2067,7,0
b_2068,7,0
b_2069,29,0
b_207,29,0
b_2070,7,0
b_2071,11,0
b_2072,7,0
b_2073,11,0
b_2074,11,0
b_2075,7,0
b_2076,7,0
b_2077,29,0
b_2078,11,0
b_2079,11,0
b_208,29,0
b_2080,29,0
b_2081,11,0
b_2082,11,0
b_2083,11,0
b_2084,11,0
b_2085,7,0
b_2086,29,0
b_2087,11,0
b_2088,29,0
b_2089,29,0
b_209,11,0
b_2090,7,0
b_2091,7,0
b_2092,7,0
b_2093,7,0
b_2094,11,0
b_2095,11,0
b_2096,7,0
b_2097,29,0
b_2098,7,0
b_2099,7,0
b_21,7,0
b_210,11,0
b_2100,29,0
b_2101,7,0
b_2102,29,0
b_2103,11,0
b_2104,29,0
b_2105,29,0
b_2106,11,0
b_2107,11,0
b_2108,11,0
b_2109,29,0
b_211,11,0
b_2110,29,0
b_2111,29,0
b_2112,11,0
b_2113,29,0
b_2114,7,0
b_2115,29,0
b_2116,7,0
b_2117,11,0
b_2118,11,0
b_2119,29,0
b_212,11,0
b_2120,11,0
b_2121,11,0
b_2122,11,0
b_2123,29,0
b_2124,11,0
b_2125,29,0
b_2126,7,0
b_2127,7,0
b_2128,7,0
b_2129,29,0
b_213,29,0
b_2130,29,0
b_2131,7,0
b_2132,11,0
b_2133,7,0
b_2134,29,0
b_2135,29,0
b_2136,11,0
b_2137,11,0
b_2138,7,0
b_2139,7,0
b_214,29,0
b_2140,29,0
b_2141,29,0
b_2142,29,0
b_2143,7,0
b_2144,7,0
b_2145,11,0
b_2146,29,0
b_2147,7,0
b_2148,7,0
b_2149,29,0
b_215,11,0
b_2150,11,0
b_2151,7,0
b_2152,29,0
b_2153,29,0
b_2154,29,0
b_2155,7,0
b_2156,7,0
b_2157,7,0
b_2158,11,0
b_2159,29,0
b_216,7,0
b_2160,7,0
b_2161,29,0
b_2162,29,0
b_2163,7,0
b_2164,29,0
b_2165,11,0
b_2166,11,0
b_2167,29,0
b_2168,29,0
b_2169,11,0
b_217,29,0
b_2170,7,0
b_2171,7,0
b_2172,11,0
b_2173,7,0
b_2174,7,0
b_2175,11,0
b_2176,11,0
b_2177,29,0
b_2178,29,0
b_2179,29,0
b_218,11,0
b_2180,11,0
b_2181,11,0
b_2182,11,0
b_2183,7,0
b_2184,29,0
b_2185,29,0
b_2186,7,0
b_2187,11,0
b_2188,11,0
b_2189,11,0
b_219,29,0
b_2190,7,0
b_2191,11,0
b_2192,7,0
b_2193,29,0
b_2194,29,0
b_2195,29,0
b_2196,11,0
b_2197,7,0
b_2198,11,0
b_2199,7,0
b_22,29,0
b_220,11,0
b_2200,7,0
b_2201,29,0
b_2202,7,0
b_2203,7,0
b_2204,11,0
b_2205,11,0
b_2206,29,0
b_2207,11,0
b_2208,29,0
b_2209,11,0
b_221,29,0
b_2210,7,0
b_2211,29,0
b_2212,11,0
b_2213,7,0
b_2214,29,0
b_2215,7,0
b_2216,29,0
b_2217,29,0
b_2218,7,0
b_2219,11,0
b_222,11,0
b_2220,11,0
b_2221,7,0
b_2222,29,0
b_2223,11,0
b_2224,11,0
b_2225,7,0
b_2226,11,0
b_2227,29,0
b_2228,11,0
b_2229,29,0
b_223,11,0
b_2230,29,0
b_2231,11,0
b_2232,11,0
b_2233,11,0
b_2234,29,0
b_2235,29,0
b_2236,7,0
b_2237,29,0
b_2238,11,0
b_2239,29,0
b_224,7,0
b_2240,29,0
b_2241,29,0
b_2242,7,0
b_2243,29,0
b_2244,29,0
b_2245,7,0
b_2246,11,0
b_2247,11,0
b_2248,29,0
b_2249,7,0
b_225,29,0
b_2250,7,0
b_2251,11,0
b_2252,29,0
b_2253,11,0
b_2254,11,0
b_2255,7,0
b_2256,7,0
b_2257,29,0
b_2258,11,0
b_2259,11,0
b_226,11,0
b_2260,7,0
b_2261,7,0
b_2262,7,0
b_2263,11,0
b_2264,7,0
b_2265,7,0
b_2266,7,0
b_2267,7,0
b_2268,7,0
b_2269,29,0
b_227,11,0
b_2270,7,0
b_2271,7,0
b_2272,29,0
b_2273,11,0
b_2274,11,0
b_2275,7,0
b_2276,11,0
b_2277,7,0
b_2278,7,0
b_2279,29,0
b_228,11,0
b_2280,29,0
b_2281,7,0
b_2282,29,0
b_2283,11,0
b_2284,7,0
b_2285,29,0
b_2286,29,0
b_2287,29,0
b_2288,11,0
b_2289,29,0
b_229,7,0
b_2290,29,0
b_2291,29,0
b_2292,11,0
b_2293,29,0
b_2294,29,0
b_2295,11,0
b_2296,11,0
b_2297,7,0
b_2298,11,0
b_2299,29,0
b_23,11,0
b_230,29,0
b_2300,29,0
b_2301,29,0
b_2302,7,0
b_2303,29,0
b_2304,7,0
b_2305,7,0
b_2306,11,0
b_2307,7,0
b_2308,29,0
b_2309,7,0
b_231,7,0
b_2310,11,0
b_2311,29,0
b_2312,29,0
b_2313,29,0
b_2314,7,0
b_2315,7,0
b_2316,11,0
b_2317,29,0
b_2318,7,0
b_2319,11,0
b_232,7,0
b_2320,7,0
b_2321,7,0
b_2322,11,0
b_2323,7,0
b_2324,7,0
b_2325,29,0
b_2326,11,0
b_2327,29,0
b_2328,29,0
b_2329,11,0
b_233,7,0
b_2330,7,0
b_2331,11,0
b_2332,11,0
b_2333,29,0
b_2334,11,0
b_2335,11,0
b_2336,7,0
b_2337,29,0
b_2338,29,0
b_2339,11,0
b_234,7,0
b_2340,7,0
b_2341,29,0
b_2342,7,0
b_2343,11,0
b_2344,7,0
b_2345,11,0
b_2346,29,0
b_2347,29,0
b_2348,7,0
b_2349,11,0
b_235,29,0
b_2350,29,0
b_2351,29,0
b_2352,11,0
b_2353,7,0
b_2354,7,0
b_2355,7,0
b_2356,7,0
b_2357,7,0
b_2358,7,0
b_2359,7,0
b_236,29,0
b_2360,7,0
b_2361,11,0
b_2362,11,0
b_2363,11,0
b_2364,11,0
b_2365,11,0
b_2366,11,0
b_2367,11,0
b_2368,39,1
b_2369,7,0
b_237,7,0
b_2370,7,0
b_2371,7,0
b_2372,7,0
b_2373,7,0
b_2374,7,0
b_2375,29,0
b_2376,11,0
b_2377,7,0
b_2378,7,0
b_2379,29,0
b_238,7,0
b_2380,29,0
b_2381,29,0
b_2382,7,0
b_2383,11,0
b_2384,11,0
b_2385,11,0
b_2386,11,0
b_2387,29,0
b_2388,7,0
b_2389,7,0
b_239,11,0
b_2390,7,0
b_2391,7,0
b_2392,29,0
b_2393,29,0
b_2394,7,0
b_2395,11,0
b_2396,29,0
b_2397,11,0
b_2398,29,0
b_2399,11,0
b_24,29,0
b_240,7,0
b_2400,29,0
b_2401,7,0
b_2402,7,0
b_2403,7,0
b_2404,7,0
b_2405,11,0
b_2406,11,0
b_2407,11,0
b_2408,7,0
b_2409,11,0
b_241,29,0
b_2410,7,0
b_2411,11,0
b_2412,7,0
b_2413,29,0
b_2414,29,0
b_2415,7,0
b_2416,11,0
b_2417,29,0
b_2418,29,0
b_2419,11,0
b_242,7,0
b_2420,7,0
b_2421,7,0
b_2422,11,0
b_2423,7,0
b_2424,7,0
b_2425,11,0
b_2426,7,0
b_2427,7,0
b_2428,11,0
b_2429,7,0
b_243,11,0
b_2430,29,0
b_2431,29,0
b_2432,11,0
b_2433,29,0
b_2434,11,0
b_2435,11,0
b_2436,11,0
b_2437,29,0
b_2438,11,0
b_2439,11,0
b_244,7,0
b_2440,7,0
b_2441,11,0
b_2442,11,0
b_2443,11,0
b_2444,11,0
b_2445,29,0
b_2446,7,0
b_2447,11,0
b_2448,7,0
b_2449,29,0
b_245,7,0
b_2450,7,0
b_2451,29,0
b_2452,11,0
b_2453,7,0
b_2454,11,0
b_2455,7,0
b_2456,11,0
b_2457,7,0
b_2458,7,0
b_2459,11,0
b_246,11,0
b_2460,29,0
b_2461,29,0
b_2462,11,0
b_2463,29,0
b_2464,29,0
b_2465,29,0
b_2466,11,0
b_2467,7,0
b_2468,29,0
b_2469,7,0
b_247,7,0
b_2470,7,0
b_2471,29,0
b_2472,7,0
b_2473,29,0
b_2474,7,0
b_2475,29,0
b_2476,29,0
b_2477,7,0
b_2478,11,0
b_2479,7,0
b_248,7,0
b_2480,7,0
b_2481,7,0
b_2482,11,0
b_2483,11,0
b_2484,7,0
b_2485,29,0
b_2486,29,0
b_2487,7,0
b_2488,7,0
b_2489,7,0
b_249,7,0
b_2490,11,0
b_2491,7,0
b_2492,11,0
b_2493,29,0
b_2494,29,0
b_2495,29,0
b_2496,29,0
b_2497,11,0
b_2498,29,0
b_2499,29,0
b_25,29,0
b_250,7,0
b_2500,29,0
b_2501,29,0
b_2502,7,0
b_2503,11,0
b_2504,29,0
b_2505,29,0
b_2506,7,0
b_2507,7,0
b_2508,7,0
b_2509,29,0
b_251,29,0
b_2510,7,0
b_2511,7,0
b_2512,11,0
b_2513,11,0
b_2514,29,0
b_2515,11,0
b_2516,11,0
b_2517,29,0
b_2518,7,0
b_2519,11,0
b_252,7,0
b_2520,29,0
b_2521,11,0
b_2522,7,0
b_2523,7,0
b_2524,7,0
b_2525,7,0
b_2526,7,0
b_2527,11,0
b_2528,7,0
b_2529,11,0
b_253,11,0
b_2530,29,0
b_2531,11,0
b_2532,29,0
b_2533,7,0
b_2534,29,0
b_2535,29,0
b_2536,29,0
b_2537,7,0
b_2538,29,0
b_2539,29,0
b_254,7,0
b_2540,11,0
b_2541,29,0
b_2542,29,0
b_2543,7,0
b_2544,11,0
b_2545,29,0
b_2546,29,0
b_2547,7,0
b_2548,7,0
b_2549,7,0
b_255,11,0
b_2550,11,0
b_2551,7,0
b_2552,29,0
b_2553,11,0
b_2554,11,0
b_2555,11,0
b_2556,7,0
b_2557,29,0
b_2558,7,0
b_2559,29,0
b_256,29,0
b_2560,11,0
b_2561,11,0
b_2562,11,0
b_2563,7,0
b_2564,29,0
b_2565,11,0
b_2566,39,1
b_2567,11,0
b_2568,29,0
b_2569,11,0
b_257,29,0
b_2570,7,0
b_2571,29,0
b_2572,29,0
b_2573,11,0
b_2574,7,0
b_2575,29,0
b_2576,7,0
b_2577,11,0
b_2578,29,0
b_2579,29,0
b_258,29,0
b_2580,11,0
b_2581,11,0
b_2582,7,0
b_2583,7,0
b_2584,29,0
b_2585,11,0
b_2586,11,0
b_2587,7,0
b_2588,11,0
b_2589,7,0
b_259,29,0
b_2590,11,0
b_2591,11,0
b_2592,11,0
b_2593,7,0
b_2594,11,0
b_2595,7,0
b_2596,7,0
b_2597,29,0
b_2598,29,0
b_2599,29,0
b_26,11,0
b_260,7,0
b_2600,7,0
b_2601,11,0
b_2602,7,0
b_2603,29,0
b_2604,29,0
b_2605,11,0
b_2606,29,0
b_2607,11,0
b_2608,11,0
b_2609,29,0
b_261,29,0
b_2610,11,0
b_2611,29,0
b_2612,29,0
b_2613,11,0
b_2614,11,0
b_2615,7,0
b_2616,7,0
b_2617,7,0
b_2618,7,0
b_2619,7,0
b_262,7,0
b_2620,29,0
b_2621,11,0
b_2622,7,0
b_2623,29,0
b_2624,11,0
b_2625,7,0
b_2626,29,0
b_2627,11,0
b_2628,11,0
b_2629,11,0
b_263,11,0
b_2630,7,0
b_2631,29,0
b_2632,11,0
b_2633,7,0
b_2634,11,0
b_2635,7,0
b_2636,7,0
b_2637,7,0
b_2638,7,0
b_2639,29,0
b_264,7,0
b_2640,11,0
b_2641,11,0
b_2642,11,0
b_2643,11,0
b_2644,7,0
b_2645,11,0
b_2646,11,0
b_2647,29,0
b_2648,11,0
b_2649,11,0
b_265,11,0
b_2650,29,0
b_2651,29,0
b_2652,11,0
b_2653,11,0
b_2654,29,0
b_2655,29,0
b_2656,29,0
b_2657,29,0
b_2658,29,0
b_2659,29,0
b_266,29,0
b_2660,11,0
b_2661,11,0
b_2662,7,0
b_2663,7,0
b_2664,11,0
b_2665,29,0
b_2666,29,0
b_2667,7,0
b_2668,29,0
b_2669,7,0
b_267,7,0
b_2670,7,0
b_2671,7,0
b_2672,11,0
b_2673,7,0
b_2674,7,0
b_2675,29,0
b_2676,29,0
b_2677,7,0
b_2678,7,0
b_2679,11,0
b_268,29,0
b_2680,29,0
b_2681,11,0
b_2682,7,0
b_2683,7,0
b_2684,11,0
b_2685,7,0
b_2686,29,0
b_2687,29,0
b_2688,7,0
b_2689,11,0
b_269,11,0
b_2690,7,0
b_2691,11,0
b_2692,7,0
b_2693,7,0
b_2694,11,0
b_2695,7,0
b_2696,29,0
b_2697,29,0
b_2698,11,0
b_2699,7,0
b_27,7,0
b_270,11,0
b_2700,29,0
b_2701,29,0
b_2702,7,0
b_2703,7,0
b_2704,7,0
b_2705,7,0
b_2706,7,0
b_2707,11,0
b_2708,29,0
b_2709,11,0
b_271,29,0
b_2710,7,0
b_2711,11,0
b_2712,29,0
b_2713,7,0
b_2714,11,0
b_2715,11,0
b_2716,7,0
b_2717,29,0
b_2718,11,0
b_2719,7,0
b_272,11,0
b_2720,11,0
b_2721,11,0
b_2722,29,0
b_2723,29,0
b_2724,11,0
b_2725,11,0
b_2726,11,0
b_2727,29,0
b_2728,11,0
b_2729,11,0
b_273,11,0
b_2730,11,0
b_2731,29,0
b_2732,11,0
b_2733,29,0
b_2734,11,0
b_2735,7,0
b_2736,29,0
b_2737,7,0
b_2738,11,0
b_2739,29,0
b_274,7,0
b_2740,29,0
b_2741,11,0
b_2742,11,0
b_2743,7,0
b_2744,29,0
b_2745,29,0
b_2746,7,0
b_2747,11,0
b_2748,11,0
b_2749,7,0
b_275,11,0
b_2750,7,0
b_2751,11,0
b_2752,11,0
b_2753,11,0
b_2754,7,0
b_2755,11,0
b_2756,7,0
b_2757,7,0
b_2758,11,0
b_2759,11,0
b_276,11,0
b_2760,29,0
b_2761,11,0
b_2762,7,0
b_2763,7,0
b_2764,29,0
b_2765,11,0
b_2766,11,0
b_2767,29,0
b_2768,7,0
b_2769,29,0
b_277,7,0
b_2770,7,0
b_2771,11,0
b_2772,7,0
b_2773,11,0
b_2774,7,0
b_2775,7,0
b_2776,29,0
b_2777,7,0
b_2778,7,0
b_2779,7,0
b_278,7,0
b_2780,11,0
b_2781,7,0
b_2782,29,0
b_2783,11,0
b_2784,7,0
b_2785,11,0
b_2786,29,0
b_2787,7,0
b_2788,11,0
b_2789,29,0
b_279,29,0
b_2790,29,0
b_2791,29,0
b_2792,7,0
b_2793,29,0
b_2794,11,0
b_2795,7,0
b_2796,7,0
b_2797,11,0
b_2798,7,0
b_2799,11,0
b_28,11,0
b_280,29,0
b_2800,7,0
b_2801,11,0
b_2802,7,0
b_2803,11,0
b_2804,29,0
b_2805,29,0
b_2806,11,0
b_2807,7,0
b_2808,7,0
b_2809,11,0
b_281,7,0
b_2810,11,0
b_2811,29,0
b_2812,29,0
b_2813,11,0
b_2814,11,0
b_2815,7,0
b_2816,29,0
b_2817,29,0
b_2818,11,0
b_2819,11,0
b_282,11,0
b_2820,11,0
b_2821,11,0
b_2822,11,0
b_2823,7,0
b_2824,29,0
b_2825,11,0
b_2826,7,0
b_2827,7,0
b_2828,29,0
b_2829,7,0
b_283,11,0
b_2830,29,0
b_2831,7,0
b_2832,29,0
b_2833,11,0
b_2834,29,0
b_2835,11,0
b_2836,11,0
b_2837,7,0
b_2838,7,0
b_2839,11,0
b_284,29,0
b_2840,29,0
b_2841,29,0
b_2842,11,0
b_2843,29,0
b_2844,11,0
b_2845,29,0
b_2846,11,0
b_2847,11,0
b_2848,7,0
b_2849,29,0
b_285,11,0
b_2850,29,0
b_2851,11,0
b_2852,11,0
b_2853,11,0
b_2854,11,0
b_2855,29,0
b_2856,11,0
b_2857,7,0
b_2858,7,0
b_2859,11,0
b_286,11,0
b_2860,11,0
b_2861,29,0
b_2862,11,0
b_2863,29,0
b_2864,29,0
b_2865,29,0
b_2866,29,0
b_2867,7,0
b_2868,7,0
b_2869,29,0
b_287,7,0
b_2870,11,0
b_2871,7,0
b_2872,11,0
b_2873,7,0
b_2874,29,0
b_2875,11,0
b_2876,29,0
b_2877,7,0
b_2878,7,0
b_2879,29,0
b_288,11,0
b_2880,29,0
b_2881,29,0
b_2882,29,0
b_2883,7,0
b_2884,7,0
b_2885,7,0
b_2886,29,0
b_2887,11,0
b_2888,11,0
b_2889,11,0
b_289,11,0
b_2890,11,0
b_2891,11,0
b_2892,11,0
b_2893,11,0
b_2894,29,0
b_2895,29,0
b_2896,11,0
b_2897,7,0
b_2898,29,0
b_2899,11,0
b_29,11,0
b_290,11,0
b_2900,11,0
b_2901,7,0
b_2902,11,0
b_2903,29,0
b_2904,7,0
b_2905,11,0
b_2906,29,0
b_2907,11,0
b_2908,7,0
b_2909,7,0
b_291,7,0
b_2910,29,0
b_2911,11,0
b_2912,11,0
b_2913,29,0
b_2914,11,0
b_2915,11,0
b_2916,11,0
b_2917,29,0
b_2918,7,0
b_2919,29,0
b_292,11,0
b_2920,11,0
b_2921,7,0
b_2922,11,0
b_2923,7,0
b_2924,11,0
b_2925,7,0
b_2926,11,0
b_2927,11,0
b_2928,7,0
b_2929,11,0
b_293,11,0
b_2930,7,0
b_2931,11,0
b_2932,11,0
b_2933,7,0
b_2934,11,0
b_2935,7,0
b_2936,7,0
b_2937,11,0
b_2938,7,0
b_2939,11,0
b_294,29,0
b_2940,11,0
b_2941,7,0
b_2942,11,0
b_2943,29,0
b_2944,29,0
b_2945,29,0
b_2946,7,0
b_2947,29,0
b_2948,7,0
b_2949,7,0
b_295,7,0
b_2950,11,0
b_2951,29,0
b_2952,11,0
b_2953,11,0
b_2954,29,0
b_2955,29,0
b_2956,29,0
b_2957,11,0
b_2958,7,0
b_2959,29,0
b_296,7,0
b_2960,11,0
b_2961,11,0
b_2962,7,0
b_2963,11,0
b_2964,11,0
b_2965,7,0
b_2966,29,0
b_2967,11,0
b_2968,11,0
b_2969,7,0
b_297,7,0
b_2970,7,0
b_2971,29,0
b_2972,11,0
b_2973,11,0
b_2974,7,0
b_2975,11,0
b_2976,11,0
b_2977,11,0
b_2978,7,0
b_2979,29,0
b_298,7,0
b_2980,29,0
b_2981,7,0
b_2982,7,0
b_2983,29,0
b_2984,7,0
b_2985,7,0
b_2986,29,0
b_2987,11,0
b_2988,7,0
b_2989,11,0
b_299,11,0
b_2990,29,0
b_2991,29,0
b_2992,11,0
b_2993,29,0
b_2994,11,0
b_2995,29,0
b_2996,11,0
b_2997,7,0
b_2998,7,0
b_2999,11,0
b_3,11,0
b_30,11,0
b_300,29,0
b_3000,7,0
b_3001,7,0
b_3002,29,0
b_3003,29,0
b_3004,11,0
b_3005,11,0
b_3006,29,0
b_3007,11,0
b_3008,29,0
b_3009,11,0
b_301,29,0
b_3010,7,0
b_3011,11,0
b_3012,11,0
b_3013,29,0
b_3014,29,0
b_3015,11,0
b_3016,7,0
b_3017,7,0
b_3018,29,0
b_3019,29,0
b_302,11,0
b_3020,7,0
b_3021,7,0
b_3022,7,0
b_3023,29,0
b_3024,7,0
b_3025,11,0
b_3026,29,0
b_3027,11,0
b_3028,7,0
b_3029,11,0
b_303,29,0
b_3030,7,0
b_3031,29,0
b_3032,7,0
b_3033,29,0
b_3034,7,0
b_3035,29,0
b_3036,7,0
b_3037,29,0
b_3038,7,0
b_3039,29,0
b_304,11,0
b_3040,11,0
b_3041,29,0
b_3042,29,0
b_3043,29,0
b_3044,29,0
b_3045,11,0
b_3046,7,0
b_3047,7,0
b_3048,7,0
b_3049,7,0
b_305,7,0
b_3050,7,0
b_3051,7,0
b_3052,7,0
b_3053,11,0
b_3054,7,0
b_3055,11,0
b_3056,11,0
b_3057,11,0
b_3058,7,0
b_3059,7,0
b_306,29,0
b_3060,7,0
b_3061,7,0
b_3062,11,0
b_3063,11,0
b_3064,29,0
b_3065,7,0
b_3066,11,0
b_3067,29,0
b_3068,29,0
b_3069,7,0
b_307,29,0
b_3070,11,0
b_3071,7,0
b_3072,7,0
b_3073,7,0
b_3074,7,0
b_3075,29,0
b_3076,11,0
b_3077,11,0
b_3078,39,1
b_3079,7,0
b_308,7,0
b_3080,29,0
b_3081,7,0
b_3082,11,0
b_3083,11,0
b_3084,29,0
b_3085,11,0
b_3086,11,0
b_3087,7,0
b_3088,7,0
b_3089,7,0
b_309,11,0
b_3090,7,0
b_3091,29,0
b_3092,11,0
b_3093,7,0
b_3094,11,0
b_3095,11,0
b_3096,29,0
b_3097,29,0
b_3098,29,0
b_3099,29,0
b_31,29,0
b_310,11,0
b_3100,11,0
b_3101,7,0
b_3102,29,0
b_3103,29,0
b_3104,29,0
b_3105,29,0
b_3106,11,0
b_3107,11,0
b_3108,7,0
b_3109,11,0
b_311,11,0
b_3110,11,0
b_3111,29,0
b_3112,11,0
b_3113,11,0
b_3114,7,0
b_3115,7,0
b_3116,11,0
b_3117,7,0
b_3118,7,0
b_3119,7,0
b_312,7,0
b_3120,29,0
b_3121,7,0
b_3122,11,0
b_3123,11,0
b_3124,7,0
b_3125,29,0
b_3126,29,0
b_3127,29,0
b_3128,11,0
b_3129,11,0
b_313,7,0
b_3130,11,0
b_3131,29,0
b_3132,29,0
b_3133,11,0
b_3134,11,0
b_3135,29,0
b_3136,7,0
b_3137,11,0
b_3138,11,0
b_3139,7,0
b_314,11,0
b_3140,29,0
b_3141,7,0
b_3142,11,0
b_3143,29,0
b_3144,11,0
b_3145,29,0
b_3146,7,0
b_3147,7,0
b_3148,29,0
b_3149,29,0
b_315,7,0
b_3150,11,0
b_3151,29,0
b_3152,29,0
b_3153,29,0
b_3154,7,0
b_3155,11,0
b_3156,7,0
b_3157,7,0
b_3158,29,0
b_3159,29,0
b_316,7,0
b_3160,29,0
b_3161,7,0
b_3162,7,0
b_3163,11,0
b_3164,11,0
b_3165,29,0
b_3166,11,0
b_3167,29,0
b_3168,11,0
b_3169,11,0
b_317,29,0
b_3170,11,0
b_3171,11,0
b_3172,7,0
b_3173,11,0
b_3174,7,0
b_3175,29,0
b_3176,11,0
b_3177,29,0
b_3178,7,0
b_3179,29,0
b_318,29,0
b_3180,11,0
b_3181,29,0
b_3182,7,0
b_3183,7,0
b_3184,7,0
b_3185,7,0
b_3186,29,0
b_3187,7,0
b_3188,29,0
b_3189,11,0
b_319,11,0
b_3190,29,0
b_3191,7,0
b_3192,11,0
b_3193,29,0
b_3194,29,0
b_3195,29,0
b_3196,7,0
b_3197,29,0
b_3198,29,0
b_3199,29,0
b_32,29,0
b_320,29,0
b_3200,7,0
b_3201,29,0
b_3202,7,0
b_3203,7,0
b_3204,11,0
b_3205,7,0
b_3206,11,0
b_3207,29,0
b_3208,7,0
b_3209,11,0
b_321,7,0
b_3210,29,0
b_3211,29,0
b_3212,11,0
b_3213,7,0
b_3214,29,0
b_3215,11,0
b_3216,11,0
b_3217,29,0
b_3218,11,0
b_3219,29,0
b_322,11,0
b_3220,29,0
b_3221,7,0
b_3222,29,0
b_3223,7,0
b_3224,11,0
b_3225,11,0
b_3226,7,0
b_3227,11,0
b_3228,29,0
b_3229,7,0
b_323,11,0
b_3230,29,0
b_3231,7,0
b_3232,29,0
b_3233,29,0
b_3234,11,0
b_3235,29,0
b_3236,29,0
b_3237,29,0
b_3238,11,0
b_3239,7,0
b_324,29,0
b_3240,11,0
b_3241,29,0
b_3242,11,0
b_3243,11,0
b_3244,7,0
b_3245,7,0
b_3246,11,0
b_3247,7,0
b_3248,11,0
b_3249,29,0
b_325,11,0
b_3250,29,0
b_3251,29,0
b_3252,29,0
b_3253,11,0
b_3254,29,0
b_3255,29,0
b_3256,7,0
b_3257,11,0
b_3258,7,0
b_3259,7,0
b_326,7,0
b_3260,29,0
b_3261,7,0
b_3262,29,0
b_3263,7,0
b_3264,11,0
b_3265,29,0
b_3266,29,0
b_3267,7,0
b_3268,11,0
b_3269,29,0
b_327,29,0
b_3270,7,0
b_3271,7,0
b_3272,7,0
b_3273,11,0
b_3274,29,0
b_3275,11,0
b_3276,29,0
b_3277,11,0
b_3278,29,0
b_3279,29,0
b_328,11,0
b_3280,7,0
b_3281,29,0
b_3282,7,0
b_3283,7,0
b_3284,7,0
b_3285,29,0
b_3286,7,0
b_3287,11,0
b_3288,11,0
b_3289,29,0
b_329,29,0
b_3290,7,0
b_3291,29,0
b_3292,11,0
b_3293,29,0
b_3294,29,0
b_3295,7,0
b_3296,11,0
b_3297,7,0
b_3298,7,0
b_3299,7,0
b_33,11,0
b_330,7,0
b_3300,7,0
b_3301,7,0
b_3302,11,0
b_3303,11,0
b_3304,29,0
b_3305,29,0
b_3306,11,0
b_3307,11,0
b_3308,11,0
b_3309,7,0
b_331,29,0
b_3310,7,0
b_3311,11,0
b_3312,29,0
b_3313,7,0
b_3314,11,0
b_3315,7,0
b_3316,11,0
b_3317,7,0
b_3318,29,0
b_3319,29,0
b_332,11,0
b_3320,11,0
b_3321,11,0
b_3322,29,0
b_3323,7,0
b_3324,11,0
b_3325,29,0
b_3326,11,0
b_3327,11,0
b_3328,11,0
b_3329,29,0
b_333,29,0
b_3330,7,0
b_3331,29,0
b_3332,7,0
b_3333,29,0
b_3334,11,0
b_3335,29,0
b_3336,29,0
b_3337,11,0
b_3338,29,0
b_3339,29,0
b_334,29,0
b_3340,29,0
b_3341,29,0
b_3342,29,0
b_3343,29,0
b_3344,11,0
b_3345,29,0
b_3346,29,0
b_3347,29,0
b_3348,11,0
b_3349,11,0
b_335,11,0
b_3350,11,0
b_3351,7,0
b_3352,29,0
b_3353,29,0
b_3354,29,0
b_3355,7,0
b_3356,11,0
b_3357,29,0
b_3358,11,0
b_3359,7,0
b_336,11,0
b_3360,29,0
b_3361,7,0
b_3362,7,0
b_3363,29,0
b_3364,29,0
b_3365,11,0
b_3366,7,0
b_3367,7,0
b_3368,7,0
b_3369,7,0
b_337,7,0
b_3370,7,0
b_3371,7,0
b_3372,7,0
b_3373,11,0
b_3374,7,0
b_3375,7,0
b_3376,29,0
b_3377,11,0
b_3378,29,0
b_3379,7,0
b_338,29,0
b_3380,29,0
b_3381,29,0
b_3382,29,0
b_3383,29,0
b_3384,7,0
b_3385,7,0
b_3386,11,0
b_3387,29,0
b_3388,29,0
b_3389,7,0
b_339,29,0
b_3390,29,0
b_3391,7,0
b_3392,7,0
b_3393,7,0
b_3394,11,0
b_3395,11,0
b_3396,29,0
b_3397,29,0
b_3398,29,0
b_3399,29,0
b_34,29,0
b_340,11,0
b_3400,11,0
b_3401,11,0
b_3402,7,0
b_3403,7,0
b_3404,29,0
b_3405,29,0
b_3406,11,0
b_3407,11,0
b_3408,11,0
b_3409,7,0
b_341,7,0
b_3410,29,0
b_3411,29,0
b_3412,29,0
b_3413,11,0
b_3414,11,0
b_3415,29,0
b_3416,29,0
b_3417,29,0
b_3418,11,0
b_3419,11,0
b_342,11,0
b_3420,7,0
b_3421,7,0
b_3422,11,0
b_3423,7,0
b_3424,29,0
b_3425,29,0
b_3426,11,0
b_3427,11,0
b_3428,11,0
b_3429,29,0
b_343,7,0
b_3430,29,0
b_3431,29,0
b_3432,7,0
b_3433,7,0
b_3434,11,0
b_3435,7,0
b_3436,29,0
b_3437,29,0
b_3438,29,0
b_3439,7,0
b_344,29,0
b_3440,11,0
b_3441,29,0
b_3442,11,0
b_3443,11,0
b_3444,7,0
b_3445,29,0
b_3446,29,0
b_3447,29,0
b_3448,11,0
b_3449,11,0
b_345,29,0
b_3450,29,0
b_3451,7,0
b_3452,7,0
b_3453,11,0
b_3454,7,0
b_3455,11,0
b_3456,11,0
b_3457,7,0
b_3458,29,0
b_3459,11,0
b_346,7,0
b_3460,29,0
b_3461,29,0
b_3462,11,0
b_3463,11,0
b_3464,29,0
b_3465,7,0
b_3466,7,0
b_3467,29,0
b_3468,29,0
b_3469,11,0
b_347,7,0
b_3470,7,0
b_3471,11,0
b_3472,7,0
b_3473,7,0
b_3474,11,0
b_3475,11,0
b_3476,11,0
b_3477,29,0
b_3478,7,0
b_3479,7,0
b_348,7,0
b_3480,7,0
b_3481,29,0
b_3482,29,0
b_3483,7,0
b_3484,11,0
b_3485,29,0
b_3486,7,0
b_3487,7,0
b_3488,7,0
b_3489,29,0
b_349,7,0
b_3490,7,0
b_3491,29,0
b_3492,7,0
b_3493,7,0
b_3494,7,0
b_3495,11,0
b_3496,7,0
b_3497,11,0
b_3498,11,0
b_3499,7,0
b_35,7,0
b_350,11,0
b_3500,29,0
b_3501,11,0
b_3502,7,0
b_3503,29,0
b_3504,11,0
b_3505,11,0
b_3506,29,0
b_3507,11,0
b_3508,7,0
b_3509,7,0
b_351,29,0
b_3510,7,0
b_3511,29,0
b_3512,11,0
b_3513,11,0
b_3514,29,0
b_3515,7,0
b_3516,29,0
b_3517,29,0
b_3518,29,0
b_3519,11,0
b_352,7,0
b_3520,11,0
b_3521,11,0
b_3522,29,0
b_3523,11,0
b_3524,7,0
b_3525,11,0
b_3526,29,0
b_3527,29,0
b_3528,11,0
b_3529,29,0
b_353,29,0
b_3530,11,0
b_3531,7,0
b_3532,11,0
b_3533,29,0
b_3534,11,0
b_3535,11,0
b_3536,11,0
b_3537,11,0
b_3538,11,0
b_3539,29,0
b_354,7,0
b_3540,7,0
b_3541,7,0
b_3542,29,0
b_3543,29,0
b_3544,11,0
b_3545,29,0
b_3546,11,0
b_3547,7,0
b_3548,11,0
b_3549,11,0
b_355,11,0
b_3550,29,0
b_3551,29,0
b_3552,29,0
b_3553,29,0
b_3554,29,0
b_3555,29,0
b_3556,11,0
b_3557,7,0
b_3558,29,0
b_3559,11,0
b_356,29,0
b_3560,7,0
b_3561,11,0
b_3562,11,0
b_3563,7,0
b_3564,7,0
b_3565,29,0
b_3566,11,0
b_3567,11,0
b_3568,11,0
b_3569,29,0
b_357,11,0
b_3570,11,0
b_3571,29,0
b_3572,7,0
b_3573,29,0
b_3574,11,0
b_3575,7,0
b_3576,11,0
b_3577,29,0
b_3578,7,0
b_3579,29,0
b_358,7,0
b_3580,11,0
b_3581,29,0
b_3582,7,0
b_3583,7,0
b_3584,7,0
b_3585,29,0
b_3586,7,0
b_3587,29,0
b_3588,7,0
b_3589,29,0
b_359,29,0
b_3590,11,0
b_3591,7,0
b_3592,29,0
b_3593,11,0
b_3594,29,0
b_3595,29,0
b_3596,29,0
b_3597,29,0
b_3598,7,0
b_3599,11,0
b_36,29,0
b_360,11,0
b_3600,29,0
b_3601,29,0
b_3602,7,0
b_3603,11,0
b_3604,7,0
b_3605,7,0
b_3606,11,0
b_3607,11,0
b_3608,7,0
b_3609,29,0
b_361,11,0
b_3610,29,0
b_3611,11,0
b_3612,11,0
b_3613,7,0
b_3614,11,0
b_3615,11,0
b_3616,29,0
b_3617,29,0
b_3618,11,0
b_3619,7,0
b_362,7,0
b_3620,11,0
b_3621,11,0
b_3622,11,0
b_3623,7,0
b_3624,29,0
b_3625,7,0
b_3626,7,0
b_3627,29,0
b_3628,7,0
b_3629,7,0
b_363,29,0
b_3630,7,0
b_3631,11,0
b_3632,11,0
b_3633,11,0
b_3634,7,0
b_3635,7,0
b_3636,11,0
b_3637,11,0
b_3638,11,0
b_3639,7,0
b_364,11,0
b_3640,11,0
b_3641,11,0
b_3642,11,0
b_3643,29,0
b_3644,7,0
b_3645,29,0
b_3646,11,0
b_3647,7,0
b_3648,7,0
b_3649,11,0
b_365,11,0
b_3650,7,0
b_3651,11,0
b_3652,29,0
b_3653,29,0
b_3654,7,0
b_3655,29,0
b_3656,29,0
b_3657,7,0
b_3658,29,0
b_3659,29,0
b_366,11,0
b_3660,7,0
b_3661,11,0
b_3662,11,0
b_3663,11,0
b_3664,29,0
b_3665,11,0
b_3666,29,0
b_3667,11,0
b_3668,29,0
b_3669,29,0
b_367,7,0
b_3670,7,0
b_3671,11,0
b_3672,7,0
b_3673,29,0
b_3674,29,0
b_3675,29,0
b_3676,7,0
b_3677,7,0
b_3678,11,0
b_3679,11,0
b_368,7,0
b_3680,11,0
b_3681,29,0
b_3682,29,0
b_3683,11,0
b_3684,7,0
b_3685,7,0
b_3686,7,0
b_3687,29,0
b_3688,11,0
b_3689,7,0
b_369,11,0
b_3690,7,0
b_3691,29,0
b_3692,7,0
b_3693,29,0
b_3694,11,0
b_3695,11,0
b_3696,29,0
b_3697,29,0
b_3698,11,0
b_3699,7,0
b_37,7,0
b_370,29,0
b_3700,29,0
b_3701,11,0
b_3702,11,0
b_3703,11,0
b_3704,11,0
b_3705,29,0
b_3706,29,0
b_3707,7,0
b_3708,29,0
b_3709,11,0
b_371,11,0
b_3710,11,0
b_3711,29,0
b_3712,29,0
b_3713,29,0
b_3714,7,0
b_3715,29,0
b_3716,7,0
b_3717,29,0
b_3718,7,0
b_3719,29,0
b_372,29,0
b_3720,7,0
b_3721,7,0
b_3722,29,0
b_3723,29,0
b_3724,29,0
b_3725,7,0
b_3726,7,0
b_3727,7,0
b_3728,11,0
b_3729,29,0
b_373,11,0
b_3730,29,0
b_3731,7,0
b_3732,29,0
b_3733,29,0
b_3734,7,0
b_3735,7,0
b_3736,11,0
b_3737,29,0
b_3738,11,0
b_3739,7,0
b_374,7,0
b_3740,11,0
b_3741,11,0
b_3742,29,0
b_3743,7,0
b_3744,7,0
b_3745,7,0
b_3746,7,0
b_3747,7,0
b_3748,7,0
b_3749,7,0
b_375,11,0
b_3750,29,0
b_3751,11,0
b_3752,29,0
b_3753,11,0
b_3754,7,0
b_3755,7,0
b_3756,11,0
b_3757,29,0
b_3758,7,0
b_3759,29,0
b_376,11,0
b_3760,7,0
b_3761,7,0
b_3762,29,0
b_3763,7,0
b_3764,7,0
b_3765,7,0
b_3766,7,0
b_3767,29,0
b_3768,11,0
b_3769,29,0
b_377,7,0
b_3770,29,0
b_3771,29,0
b_3772,7,0
b_3773,7,0
b_3774,7,0
b_3775,29,0
b_3776,7,0
b_3777,29,0
b_3778,29,0
b_3779,7,0
b_378,11,0
b_3780,7,0
b_3781,7,0
b_3782,29,0
b_3783,11,0
b_3784,29,0
b_3785,29,0
b_3786,29,0
b_3787,29,0
b_3788,29,0
b_3789,7,0
b_379,7,0
b_3790,11,0
b_3791,29,0
b_3792,11,0
b_3793,29,0
b_3794,7,0
b_3795,29,0
b_3796,11,0
b_3797,7,0
b_3798,7,0
b_3799,29,0
b_38,11,0
b_380,7,0
b_3800,7,0
b_3801,7,0
b_3802,7,0
b_3803,29,0
b_3804,7,0
b_3805,7,0
b_3806,7,0
b_3807,7,0
b_3808,29,0
b_3809,29,0
b_381,29,0
b_3810,7,0
b_3811,29,0
b_3812,29,0
b_3813,29,0
b_3814,7,0
b_3815,11,0
b_3816,7,0
b_3817,7,0
b_3818,7,0
b_3819,11,0
b_382,7,0
b_3820,11,0
b_3821,29,0
b_3822,11,0
b_3823,7,0
b_3824,29,0
b_3825,11,0
b_3826,29,0
b_3827,11,0
b_3828,29,0
b_3829,7,0
b_383,11,0
b_3830,7,0
b_3831,29,0
b_3832,11,0
b_3833,7,0
b_3834,7,0
b_3835,29,0
b_3836,11,0
b_3837,11,0
b_3838,7,0
b_3839,7,0
b_384,29,0
b_3840,29,0
b_3841,29,0
b_3842,29,0
b_3843,7,0
b_3844,7,0
b_3845,11,0
b_3846,7,0
b_3847,7,0
b_3848,7,0
b_3849,11,0
b_385,11,0
b_3850,7,0
b_3851,11,0
b_3852,29,0
b_3853,29,0
b_3854,7,0
b_3855,29,0
b_3856,29,0
b_3857,7,0
b_3858,11,0
b_3859,11,0
b_386,11,0
b_3860,7,0
b_3861,11,0
b_3862,7,0
b_3863,11,0
b_3864,7,0
b_3865,11,0
b_3866,7,0
b_3867,11,0
b_3868,11,0
b_3869,29,0
b_387,29,0
b_3870,11,0
b_3871,7,0
b_3872,11,0
b_3873,11,0
b_3874,29,0
b_3875,11,0
b_3876,7,0
b_3877,11,0
b_3878,29,0
b_3879,7,0
b_388,11,0
b_3880,29,0
b_3881,7,0
b_3882,29,0
b_3883,7,0
b_3884,11,0
b_3885,29,0
b_3886,11,0
b_3887,7,0
b_3888,11,0
b_3889,7,0
b_389,11,0
b_3890,11,0
b_3891,11,0
b_3892,11,0
b_3893,7,0
b_3894,7,0
b_3895,7,0
b_3896,7,0
b_3897,11,0
b_3898,11,0
b_3899,11,0
b_39,7,0
b_390,29,0
b_3900,7,0
b_3901,7,0
b_3902,29,0
b_3903,11,0
b_3904,11,0
b_3905,29,0
b_3906,29,0
b_3907,29,0
b_3908,7,0
b_3909,11,0
b_391,11,0
b_3910,29,0
b_3911,11,0
b_3912,11,0
b_3913,7,0
b_3914,11,0
b_3915,11,0
b_3916,29,0
b_3917,7,0
b_3918,29,0
b_3919,11,0
b_392,29,0
b_3920,29,0
b_3921,11,0
b_3922,11,0
b_3923,11,0
b_3924,7,0
b_3925,7,0
b_3926,29,0
b_3927,7,0
b_3928,29,0
b_3929,11,0
b_393,11,0
b_3930,7,0
b_3931,7,0
b_3932,29,0
b_3933,29,0
b_3934,11,0
b_3935,11,0
b_3936,29,0
b_3937,7,0
b_3938,11,0
b_3939,7,0
b_394,11,0
b_3940,29,0
b_3941,29,0
b_3942,29,0
b_3943,29,0
b_3944,7,0
b_3945,11,0
b_3946,11,0
b_3947,11,0
b_3948,29,0
b_3949,11,0
b_395,7,0
b_3950,29,0
b_3951,11,0
b_3952,29,0
b_3953,29,0
b_3954,7,0
b_3955,7,0
b_3956,11,0
b_3957,29,0
b_3958,7,0
b_3959,29,0
b_396,29,0
b_3960,7,0
b_3961,29,0
b_3962,7,0
b_3963,7,0
b_3964,7,0
b_3965,7,0
b_3966,29,0
b_3967,7,0
b_3968,11,0
b_3969,7,0
b_397,29,0
b_3970,11,0
b_3971,29,0
b_3972,7,0
b_3973,29,0
b_3974,29,0
b_3975,7,0
b_3976,11,0
b_3977,11,0
b_3978,29,0
b_3979,11,0
b_398,11,0
b_3980,7,0
b_3981,11,0
b_3982,29,0
b_3983,11,0
b_3984,7,0
b_3985,11,0
b_3986,29,0
b_3987,11,0
b_3988,7,0
b_3989,7,0
b_399,11,0
b_3990,11,0
b_3991,11,0
b_3992,7,0
b_3993,11,0
b_3994,29,0
b_3995,29,0
b_3996,11,0
b_3997,11,0
b_3998,11,0
b_3999,29,0
b_4,29,0
b_40,11,0
b_400,11,0
b_4000,7,0
b_4001,1,0
b_4002,1,0
b_4003,1,0
b_4004,21,0
b_4005,1,0
b_4006,1,0
b_4007,21,0
b_4008,47,0
b_4009,21,0
b_401,29,0
b_4010,1,0
b_4011,47,0
b_4012,1,0
b_4013,47,0
b_4014,47,0
b_4015,1,0
b_4016,47,0
b_4017,21,0
b_4018,21,0
b_4019,1,0
b_402,11,0
b_4020,47,0
b_4021,47,0
b_4022,21,0
b_4023,1,0
b_4024,21,0
b_4025,21,0
b_4026,1,0
b_4027,47,0
b_4029,1,0
b_403,29,0
b_4030,1,0
b_4031,21,0
b_4032,21,0
b_4033,1,0
b_4034,21,0
b_4035,47,0
b_4036,21,0
b_4037,47,0
b_4038,1,0
b_4039,47,0
b_404,11,0
b_4040,1,0
b_4041,21,0
b_4042,47,0
b_4043,21,0
b_4044,1,0
b_4045,21,0
b_4046,21,0
b_4047,47,0
b_4048,47,0
b_4049,1,0
b_405,11,0
b_4050,1,0
b_4051,47,0
b_4052,1,0
b_4053,47,0
b_4054,47,0
b_4055,47,0
b_4056,1,0
b_4057,21,0
b_4058,21,0
b_4059,1,0
b_406,11,0
b_4060,47,0
b_4061,1,0
b_4062,21,0
b_4063,21,0
b_4064,1,0
b_4065,21,0
b_4066,21,0
b_4067,21,0
b_4068,47,0
b_4069,47,0
b_407,29,0
b_4070,21,0
b_4071,47,0
b_4072,21,0
b_4073,1,0
b_4074,1,0
b_4075,47,0
b_4076,1,0
b_4077,47,0
b_4078,21,0
b_4079,1,0
b_408,29,0
b_4080,47,0
b_4081,21,0
b_4082,47,0
b_4083,21,0
b_4084,21,0
b_4085,1,0
b_4086,47,0
b_4087,47,0
b_4088,21,0
b_4089,21,0
b_409,11,0
b_4090,1,0
b_4091,1,0
b_4092,21,0
b_4093,21,0
b_4094,21,0
b_4095,1,0
b_4096,21,0
b_4097,47,0
b_4098,47,0
b_4099,1,0
b_41,29,0
b_410,29,0
b_4100,47,0
b_4101,21,0
b_4102,21,0
b_4103,1,0
b_4104,21,0
b_4105,47,0
b_4106,21,0
b_4107,21,0
b_4108,47,0
b_4109,21,0
b_411,29,0
b_4110,47,0
b_4111,47,0
b_4112,47,0
b_4113,47,0
b_4114,47,0
b_4115,1,0
b_4116,1,0
b_4117,21,0
b_4118,21,0
b_4119,1,0
b_412,11,0
b_4120,47,0
b_4121,1,0
b_4122,21,0
b_4123,1,0
b_4124,1,0
b_4125,21,0
b_4126,47,0
b_4127,1,0
b_4128,21,0
b_4129,1,0
b_413,29,0
b_4130,47,0
b_4131,21,0
b_4132,1,0
b_4133,47,0
b_4134,21,0
b_4135,1,0
b_4136,21,0
b_4137,47,0
b_4138,1,0
b_4139,1,0
b_414,11,0
b_4140,1,0
b_4141,21,0
b_4142,47,0
b_4143,47,0
b_4144,1,0
b_4145,1,0
b_4146,21,0
b_4147,21,0
b_4148,21,0
b_4149,21,0
b_415,29,0
b_4150,47,0
b_4151,1,0
b_4152,1,0
b_4153,1,0
b_4154,21,0
b_4155,21,0
b_4156,1,0
b_4157,47,0
b_4158,47,0
b_4159,1,0
b_416,11,0
b_4160,21,0
b_4161,21,0
b_4162,1,0
b_4163,47,0
b_4164,1,0
b_4165,21,0
b_4166,1,0
b_4167,1,0
b_4168,47,0
b_4169,1,0
b_417,11,0
b_4170,21,0
b_4171,47,0
b_4172,21,0
b_4173,1,0
b_4174,21,0
b_4175,47,0
b_4176,47,0
b_4177,47,0
b_4178,1,0
b_4179,47,0
b_418,7,0
b_4180,21,0
b_4181,47,0
b_4182,1,0
b_4183,47,0
b_4184,21,0
b_4185,21,0
b_4186,21,0
b_4187,21,0
b_4188,47,0
b_4189,47,0
b_419,11,0
b_4190,1,0
b_4191,21,0
b_4192,1,0
b_4193,1,0
b_4194,21,0
b_4195,47,0
b_4196,1,0
b_4197,21,0
b_4198,21,0
b_4199,47,0
b_42,7,0
b_420,11,0
b_4200,47,0
b_4201,21,0
b_4202,1,0
b_4203,47,0
b_4204,21,0
b_4205,21,0
b_4206,21,0
b_4207,21,0
b_4208,21,0
b_4209,1,0
b_421,7,0
b_4210,1,0
b_4211,1,0
b_4212,1,0
b_4213,21,0
b_4214,21,0
b_4215,1,0
b_4216,47,0
b_4217,21,0
b_4218,1,0
b_4219,21,0
b_422,7,0
b_4220,1,0
b_4221,21,0
b_4222,1,0
b_4223,1,0
b_4224,47,0
b_4225,21,0
b_4226,1,0
b_4227,1,0
b_4228,1,0
b_4229,47,0
b_423,7,0
b_4230,21,0
b_4231,47,0
b_4232,47,0
b_4233,47,0
b_4234,47,0
b_4235,21,0
b_4236,21,0
b_4237,47,0
b_4238,47,0
b_4239,1,0
b_424,7,0
b_4240,47,0
b_4241,21,0
b_4242,47,0
b_4243,1,0
b_4244,47,0
b_4245,47,0
b_4246,1,0
b_4247,47,0
b_4248,47,0
b_4249,47,0
b_425,11,0
b_4250,47,0
b_4251,21,0
b_4252,47,0
b_4253,1,0
b_4254,47,0
b_4255,1,0
b_4256,21,0
b_4257,21,0
b_4258,21,0
b_4259,21,0
b_426,11,0
b_4260,47,0
b_4261,21,0
b_4262,47,0
b_4263,1,0
b_4264,47,0
b_4265,1,0
b_4267,47,0
b_4268,21,0
b_4269,1,0
b_427,7,0
b_4270,1,0
b_4271,21,0
b_4272,1,0
b_4273,1,0
b_4274,47,0
b_4275,1,0
b_4276,1,0
b_4277,47,0
b_4278,47,0
b_4279,21,0
b_428,7,0
b_4280,21,0
b_4281,47,0
b_4282,1,0
b_4283,1,0
b_4284,21,0
b_4285,1,0
b_4286,1,0
b_4287,47,0
b_4288,1,0
b_4289,1,0
b_429,11,0
b_4290,1,0
b_4291,47,0
b_4292,1,0
b_4293,1,0
b_4294,21,0
b_4295,47,0
b_4296,47,0
b_4297,47,0
b_4298,47,0
b_4299,1,0
b_43,29,0
b_430,11,0
b_4300,21,0
b_4301,21,0
b_4302,1,0
b_4303,21,0
b_4304,1,0
b_4305,47,0
b_4306,21,0
b_4307,21,0
b_4308,47,0
b_4309,1,0
b_431,29,0
b_4310,1,0
b_4311,1,0
b_4312,47,0
b_4313,47,0
b_4314,1,0
b_4315,47,0
b_4317,21,0
b_4318,21,0
b_4319,1,0
b_432,7,0
b_4320,21,0
b_4321,47,0
b_4322,1,0
b_4323,1,0
b_4324,21,0
b_4325,1,0
b_4326,47,0
b_4327,21,0
b_4328,1,0
b_4329,21,0
b_433,29,0
b_4330,47,0
b_4331,21,0
b_4332,1,0
b_4333,21,0
b_4334,21,0
b_4335,1,0
b_4336,1,0
b_4337,47,0
b_4338,21,0
b_4339,21,0
b_434,7,0
b_4340,1,0
b_4341,47,0
b_4342,1,0
b_4343,47,0
b_4344,21,0
b_4345,21,0
b_4347,47,0
b_4348,47,0
b_4349,47,0
b_435,29,0
b_4350,1,0
b_4351,21,0
b_4352,47,0
b_4353,21,0
b_4354,47,0
b_4355,1,0
b_4356,21,0
b_4357,1,0
b_4358,47,0
b_4359,21,0
b_436,11,0
b_4360,1,0
b_4361,1,0
b_4362,47,0
b_4363,21,0
b_4364,1,0
b_4365,1,0
b_4366,1,0
b_4367,47,0
b_4368,47,0
b_4369,1,0
b_437,7,0
b_4370,21,0
b_4371,1,0
b_4372,21,0
b_4373,1,0
b_4374,47,0
b_4375,1,0
b_4376,1,0
b_4377,47,0
b_4378,1,0
b_4379,47,0
b_438,29,0
b_4380,47,0
b_4381,21,0
b_4382,47,0
b_4383,1,0
b_4384,21,0
b_4385,1,0
b_4386,1,0
b_4387,21,0
b_4388,1,0
b_4389,1,0
b_439,7,0
b_4390,21,0
b_4391,1,0
b_4392,21,0
b_4393,1,0
b_4394,1,0
b_4395,47,0
b_4396,21,0
b_4397,21,0
b_4398,1,0
b_4399,1,0
b_44,11,0
b_440,29,0
b_4400,1,0
b_4401,21,0
b_4402,1,0
b_4403,21,0
b_4404,1,0
b_4405,1,0
b_4406,1,0
b_4407,21,0
b_4408,21,0
b_4409,1,0
b_441,7,0
b_4410,21,0
b_4411,21,0
b_4412,1,0
b_4413,21,0
b_4414,1,0
b_4415,21,0
b_4416,1,0
b_4418,47,0
b_4419,1,0
b_442,7,0
b_4420,1,0
b_4421,47,0
b_4422,47,0
b_4423,47,0
b_4424,47,0
b_4425,1,0
b_4426,1,0
b_4427,47,0
b_4428,47,0
b_4429,1,0
b_443,11,0
b_4430,1,0
b_4431,21,0
b_4432,47,0
b_4433,21,0
b_4434,47,0
b_4435,21,0
b_4436,1,0
b_4437,47,0
b_4438,21,0
b_4439,47,0
b_444,29,0
b_4440,21,0
b_4441,47,0
b_4442,47,0
b_4443,1,0
b_4444,21,0
b_4445,21,0
b_4446,47,0
b_4447,21,0
b_4448,21,0
b_4449,21,0
b_445,29,0
b_4450,47,0
b_4451,47,0
b_4452,21,0
b_4453,1,0
b_4454,21,0
b_4455,47,0
b_4456,1,0
b_4457,21,0
b_4458,1,0
b_4459,47,0
b_446,7,0
b_4460,1,0
b_4461,21,0
b_4462,1,0
b_4463,1,0
b_4464,1,0
b_4465,47,0
b_4466,21,0
b_4467,1,0
b_4468,47,0
b_4469,21,0
b_447,29,0
b_4470,21,0
b_4471,47,0
b_4472,47,0
b_4473,21,0
b_4474,47,0
b_4475,21,0
b_4476,21,0
b_4477,1,0
b_4478,47,0
b_4479,1,0
b_448,29,0
b_4480,47,0
b_4481,21,0
b_4482,1,0
b_4483,47,0
b_4484,1,0
b_4485,21,0
b_4486,21,0
b_4487,47,0
b_4488,1,0
b_4489,21,0
b_449,29,0
b_4490,1,0
b_4491,47,0
b_4492,21,0
b_4493,1,0
b_4494,1,0
b_4495,1,0
b_4496,21,0
b_4498,21,0
b_4499,21,0
b_45,29,0
b_450,7,0
b_4500,1,0
b_4501,47,0
b_4502,21,0
b_4503,1,0
b_4504,1,0
b_4505,47,0
b_4506,1,0
b_4507,47,0
b_4508,21,0
b_4509,47,0
b_451,7,0
b_4510,1,0
b_4511,1,0
b_4512,21,0
b_4513,21,0
b_4514,21,0
b_4515,21,0
b_4516,21,0
b_4517,47,0
b_4518,47,0
b_4519,1,0
b_452,29,0
b_4520,21,0
b_4521,47,0
b_4522,21,0
b_4523,1,0
b_4524,1,0
b_4525,47,0
b_4526,21,0
b_4527,21,0
b_4528,21,0
b_4529,47,0
b_453,11,0
b_4530,21,0
b_4531,21,0
b_4532,21,0
b_4533,21,0
b_4534,47,0
b_4535,47,0
b_4536,47,0
b_4537,21,0
b_4538,21,0
b_4539,1,0
b_454,29,0
b_4540,21,0
b_4541,1,0
b_4542,21,0
b_4543,21,0
b_4544,47,0
b_4545,21,0
b_4546,1,0
b_4547,1,0
b_4548,47,0
b_4549,47,0
b_455,7,0
b_4550,47,0
b_4551,21,0
b_4552,47,0
b_4554,1,0
b_4555,1,0
b_4556,1,0
b_4557,21,0
b_4558,21,0
b_4559,21,0
b_456,11,0
b_4560,1,0
b_4561,47,0
b_4562,1,0
b_4563,21,0
b_4564,1,0
b_4565,47,0
b_4566,21,0
b_4567,1,0
b_4568,47,0
b_4569,21,0
b_457,29,0
b_4570,1,0
b_4571,1,0
b_4572,21,0
b_4573,21,0
b_4574,1,0
b_4575,1,0
b_4576,1,0
b_4577,1,0
b_4578,47,0
b_458,11,0
b_4580,21,0
b_4581,47,0
b_4582,47,0
b_4583,1,0
b_4584,21,0
b_4585,21,0
b_4586,21,0
b_4587,21,0
b_4588,1,0
b_4589,47,0
b_459,7,0
b_4590,47,0
b_4591,47,0
b_4592,1,0
b_4593,21,0
b_4594,47,0
b_4595,47,0
b_4596,47,0
b_4597,21,0
b_4598,1,0
b_4599,21,0
b_46,29,0
b_460,11,0
b_4600,1,0
b_4601,1,0
b_4602,21,0
b_4603,21,0
b_4604,1,0
b_4605,21,0
b_4606,47,0
b_4607,1,0
b_4608,1,0
b_4609,1,0
b_461,29,0
b_4610,1,0
b_4611,21,0
b_4612,1,0
b_4613,21,0
b_4614,1,0
b_4616,47,0
b_4617,1,0
b_4618,1,0
b_4619,47,0
b_462,11,0
b_4620,1,0
b_4621,21,0
b_4622,47,0
b_4623,47,0
b_4624,47,0
b_4625,47,0
b_4626,21,0
b_4627,21,0
b_4628,1,0
b_4629,1,0
b_463,11,0
b_4630,47,0
b_4631,1,0
b_4632,21,0
b_4633,21,0
b_4634,21,0
b_4635,21,0
b_4636,21,0
b_4637,47,0
b_4638,47,0
b_4639,47,0
b_464,11,0
b_4640,21,0
b_4641,47,0
b_4642,1,0
b_4643,47,0
b_4644,1,0
b_4645,1,0
b_4646,47,0
b_4647,1,0
b_4648,1,0
b_4649,47,0
b_465,7,0
b_4650,21,0
b_4651,47,0
b_4652,21,0
b_4653,47,0
b_4654,21,0
b_4655,47,0
b_4656,21,0
b_4657,47,0
b_4658,21,0
b_4659,47,0
b_466,29,0
b_4660,47,0
b_4661,21,0
b_4662,21,0
b_4663,47,0
b_4664,21,0
b_4665,21,0
b_4666,1,0
b_4667,21,0
b_4668,47,0
b_4669,21,0
b_467,11,0
b_4670,21,0
b_4671,1,0
b_4672,47,0
b_4673,47,0
b_4674,1,0
b_4675,1,0
b_4676,1,0
b_4677,1,0
b_4678,47,0
b_4679,21,0
b_468,7,0
b_4680,47,0
b_4681,1,0
b_4682,21,0
b_4683,1,0
b_4684,21,0
b_4685,1,0
b_4686,21,0
b_4687,47,0
b_4688,1,0
b_4689,21,0
b_469,29,0
b_4690,21,0
b_4691,1,0
b_4692,21,0
b_4693,1,0
b_4694,1,0
b_4695,1,0
b_4696,47,0
b_4697,47,0
b_4698,1,0
b_4699,1,0
b_47,7,0
b_470,29,0
b_4700,21,0
b_4701,47,0
b_4702,47,0
b_4703,1,0
b_4704,47,0
b_4705,47,0
b_4706,21,0
b_4707,47,0
b_4708,21,0
b_4709,47,0
b_471,7,0
b_4710,47,0
b_4711,47,0
b_4712,21,0
b_4713,47,0
b_4714,47,0
b_4715,1,0
b_4716,1,0
b_4717,21,0
b_4718,21,0
b_4719,47,0
b_472,7,0
b_4720,47,0
b_4721,21,0
b_4722,47,0
b_4724,1,0
b_4725,47,0
b_4726,21,0
b_4727,47,0
b_4728,21,0
b_4729,21,0
b_473,29,0
b_4730,21,0
b_4731,47,0
b_4732,47,0
b_4733,1,0
b_4734,47,0
b_4735,47,0
b_4736,47,0
b_4737,21,0
b_4738,1,0
b_4739,1,0
b_474,7,0
b_4740,1,0
b_4741,21,0
b_4742,21,0
b_4743,21,0
b_4744,47,0
b_4745,1,0
b_4746,47,0
b_4747,21,0
b_4748,1,0
b_4749,1,0
b_475,29,0
b_4750,47,0
b_4751,1,0
b_4752,47,0
b_4753,47,0
b_4754,1,0
b_4755,1,0
b_4756,47,0
b_4757,1,0
b_4758,47,0
b_4759,21,0
b_476,29,0
b_4760,21,0
b_4761,47,0
b_4762,21,0
b_4763,47,0
b_4764,1,0
b_4765,1,0
b_4766,1,0
b_4767,47,0
b_4768,47,0
b_4769,47,0
b_477,11,0
b_4770,21,0
b_4771,21,0
b_4772,21,0
b_4773,47,0
b_4774,21,0
b_4775,21,0
b_4776,47,0
b_4777,21,0
b_4778,1,0
b_4779,1,0
b_478,7,0
b_4780,21,0
b_4781,47,0
b_4782,47,0
b_4783,47,0
b_4784,1,0
b_4785,1,0
b_4786,21,0
b_4787,47,0
b_4788,47,0
b_4789,1,0
b_479,11,0
b_4790,21,0
b_4791,21,0
b_4793,21,0
b_4794,21,0
b_4795,1,0
b_4796,47,0
b_4797,1,0
b_4798,47,0
b_4799,1,0
b_48,7,0
b_480,7,0
b_4800,21,0
b_4801,1,0
b_4802,1,0
b_4803,21,0
b_4804,1,0
b_4805,47,0
b_4806,21,0
b_4807,1,0
b_4808,47,0
b_4809,47,0
b_481,29,0
b_4810,47,0
b_4811,21,0
b_4812,1,0
b_4813,21,0
b_4814,1,0
b_4815,21,0
b_4816,1,0
b_4817,1,0
b_4818,47,0
b_4819,47,0
b_482,11,0
b_4820,21,0
b_4821,1,0
b_4822,47,0
b_4823,21,0
b_4824,47,0
b_4825,1,0
b_4826,21,0
b_4827,47,0
b_4828,21,0
b_4829,1,0
b_483,7,0
b_4830,21,0
b_4831,47,0
b_4832,1,0
b_4833,47,0
b_4834,1,0
b_4835,47,0
b_4836,21,0
b_4837,47,0
b_4838,1,0
b_4839,21,0
b_484,11,0
b_4840,21,0
b_4841,1,0
b_4842,21,0
b_4843,1,0
b_4844,47,0
b_4845,1,0
b_4846,47,0
b_4847,47,0
b_4848,1,0
b_4849,47,0
b_485,29,0
b_4850,1,0
b_4851,21,0
b_4852,21,0
b_4853,1,0
b_4854,1,0
b_4855,21,0
b_4856,47,0
b_4857,47,0
b_4858,47,0
b_4859,21,0
b_486,29,0
b_4860,1,0
b_4861,47,0
b_4862,21,0
b_4863,21,0
b_4864,47,0
b_4865,1,0
b_4866,1,0
b_4867,1,0
b_4868,21,0
b_4869,47,0
b_487,7,0
b_4870,1,0
b_4871,47,0
b_4872,47,0
b_4873,21,0
b_4874,1,0
b_4875,1,0
b_4876,21,0
b_4877,1,0
b_4878,1,0
b_4879,1,0
b_488,11,0
b_4880,1,0
b_4881,21,0
b_4882,21,0
b_4883,1,0
b_4884,21,0
b_4885,21,0
b_4886,21,0
b_4887,47,0
b_4888,47,0
b_4889,1,0
b_489,29,0
b_4890,21,0
b_4891,47,0
b_4892,47,0
b_4893,47,0
b_4894,1,0
b_4895,1,0
b_4896,47,0
b_4897,21,0
b_4898,1,0
b_4899,47,0
b_49,11,0
b_490,11,0
b_4900,21,0
b_4901,21,0
b_4902,47,0
b_4903,47,0
b_4904,47,0
b_4905,21,0
b_4906,21,0
b_4907,21,0
b_4908,1,0
b_4909,1,0
b_491,7,0
b_4910,47,0
b_4911,21,0
b_4912,47,0
b_4913,21,0
b_4914,47,0
b_4916,1,0
b_4917,21,0
b_4918,47,0
b_4919,47,0
b_492,29,0
b_4920,47,0
b_4921,1,0
b_4922,21,0
b_4923,47,0
b_4924,1,0
b_4926,1,0
b_4927,47,0
b_4928,1,0
b_4929,47,0
b_493,11,0
b_4930,21,0
b_4931,21,0
b_4932,47,0
b_4933,21,0
b_4934,47,0
b_4935,1,0
b_4936,1,0
b_4937,1,0
b_4938,47,0
b_4939,47,0
b_494,11,0
b_4940,1,0
b_4941,21,0
b_4942,1,0
b_4943,47,0
b_4945,1,0
b_4946,47,0
b_4947,1,0
b_4948,1,0
b_4949,47,0
b_495,11,0
b_4950,1,0
b_4951,47,0
b_4952,1,0
b_4953,21,0
b_4954,21,0
b_4955,47,0
b_4956,47,0
b_4957,1,0
b_4958,21,0
b_4959,47,0
b_496,29,0
b_4960,47,0
b_4961,47,0
b_4962,47,0
b_4963,21,0
b_4964,21,0
b_4965,1,0
b_4966,21,0
b_4967,1,0
b_4968,47,0
b_4969,21,0
b_497,29,0
b_4970,47,0
b_4971,1,0
b_4972,1,0
b_4973,47,0
b_4974,21,0
b_4975,1,0
b_4976,1,0
b_4977,47,0
b_4978,21,0
b_4979,1,0
b_498,29,0
b_4980,47,0
b_4981,21,0
b_4982,21,0
b_4983,21,0
b_4984,1,0
b_4985,21,0
b_4986,47,0
b_4987,21,0
b_4988,47,0
b_4989,1,0
b_499,29,0
b_4990,47,0
b_4991,1,0
b_4992,47,0
b_4993,1,0
b_4994,47,0
b_4995,21,0
b_4996,47,0
b_4997,1,0
b_4998,1,0
b_4999,47,0
b_5,11,0
b_50,11,0
b_500,11,0
b_5000,47,0
b_5001,1,0
b_5002,47,0
b_5003,47,0
b_5004,47,0
b_5005,21,0
b_5006,47,0
b_5007,21,0
b_5008,47,0
b_5009,21,0
b_501,7,0
b_5010,47,0
b_5011,1,0
b_5012,47,0
b_5013,47,0
b_5014,47,0
b_5015,21,0
b_5016,21,0
b_5017,47,0
b_5018,21,0
b_5019,21,0
b_502,29,0
b_5020,47,0
b_5021,1,0
b_5022,1,0
b_5023,47,0
b_5024,47,0
b_5025,1,0
b_5026,1,0
b_5027,21,0
b_5028,47,0
b_5029,1,0
b_503,11,0
b_5030,1,0
b_5031,1,0
b_5032,1,0
b_5033,1,0
b_5034,1,0
b_5035,21,0
b_5036,21,0
b_5037,47,0
b_5038,47,0
b_5039,47,0
b_504,11,0
b_5040,21,0
b_5041,21,0
b_5042,47,0
b_5043,1,0
b_5044,1,0
b_5045,21,0
b_5046,21,0
b_5047,21,0
b_5048,1,0
b_5049,47,0
b_505,7,0
b_5050,21,0
b_5051,1,0
b_5052,47,0
b_5053,21,0
b_5054,21,0
b_5055,1,0
b_5056,1,0
b_5057,21,0
b_5058,1,0
b_5059,47,0
b_506,11,0
b_5060,47,0
b_5061,21,0
b_5062,47,0
b_5063,47,0
b_5064,47,0
b_5065,1,0
b_5066,1,0
b_5067,21,0
b_5068,47,0
b_5069,47,0
b_507,7,0
b_5070,47,0
b_5071,21,0
b_5072,21,0
b_5073,1,0
b_5075,47,0
b_5076,47,0
b_5077,47,0
b_5078,21,0
b_508,29,0
b_5080,1,0
b_5081,47,0
b_5082,47,0
b_5083,47,0
b_5084,21,0
b_5085,21,0
b_5086,47,0
b_5087,47,0
b_5088,47,0
b_5089,1,0
b_509,7,0
b_5090,21,0
b_5091,21,0
b_5092,21,0
b_5093,1,0
b_5094,21,0
b_5095,47,0
b_5096,21,0
b_5097,21,0
b_5098,47,0
b_5099,47,0
b_51,7,0
b_510,11,0
b_5100,47,0
b_5101,21,0
b_5102,47,0
b_5103,47,0
b_5104,47,0
b_5105,1,0
b_5106,47,0
b_5107,1,0
b_5108,1,0
b_5109,1,0
b_511,11,0
b_5110,47,0
b_5111,1,0
b_5112,47,0
b_5113,21,0
b_5114,21,0
b_5115,21,0
b_5116,47,0
b_5117,1,0
b_5118,21,0
b_5119,47,0
b_512,29,0
b_5120,21,0
b_5122,47,0
b_5123,1,0
b_5124,1,0
b_5125,1,0
b_5126,47,0
b_5127,47,0
b_5128,47,0
b_5129,21,0
b_513,29,0
b_5130,21,0
b_5131,21,0
b_5132,21,0
b_5133,1,0
b_5134,1,0
b_5135,1,0
b_5136,47,0
b_5137,47,0
b_5138,1,0
b_5139,1,0
b_514,29,0
b_5140,1,0
b_5141,47,0
b_5142,21,0
b_5143,1,0
b_5144,47,0
b_5145,47,0
b_5146,1,0
b_5147,1,0
b_5148,47,0
b_5149,1,0
b_515,29,0
b_5150,47,0
b_5151,21,0
b_5152,21,0
b_5153,1,0
b_5154,21,0
b_5155,21,0
b_5156,1,0
b_5157,47,0
b_5158,21,0
b_5159,21,0
b_516,29,0
b_5160,1,0
b_5161,21,0
b_5162,21,0
b_5163,1,0
b_5164,21,0
b_5165,47,0
b_5166,47,0
b_5167,21,0
b_5168,47,0
b_5169,1,0
b_517,7,0
b_5170,47,0
b_5171,21,0
b_5172,1,0
b_5173,47,0
b_5174,21,0
b_5175,47,0
b_5176,47,0
b_5177,1,0
b_5178,47,0
b_5179,1,0
b_518,7,0
b_5180,1,0
b_5181,1,0
b_5182,47,0
b_5183,21,0
b_5184,1,0
b_5185,21,0
b_5186,47,0
b_5187,21,0
b_5188,1,0
b_5189,21,0
b_519,11,0
b_5190,1,0
b_5191,1,0
b_5192,21,0
b_5193,47,0
b_5194,21,0
b_5195,47,0
b_5196,21,0
b_5197,21,0
b_5198,21,0
b_5199,21,0
b_52,11,0
b_520,29,0
b_5200,21,0
b_5201,1,0
b_5202,1,0
b_5203,1,0
b_5204,47,0
b_5205,21,0
b_5206,21,0
b_5207,21,0
b_5208,21,0
b_5209,47,0
b_521,7,0
b_5210,47,0
b_5211,21,0
b_5212,21,0
b_5213,47,0
b_5214,21,0
b_5215,21,0
b_5216,47,0
b_5217,47,0
b_5218,47,0
b_5219,21,0
b_522,29,0
b_5220,21,0
b_5221,1,0
b_5222,21,0
b_5223,1,0
b_5224,1,0
b_5225,1,0
b_5226,1,0
b_5227,47,0
b_5228,1,0
b_5229,47,0
b_523,11,0
b_5230,21,0
b_5231,21,0
b_5232,47,0
b_5234,1,0
b_5235,1,0
b_5236,47,0
b_5237,47,0
b_5238,47,0
b_5239,47,0
b_524,11,0
b_5240,21,0
b_5241,47,0
b_5242,21,0
b_5243,21,0
b_5244,1,0
b_5245,21,0
b_5246,21,0
b_5247,1,0
b_5248,21,0
b_5249,47,0
b_525,7,0
b_5250,21,0
b_5251,47,0
b_5252,47,0
b_5253,1,0
b_5254,47,0
b_5255,47,0
b_5256,47,0
b_5257,47,0
b_5258,47,0
b_5259,21,0
b_526,29,0
b_5260,21,0
b_5261,47,0
b_5262,47,0
b_5263,1,0
b_5264,1,0
b_5265,21,0
b_5266,1,0
b_5267,47,0
b_5268,47,0
b_5269,21,0
b_527,29,0
b_5270,1,0
b_5271,47,0
b_5272,47,0
b_5273,47,0
b_5274,1,0
b_5275,21,0
b_5276,21,0
b_5277,47,0
b_5278,21,0
b_5279,21,0
b_528,29,0
b_5280,21,0
b_5281,21,0
b_5282,1,0
b_5283,1,0
b_5284,21,0
b_5285,47,0
b_5286,47,0
b_5287,1,0
b_5288,47,0
b_5289,1,0
b_529,7,0
b_5290,21,0
b_5291,47,0
b_5292,47,0
b_5293,21,0
b_5294,47,0
b_5295,47,0
b_5296,1,0
b_5297,1,0
b_5298,21,0
b_5299,47,0
b_53,7,0
b_530,29,0
b_5300,1,0
b_5301,1,0
b_5302,21,0
b_5303,47,0
b_5304,21,0
b_5305,47,0
b_5306,1,0
b_5307,1,0
b_5308,47,0
b_5309,1,0
b_531,29,0
b_5310,47,0
b_5311,1,0
b_5312,1,0
b_5313,21,0
b_5314,47,0
b_5315,21,0
b_5316,21,0
b_5317,47,0
b_5318,47,0
b_5319,1,0
b_532,29,0
b_5320,21,0
b_5321,21,0
b_5322,1,0
b_5323,47,0
b_5324,21,0
b_5325,1,0
b_5326,21,0
b_5327,1,0
b_5328,47,0
b_5329,1,0
b_533,29,0
b_5330,47,0
b_5331,21,0
b_5332,1,0
b_5333,21,0
b_5334,47,0
b_5335,47,0
b_5336,47,0
b_5337,21,0
b_5338,21,0
b_5339,47,0
b_534,7,0
b_5340,21,0
b_5341,1,0
b_5342,47,0
b_5343,47,0
b_5344,47,0
b_5345,21,0
b_5346,1,0
b_5347,1,0
b_5348,1,0
b_5349,47,0
b_535,7,0
b_5350,1,0
b_5352,47,0
b_5353,1,0
b_5354,21,0
b_5355,21,0
b_5356,47,0
b_5357,21,0
b_5358,1,0
b_5359,47,0
b_536,7,0
b_5360,21,0
b_5361,47,0
b_5362,1,0
b_5364,1,0
b_5365,1,0
b_5366,21,0
b_5367,47,0
b_5368,21,0
b_5369,47,0
b_537,29,0
b_5370,21,0
b_5371,21,0
b_5372,1,0
b_5373,1,0
b_5374,1,0
b_5375,1,0
b_5376,1,0
b_5377,1,0
b_5378,21,0
b_5379,1,0
b_538,29,0
b_5380,21,0
b_5381,47,0
b_5382,21,0
b_5383,47,0
b_5384,21,0
b_5385,1,0
b_5386,21,0
b_5387,21,0
b_5388,47,0
b_5389,21,0
b_539,11,0
b_5390,47,0
b_5391,47,0
b_5392,47,0
b_5393,1,0
b_5394,47,0
b_5395,21,0
b_5396,47,0
b_5397,21,0
b_5398,21,0
b_5399,21,0
b_54,7,0
b_540,29,0
b_5400,21,0
b_5401,21,0
b_5402,47,0
b_5403,1,0
b_5404,21,0
b_5405,1,0
b_5406,47,0
b_5407,47,0
b_5408,1,0
b_5409,1,0
b_541,11,0
b_5410,21,0
b_5411,47,0
b_5412,21,0
b_5413,1,0
b_5414,47,0
b_5415,1,0
b_5416,47,0
b_5417,1,0
b_5418,21,0
b_5419,47,0
b_542,29,0
b_5420,47,0
b_5421,21,0
b_5422,1,0
b_5423,21,0
b_5424,21,0
b_5425,47,0
b_5426,21,0
b_5427,21,0
b_5428,1,0
b_5429,1,0
b_543,29,0
b_5430,1,0
b_5431,1,0
b_5432,21,0
b_5433,47,0
b_5434,1,0
b_5435,47,0
b_5436,1,0
b_5437,21,0
b_5438,21,0
b_5439,21,0
b_544,7,0
b_5440,1,0
b_5441,21,0
b_5442,21,0
b_5443,1,0
b_5444,47,0
b_5445,21,0
b_5446,21,0
b_5448,1,0
b_5449,47,0
b_545,29,0
b_5450,21,0
b_5451,21,0
b_5452,47,0
b_5453,1,0
b_5454,21,0
b_5455,47,0
b_5456,1,0
b_5457,21,0
b_5458,1,0
b_5459,1,0
b_546,11,0
b_5460,1,0
b_5461,1,0
b_5462,21,0
b_5463,1,0
b_5464,47,0
b_5465,21,0
b_5466,1,0
b_5467,47,0
b_5468,47,0
b_5469,47,0
b_547,11,0
b_5470,47,0
b_5471,21,0
b_5472,47,0
b_5473,1,0
b_5474,47,0
b_5475,21,0
b_5476,1,0
b_5477,1,0
b_5478,47,0
b_5479,47,0
b_548,7,0
b_5480,1,0
b_5481,1,0
b_5482,1,0
b_5484,1,0
b_5485,1,0
b_5486,21,0
b_5487,47,0
b_5488,1,0
b_5489,47,0
b_549,7,0
b_5490,1,0
b_5491,47,0
b_5492,1,0
b_5493,1,0
b_5494,21,0
b_5495,1,0
b_5496,47,0
b_5497,47,0
b_5498,47,0
b_5499,1,0
b_55,7,0
b_550,7,0
b_5500,47,0
b_5501,21,0
b_5502,47,0
b_5503,1,0
b_5504,47,0
b_5505,21,0
b_5506,47,0
b_5507,47,0
b_5508,47,0
b_5509,1,0
b_551,29,0
b_5510,21,0
b_5511,47,0
b_5512,1,0
b_5513,21,0
b_5514,47,0
b_5515,47,0
b_5516,1,0
b_5517,1,0
b_5518,1,0
b_5519,47,0
b_552,7,0
b_5520,47,0
b_5521,21,0
b_5522,47,0
b_5523,47,0
b_5524,1,0
b_5525,1,0
b_5526,21,0
b_5527,47,0
b_5528,47,0
b_5529,21,0
b_553,7,0
b_5530,21,0
b_5531,1,0
b_5532,21,0
b_5533,1,0
b_5534,21,0
b_5535,47,0
b_5536,21,0
b_5537,47,0
b_5538,21,0
b_5539,1,0
b_554,11,0
b_5540,47,0
b_5541,1,0
b_5542,47,0
b_5543,21,0
b_5544,1,0
b_5545,1,0
b_5546,21,0
b_5547,1,0
b_5548,47,0
b_5549,47,0
b_555,11,0
b_5550,47,0
b_5551,21,0
b_5552,21,0
b_5553,21,0
b_5554,1,0
b_5555,1,0
b_5556,47,0
b_5557,21,0
b_5558,21,0
b_5559,47,0
b_556,11,0
b_5560,1,0
b_5561,21,0
b_5562,1,0
b_5563,21,0
b_5564,1,0
b_5565,1,0
b_5566,1,0
b_5567,21,0
b_5568,1,0
b_5569,1,0
b_557,29,0
b_5570,21,0
b_5571,47,0
b_5572,21,0
b_5573,21,0
b_5574,47,0
b_5575,1,0
b_5576,47,0
b_5577,21,0
b_5578,21,0
b_5579,47,0
b_558,29,0
b_5580,21,0
b_5581,1,0
b_5582,47,0
b_5583,47,0
b_5584,1,0
b_5585,21,0
b_5586,47,0
b_5587,1,0
b_5588,1,0
b_5589,47,0
b_559,29,0
b_5590,1,0
b_5591,47,0
b_5592,21,0
b_5593,47,0
b_5594,47,0
b_5595,1,0
b_5596,1,0
b_5597,47,0
b_5598,47,0
b_5599,21,0
b_56,11,0
b_560,11,0
b_5600,1,0
b_5601,47,0
b_5602,21,0
b_5603,47,0
b_5604,1,0
b_5605,47,0
b_5606,21,0
b_5607,21,0
b_5608,1,0
b_5609,21,0
b_561,7,0
b_5610,1,0
b_5611,1,0
b_5612,21,0
b_5613,47,0
b_5614,1,0
b_5615,21,0
b_5616,47,0
b_5617,47,0
b_5618,47,0
b_5619,47,0
b_562,11,0
b_5620,21,0
b_5621,21,0
b_5622,21,0
b_5623,1,0
b_5624,47,0
b_5625,21,0
b_5626,21,0
b_5627,47,0
b_5628,21,0
b_5629,47,0
b_563,29,0
b_5630,47,0
b_5631,1,0
b_5632,1,0
b_5633,1,0
b_5634,1,0
b_5635,21,0
b_5636,47,0
b_5637,47,0
b_5638,1,0
b_5639,1,0
b_564,11,0
b_5640,1,0
b_5641,21,0
b_5642,47,0
b_5643,21,0
b_5644,1,0
b_5645,21,0
b_5646,47,0
b_5647,47,0
b_5648,21,0
b_5649,21,0
b_565,7,0
b_5650,47,0
b_5651,47,0
b_5652,21,0
b_5653,1,0
b_5654,47,0
b_5655,21,0
b_5656,1,0
b_5657,1,0
b_5658,21,0
b_5659,21,0
b_566,29,0
b_5660,1,0
b_5661,1,0
b_5662,1,0
b_5663,47,0
b_5664,47,0
b_5665,47,0
b_5666,47,0
b_5667,21,0
b_5668,1,0
b_5669,47,0
b_567,11,0
b_5670,21,0
b_5671,1,0
b_5672,21,0
b_5673,1,0
b_5674,1,0
b_5675,47,0
b_5676,47,0
b_5677,1,0
b_5678,47,0
b_5679,1,0
b_568,7,0
b_5680,47,0
b_5681,21,0
b_5682,21,0
b_5683,47,0
b_5684,1,0
b_5685,47,0
b_5686,47,0
b_5687,47,0
b_5688,21,0
b_5689,1,0
b_569,29,0
b_5690,21,0
b_5691,1,0
b_5692,1,0
b_5693,47,0
b_5694,47,0
b_5695,47,0
b_5697,47,0
b_5698,47,0
b_5699,1,0
b_57,29,0
b_570,11,0
b_5700,1,0
b_5701,21,0
b_5702,1,0
b_5703,47,0
b_5704,47,0
b_5705,21,0
b_5706,1,0
b_5707,1,0
b_5708,21,0
b_5709,21,0
b_571,11,0
b_5710,21,0
b_5711,21,0
b_5712,47,0
b_5713,1,0
b_5714,21,0
b_5715,1,0
b_5716,47,0
b_5717,21,0
b_5718,21,0
b_5719,21,0
b_572,29,0
b_5720,21,0
b_5721,47,0
b_5722,47,0
b_5723,1,0
b_5724,1,0
b_5725,47,0
b_5726,21,0
b_5727,47,0
b_5728,47,0
b_5729,21,0
b_573,29,0
b_5730,1,0
b_5731,47,0
b_5732,1,0
b_5733,21,0
b_5734,21,0
b_5735,1,0
b_5736,1,0
b_5737,1,0
b_5738,1,0
b_5739,47,0
b_574,11,0
b_5740,21,0
b_5741,1,0
b_5742,1,0
b_5743,1,0
b_5744,1,0
b_5745,1,0
b_5746,47,0
b_5747,47,0
b_5748,1,0
b_5749,47,0
b_575,11,0
b_5750,47,0
b_5751,1,0
b_5752,1,0
b_5753,47,0
b_5754,1,0
b_5755,1,0
b_5756,21,0
b_5757,1,0
b_5758,21,0
b_5759,1,0
b_576,11,0
b_5760,21,0
b_5761,47,0
b_5762,47,0
b_5763,21,0
b_5764,21,0
b_5765,21,0
b_5766,1,0
b_5767,1,0
b_5768,21,0
b_5769,21,0
b_577,11,0
b_5770,47,0
b_5771,21,0
b_5772,1,0
b_5773,1,0
b_5774,47,0
b_5775,1,0
b_5776,1,0
b_5777,21,0
b_5778,21,0
b_5779,47,0
b_578,7,0
b_5780,47,0
b_5781,47,0
b_5782,1,0
b_5783,47,0
b_5784,1,0
b_5785,1,0
b_5786,1,0
b_5787,21,0
b_5788,1,0
b_5789,21,0
b_579,29,0
b_5790,1,0
b_5791,1,0
b_5792,1,0
b_5793,21,0
b_5794,47,0
b_5795,21,0
b_5796,21,0
b_5797,21,0
b_5798,21,0
b_5799,21,0
b_58,29,0
b_580,29,0
b_5800,1,0
b_5801,21,0
b_5802,1,0
b_5803,21,0
b_5804,21,0
b_5805,1,0
b_5806,21,0
b_5807,47,0
b_5808,47,0
b_5809,1,0
b_581,7,0
b_5810,21,0
b_5811,47,0
b_5812,21,0
b_5813,1,0
b_5814,47,0
b_5815,21,0
b_5816,1,0
b_5817,47,0
b_5819,21,0
b_582,7,0
b_5820,21,0
b_5821,21,0
b_5822,47,0
b_5823,1,0
b_5824,47,0
b_5825,1,0
b_5826,47,0
b_5827,21,0
b_5828,21,0
b_5829,21,0
b_583,11,0
b_5830,1,0
b_5831,1,0
b_5832,1,0
b_5833,21,0
b_5834,21,0
b_5835,47,0
b_5836,47,0
b_5837,21,0
b_5838,47,0
b_5839,21,0
b_584,29,0
b_5840,21,0
b_5841,21,0
b_5842,47,0
b_5843,1,0
b_5844,47,0
b_5845,47,0
b_5846,21,0
b_5847,21,0
b_5848,47,0
b_5849,1,0
b_585,29,0
b_5850,47,0
b_5851,1,0
b_5852,1,0
b_5853,21,0
b_5854,21,0
b_5855,1,0
b_5856,1,0
b_5857,21,0
b_5858,21,0
b_5859,1,0
b_586,29,0
b_5860,47,0
b_5861,21,0
b_5862,21,0
b_5863,21,0
b_5864,21,0
b_5865,1,0
b_5866,47,0
b_5867,21,0
b_5868,1,0
b_5869,47,0
b_587,29,0
b_5870,1,0
b_5871,47,0
b_5872,47,0
b_5873,21,0
b_5874,21,0
b_5875,21,0
b_5876,47,0
b_5877,47,0
b_5878,1,0
b_5879,21,0
b_588,11,0
b_5880,47,0
b_5881,1,0
b_5882,21,0
b_5883,47,0
b_5884,21,0
b_5885,47,0
b_5886,1,0
b_5887,21,0
b_5888,47,0
b_5889,21,0
b_589,7,0
b_5890,47,0
b_5891,47,0
b_5892,1,0
b_5893,1,0
b_5894,1,0
b_5895,1,0
b_5896,47,0
b_5897,21,0
b_5898,47,0
b_5899,47,0
b_59,11,0
b_590,7,0
b_5900,47,0
b_5901,47,0
b_5902,47,0
b_5903,47,0
b_5904,47,0
b_5905,1,0
b_5906,21,0
b_5907,21,0
b_5908,21,0
b_5909,21,0
b_591,7,0
b_5910,1,0
b_5911,1,0
b_5912,1,0
b_5913,47,0
b_5914,47,0
b_5915,47,0
b_5916,1,0
b_5917,47,0
b_5918,21,0
b_5919,1,0
b_592,11,0
b_5920,21,0
b_5921,21,0
b_5922,21,0
b_5923,21,0
b_5924,1,0
b_5925,21,0
b_5926,1,0
b_5927,1,0
b_5928,21,0
b_5929,47,0
b_593,29,0
b_5930,21,0
b_5931,21,0
b_5932,47,0
b_5933,1,0
b_5934,21,0
b_5935,1,0
b_5936,47,0
b_5937,47,0
b_5938,21,0
b_5939,21,0
b_594,7,0
b_5940,21,0
b_5941,21,0
b_5942,1,0
b_5943,1,0
b_5944,21,0
b_5945,1,0
b_5946,47,0
b_5947,1,0
b_5948,1,0
b_5949,1,0
b_595,7,0
b_5950,21,0
b_5951,1,0
b_5952,47,0
b_5953,47,0
b_5954,47,0
b_5955,47,0
b_5956,21,0
b_5957,21,0
b_5958,1,0
b_5959,1,0
b_596,7,0
b_5960,47,0
b_5961,47,0
b_5962,21,0
b_5963,1,0
b_5964,47,0
b_5965,1,0
b_5966,47,0
b_5967,47,0
b_5968,1,0
b_5969,47,0
b_597,29,0
b_5970,47,0
b_5971,47,0
b_5972,1,0
b_5973,47,0
b_5974,1,0
b_5975,1,0
b_5976,1,0
b_5977,47,0
b_5978,21,0
b_5979,1,0
b_598,11,0
b_5980,1,0
b_5981,47,0
b_5982,47,0
b_5983,21,0
b_5984,1,0
b_5985,1,0
b_5986,21,0
b_5987,47,0
b_5988,47,0
b_5989,21,0
b_599,29,0
b_5990,1,0
b_5991,1,0
b_5992,1,0
b_5993,1,0
b_5994,21,0
b_5995,1,0
b_5996,21,0
b_5997,47,0
b_5998,1,0
b_5999,47,0
b_6,11,0
b_60,7,0
b_600,11,0
b_6000,47,0
b_6001,21,0
b_6002,1,0
b_6003,47,0
b_6004,47,0
b_6005,47,0
b_6006,21,0
b_6007,1,0
b_6008,47,0
b_6009,47,0
b_601,11,0
b_6010,47,0
b_6011,1,0
b_6012,1,0
b_6013,21,0
b_6014,1,0
b_6015,21,0
b_6016,1,0
b_6017,21,0
b_6018,1,0
b_6019,21,0
b_602,29,0
b_6020,21,0
b_6021,21,0
b_6022,1,0
b_6023,47,0
b_6024,21,0
b_6025,47,0
b_6026,1,0
b_6027,21,0
b_6028,1,0
b_6029,47,0
b_603,29,0
b_6031,47,0
b_6032,21,0
b_6033,1,0
b_6034,21,0
b_6035,47,0
b_6036,47,0
b_6037,21,0
b_6038,21,0
b_6039,21,0
b_604,11,0
b_6040,1,0
b_6041,21,0
b_6042,1,0
b_6043,1,0
b_6044,47,0
b_6045,1,0
b_6046,47,0
b_6047,47,0
b_6048,21,0
b_6049,21,0
b_605,29,0
b_6050,21,0
b_6051,21,0
b_6052,21,0
b_6053,1,0
b_6054,1,0
b_6055,21,0
b_6056,47,0
b_6057,21,0
b_6058,21,0
b_6059,21,0
b_606,7,0
b_6060,47,0
b_6061,1,0
b_6062,1,0
b_6063,21,0
b_6064,21,0
b_6065,1,0
b_6066,1,0
b_6067,47,0
b_6068,47,0
b_6069,21,0
b_607,11,0
b_6070,47,0
b_6071,1,0
b_6072,47,0
b_6073,1,0
b_6074,1,0
b_6075,47,0
b_6076,47,0
b_6077,21,0
b_6078,1,0
b_6079,1,0
b_608,11,0
b_6080,21,0
b_6081,1,0
b_6082,1,0
b_6083,1,0
b_6084,1,0
b_6085,47,0
b_6086,21,0
b_6087,1,0
b_6088,21,0
b_6089,21,0
b_609,11,0
b_6090,47,0
b_6091,47,0
b_6092,47,0
b_6093,47,0
b_6094,1,0
b_6095,1,0
b_6096,47,0
b_6097,21,0
b_6098,47,0
b_6099,47,0
b_61,11,0
b_610,11,0
b_6100,21,0
b_6101,47,0
b_6102,21,0
b_6103,1,0
b_6104,21,0
b_6105,21,0
b_6106,1,0
b_6107,1,0
b_6108,1,0
b_6109,21,0
b_611,29,0
b_6110,21,0
b_6111,21,0
b_6112,1,0
b_6113,21,0
b_6114,47,0
b_6115,21,0
b_6116,47,0
b_6117,1,0
b_6118,1,0
b_6119,21,0
b_612,11,0
b_6120,1,0
b_6121,1,0
b_6122,1,0
b_6123,21,0
b_6124,1,0
b_6125,21,0
b_6126,47,0
b_6127,47,0
b_6128,47,0
b_6129,21,0
b_613,29,0
b_6130,21,0
b_6131,47,0
b_6132,1,0
b_6133,47,0
b_6134,21,0
b_6135,21,0
b_6136,1,0
b_6137,1,0
b_6138,47,0
b_6139,47,0
b_614,11,0
b_6140,21,0
b_6141,21,0
b_6142,21,0
b_6143,47,0
b_6144,47,0
b_6146,21,0
b_6147,47,0
b_6148,47,0
b_6149,21,0
b_615,29,0
b_6150,1,0
b_6151,47,0
b_6152,21,0
b_6153,21,0
b_6154,21,0
b_6155,47,0
b_6156,47,0
b_6157,47,0
b_6158,1,0
b_6159,21,0
b_616,7,0
b_6160,47,0
b_6161,21,0
b_6162,21,0
b_6163,47,0
b_6164,21,0
b_6165,1,0
b_6166,1,0
b_6167,21,0
b_6168,21,0
b_6169,1,0
b_617,11,0
b_6170,47,0
b_6171,47,0
b_6172,1,0
b_6173,47,0
b_6174,47,0
b_6175,1,0
b_6176,1,0
b_6177,21,0
b_6178,21,0
b_6179,21,0
b_618,11,0
b_6180,1,0
b_6181,1,0
b_6182,1,0
b_6183,47,0
b_6184,21,0
b_6185,21,0
b_6186,47,0
b_6187,1,0
b_6188,1,0
b_6189,1,0
b_619,7,0
b_6190,47,0
b_6191,1,0
b_6192,47,0
b_6193,21,0
b_6194,21,0
b_6195,21,0
b_6196,1,0
b_6197,47,0
b_6198,1,0
b_6199,47,0
b_62,29,0
b_620,11,0
b_6200,47,0
b_6201,21,0
b_6202,47,0
b_6203,47,0
b_6204,1,0
b_6205,1,0
b_6206,21,0
b_6207,1,0
b_6208,21,0
b_6209,1,0
b_621,29,0
b_6210,47,0
b_6211,21,0
b_6212,1,0
b_6213,47,0
b_6214,21,0
b_6215,47,0
b_6216,21,0
b_6217,21,0
b_6218,47,0
b_6219,1,0
b_622,7,0
b_6220,1,0
b_6221,47,0
b_6222,21,0
b_6223,1,0
b_6224,1,0
b_6225,47,0
b_6226,1,0
b_6227,21,0
b_6228,1,0
b_6229,21,0
b_623,7,0
b_6230,21,0
b_6231,1,0
b_6232,1,0
b_6233,1,0
b_6234,21,0
b_6235,21,0
b_6236,47,0
b_6237,21,0
b_6238,1,0
b_6239,21,0
b_624,7,0
b_6240,21,0
b_6241,21,0
b_6242,47,0
b_6243,21,0
b_6244,21,0
b_6245,47,0
b_6246,1,0
b_6247,1,0
b_6248,21,0
b_6249,47,0
b_625,7,0
b_6250,47,0
b_6251,1,0
b_6252,21,0
b_6253,1,0
b_6254,1,0
b_6255,47,0
b_6256,47,0
b_6257,21,0
b_6258,1,0
b_6259,1,0
b_626,29,0
b_6260,47,0
b_6261,47,0
b_6262,47,0
b_6263,1,0
b_6264,47,0
b_6265,47,0
b_6266,47,0
b_6267,47,0
b_6268,47,0
b_6269,21,0
b_627,29,0
b_6270,47,0
b_6271,47,0
b_6272,21,0
b_6273,1,0
b_6274,1,0
b_6275,47,0
b_6276,1,0
b_6277,47,0
b_6278,47,0
b_6279,21,0
b_628,11,0
b_6280,21,0
b_6281,47,0
b_6282,21,0
b_6283,1,0
b_6284,47,0
b_6285,21,0
b_6286,21,0
b_6287,21,0
b_6288,1,0
b_6289,21,0
b_629,11,0
b_6290,21,0
b_6291,21,0
b_6292,1,0
b_6293,21,0
b_6294,21,0
b_6295,1,0
b_6296,1,0
b_6297,47,0
b_6298,1,0
b_6299,21,0
b_63,29,0
b_630,7,0
b_6300,21,0
b_6301,21,0
b_6302,47,0
b_6303,21,0
b_6304,47,0
b_6305,47,0
b_6306,1,0
b_6307,47,0
b_6308,21,0
b_6309,47,0
b_631,11,0
b_6310,1,0
b_6311,21,0
b_6312,21,0
b_6313,21,0
b_6314,47,0
b_6315,47,0
b_6316,1,0
b_6317,21,0
b_6318,47,0
b_6319,1,0
b_632,29,0
b_6320,47,0
b_6321,47,0
b_6322,1,0
b_6323,47,0
b_6324,47,0
b_6325,21,0
b_6326,1,0
b_6327,21,0
b_6328,21,0
b_6329,1,0
b_633,29,0
b_6330,47,0
b_6331,1,0
b_6332,1,0
b_6333,21,0
b_6334,1,0
b_6335,1,0
b_6336,47,0
b_6337,21,0
b_6338,21,0
b_6339,1,0
b_634,29,0
b_6340,47,0
b_6341,21,0
b_6342,47,0
b_6343,1,0
b_6344,47,0
b_6345,1,0
b_6346,21,0
b_6347,21,0
b_6348,47,0
b_6349,1,0
b_635,29,0
b_6350,21,0
b_6351,21,0
b_6352,1,0
b_6353,47,0
b_6354,47,0
b_6355,47,0
b_6356,47,0
b_6357,47,0
b_6358,47,0
b_6359,47,0
b_636,29,0
b_6360,47,0
b_6361,1,0
b_6362,1,0
b_6363,1,0
b_6364,1,0
b_6365,1,0
b_6366,1,0
b_6367,1,0
b_6368,21,0
b_6369,47,0
b_637,7,0
b_6370,47,0
b_6371,47,0
b_6372,47,0
b_6373,47,0
b_6374,47,0
b_6375,21,0
b_6376,1,0
b_6377,47,0
b_6379,21,0
b_638,7,0
b_6380,21,0
b_6381,21,0
b_6382,47,0
b_6383,1,0
b_6384,1,0
b_6385,1,0
b_6386,1,0
b_6387,21,0
b_6388,47,0
b_6389,47,0
b_639,7,0
b_6390,47,0
b_6391,47,0
b_6392,21,0
b_6393,21,0
b_6394,47,0
b_6395,1,0
b_6396,21,0
b_6397,1,0
b_6398,21,0
b_6399,1,0
b_64,11,0
b_640,29,0
b_6400,21,0
b_6401,47,0
b_6402,47,0
b_6403,47,0
b_6404,47,0
b_6405,1,0
b_6406,1,0
b_6407,1,0
b_6408,47,0
b_6409,1,0
b_641,7,0
b_6410,47,0
b_6411,1,0
b_6412,47,0
b_6413,21,0
b_6414,21,0
b_6415,47,0
b_6416,1,0
b_6417,21,0
b_6418,21,0
b_6419,1,0
b_642,11,0
b_6420,47,0
b_6421,47,0
b_6422,1,0
b_6423,47,0
b_6424,47,0
b_6425,1,0
b_6426,47,0
b_6427,47,0
b_6428,1,0
b_6429,47,0
b_643,7,0
b_6430,21,0
b_6431,21,0
b_6432,1,0
b_6433,21,0
b_6434,1,0
b_6435,1,0
b_6436,1,0
b_6437,21,0
b_6438,1,0
b_6439,1,0
b_644,11,0
b_6440,47,0
b_6441,1,0
b_6442,1,0
b_6443,1,0
b_6444,1,0
b_6445,21,0
b_6446,47,0
b_6447,1,0
b_6448,47,0
b_6449,21,0
b_645,11,0
b_6450,47,0
b_6451,21,0
b_6452,1,0
b_6453,47,0
b_6454,1,0
b_6455,47,0
b_6456,1,0
b_6457,47,0
b_6458,47,0
b_6459,1,0
b_646,7,0
b_6460,21,0
b_6461,21,0
b_6462,1,0
b_6463,21,0
b_6464,21,0
b_6465,21,0
b_6466,1,0
b_6467,47,0
b_6468,21,0
b_6469,47,0
b_647,11,0
b_6470,47,0
b_6471,21,0
b_6472,47,0
b_6473,21,0
b_6474,47,0
b_6475,21,0
b_6476,21,0
b_6477,47,0
b_6478,1,0
b_6479,47,0
b_648,11,0
b_6480,47,0
b_6481,47,0
b_6482,1,0
b_6483,1,0
b_6484,47,0
b_6485,21,0
b_6486,21,0
b_6487,47,0
b_6488,47,0
b_6489,47,0
b_649,7,0
b_6490,1,0
b_6491,47,0
b_6492,1,0
b_6493,21,0
b_6494,21,0
b_6495,21,0
b_6496,21,0
b_6497,1,0
b_6498,21,0
b_6499,21,0
b_65,29,0
b_650,29,0
b_6500,21,0
b_6501,21,0
b_6502,47,0
b_6503,1,0
b_6504,21,0
b_6505,21,0
b_6506,47,0
b_6507,47,0
b_6508,47,0
b_6509,21,0
b_651,7,0
b_6510,47,0
b_6511,47,0
b_6512,1,0
b_6513,1,0
b_6514,21,0
b_6515,1,0
b_6516,1,0
b_6517,21,0
b_6518,47,0
b_6519,1,0
b_652,29,0
b_6520,21,0
b_6521,1,0
b_6522,47,0
b_6523,47,0
b_6524,47,0
b_6525,47,0
b_6526,47,0
b_6527,1,0
b_6528,47,0
b_6529,1,0
b_653,7,0
b_6530,21,0
b_6531,1,0
b_6532,21,0
b_6533,47,0
b_6534,21,0
b_6535,21,0
b_6536,21,0
b_6537,47,0
b_6538,21,0
b_6539,21,0
b_654,29,0
b_6540,1,0
b_6541,21,0
b_6542,21,0
b_6543,47,0
b_6544,1,0
b_6545,21,0
b_6546,21,0
b_6547,47,0
b_6548,47,0
b_6549,47,0
b_655,7,0
b_6550,1,0
b_6551,47,0
b_6552,21,0
b_6553,1,0
b_6554,1,0
b_6555,1,0
b_6556,47,0
b_6557,21,0
b_6558,47,0
b_6559,21,0
b_656,29,0
b_6560,1,0
b_6561,1,0
b_6562,1,0
b_6563,47,0
b_6564,21,0
b_6565,1,0
b_6566,1,0
b_6567,1,0
b_6568,21,0
b_6569,1,0
b_657,7,0
b_6570,47,0
b_6571,21,0
b_6572,21,0
b_6573,1,0
b_6574,47,0
b_6575,21,0
b_6576,47,0
b_6577,1,0
b_6578,21,0
b_6579,21,0
b_658,29,0
b_6580,1,0
b_6581,1,0
b_6582,47,0
b_6583,47,0
b_6584,21,0
b_6585,1,0
b_6586,1,0
b_6587,47,0
b_6588,1,0
b_6589,47,0
b_659,7,0
b_6590,1,0
b_6591,1,0
b_6592,1,0
b_6593,47,0
b_6594,1,0
b_6595,47,0
b_6596,47,0
b_6597,21,0
b_6598,21,0
b_6599,21,0
b_66,29,0
b_660,7,0
b_6600,47,0
b_6601,1,0
b_6602,47,0
b_6603,21,0
b_6604,21,0
b_6605,1,0
b_6606,21,0
b_6607,1,0
b_6608,1,0
b_6609,21,0
b_661,29,0
b_6610,1,0
b_6611,21,0
b_6612,21,0
b_6613,1,0
b_6614,1,0
b_6615,47,0
b_6616,47,0
b_6617,47,0
b_6618,47,0
b_6619,47,0
b_662,29,0
b_6620,21,0
b_6621,1,0
b_6622,47,0
b_6623,21,0
b_6624,1,0
b_6625,47,0
b_6626,21,0
b_6627,1,0
b_6628,1,0
b_6629,1,0
b_663,7,0
b_6631,21,0
b_6632,1,0
b_6633,47,0
b_6634,1,0
b_6635,47,0
b_6636,47,0
b_6637,47,0
b_6638,47,0
b_6639,21,0
b_664,29,0
b_6640,1,0
b_6641,1,0
b_6642,1,0
b_6643,1,0
b_6644,47,0
b_6645,1,0
b_6646,1,0
b_6647,21,0
b_6648,1,0
b_6649,1,0
b_665,29,0
b_6650,21,0
b_6651,21,0
b_6652,1,0
b_6653,1,0
b_6654,21,0
b_6655,21,0
b_6656,21,0
b_6657,21,0
b_6658,21,0
b_6659,21,0
b_666,11,0
b_6660,1,0
b_6661,1,0
b_6662,47,0
b_6663,47,0
b_6664,1,0
b_6665,21,0
b_6666,21,0
b_6667,47,0
b_6668,21,0
b_6669,47,0
b_667,29,0
b_6670,47,0
b_6671,47,0
b_6672,1,0
b_6673,47,0
b_6674,47,0
b_6675,21,0
b_6676,21,0
b_6677,47,0
b_6678,47,0
b_6679,1,0
b_668,7,0
b_6680,21,0
b_6681,1,0
b_6682,47,0
b_6683,47,0
b_6684,1,0
b_6685,47,0
b_6686,21,0
b_6687,21,0
b_6688,47,0
b_6689,1,0
b_669,29,0
b_6690,47,0
b_6691,1,0
b_6692,47,0
b_6693,47,0
b_6694,1,0
b_6695,47,0
b_6696,21,0
b_6697,21,0
b_6698,1,0
b_6699,47,0
b_67,29,0
b_670,29,0
b_6700,21,0
b_6701,21,0
b_6702,47,0
b_6703,47,0
b_6704,47,0
b_6705,47,0
b_6706,47,0
b_6707,1,0
b_6708,21,0
b_6709,1,0
b_671,11,0
b_6710,47,0
b_6711,1,0
b_6712,21,0
b_6713,47,0
b_6714,1,0
b_6715,1,0
b_6716,47,0
b_6717,21,0
b_6718,1,0
b_6719,47,0
b_672,7,0
b_6720,1,0
b_6721,1,0
b_6723,21,0
b_6724,1,0
b_6725,1,0
b_6726,1,0
b_6727,21,0
b_6728,1,0
b_6729,1,0
b_673,7,0
b_6730,1,0
b_6731,21,0
b_6732,1,0
b_6733,21,0
b_6734,1,0
b_6735,47,0
b_6736,21,0
b_6737,47,0
b_6738,1,0
b_6739,21,0
b_674,11,0
b_6740,21,0
b_6741,1,0
b_6742,1,0
b_6743,47,0
b_6744,21,0
b_6745,21,0
b_6746,47,0
b_6747,1,0
b_6748,1,0
b_6749,47,0
b_675,11,0
b_6750,47,0
b_6751,1,0
b_6752,1,0
b_6753,1,0
b_6754,47,0
b_6755,1,0
b_6756,47,0
b_6757,47,0
b_6758,1,0
b_6759,1,0
b_676,11,0
b_6760,21,0
b_6761,1,0
b_6762,47,0
b_6763,47,0
b_6764,21,0
b_6765,1,0
b_6766,1,0
b_6767,21,0
b_6768,47,0
b_6769,21,0
b_677,11,0
b_6770,47,0
b_6771,1,0
b_6772,47,0
b_6773,1,0
b_6774,47,0
b_6775,47,0
b_6776,21,0
b_6777,47,0
b_6778,47,0
b_6779,47,0
b_678,7,0
b_6780,1,0
b_6781,47,0
b_6782,21,0
b_6783,1,0
b_6784,47,0
b_6785,1,0
b_6786,21,0
b_6787,47,0
b_6788,1,0
b_6789,21,0
b_679,29,0
b_6790,21,0
b_6791,21,0
b_6792,47,0
b_6793,21,0
b_6794,1,0
b_6795,47,0
b_6796,47,0
b_6797,1,0
b_6798,47,0
b_6799,1,0
b_68,7,0
b_680,7,0
b_6800,47,0
b_6801,1,0
b_6802,47,0
b_6803,1,0
b_6804,21,0
b_6805,21,0
b_6806,1,0
b_6807,47,0
b_6808,47,0
b_6809,1,0
b_681,11,0
b_6810,1,0
b_6811,21,0
b_6812,21,0
b_6813,1,0
b_6814,1,0
b_6815,47,0
b_6816,21,0
b_6817,21,0
b_6818,1,0
b_6819,1,0
b_682,29,0
b_6820,1,0
b_6821,1,0
b_6822,1,0
b_6823,47,0
b_6824,21,0
b_6825,1,0
b_6826,47,0
b_6827,47,0
b_6828,21,0
b_6829,47,0
b_683,11,0
b_6830,21,0
b_6831,47,0
b_6832,21,0
b_6833,1,0
b_6834,21,0
b_6835,1,0
b_6836,1,0
b_6837,47,0
b_6839,1,0
b_684,29,0
b_6840,21,0
b_6841,21,0
b_6842,1,0
b_6843,21,0
b_6844,1,0
b_6845,21,0
b_6846,1,0
b_6847,1,0
b_6848,47,0
b_6849,21,0
b_685,11,0
b_6850,21,0
b_6851,1,0
b_6852,1,0
b_6853,1,0
b_6854,1,0
b_6855,21,0
b_6856,1,0
b_6857,47,0
b_6858,47,0
b_6859,1,0
b_686,29,0
b_6860,1,0
b_6861,21,0
b_6862,1,0
b_6863,21,0
b_6864,21,0
b_6865,21,0
b_6866,21,0
b_6867,47,0
b_6868,47,0
b_6869,21,0
b_687,7,0
b_6870,1,0
b_6871,47,0
b_6872,1,0
b_6873,47,0
b_6874,21,0
b_6875,1,0
b_6876,21,0
b_6877,47,0
b_6878,47,0
b_6879,21,0
b_688,11,0
b_6880,21,0
b_6881,21,0
b_6882,21,0
b_6883,47,0
b_6884,47,0
b_6885,47,0
b_6886,21,0
b_6887,1,0
b_6888,1,0
b_6889,1,0
b_689,29,0
b_6890,1,0
b_6891,1,0
b_6892,1,0
b_6893,1,0
b_6894,21,0
b_6895,21,0
b_6896,1,0
b_6897,47,0
b_6898,21,0
b_6899,1,0
b_69,7,0
b_690,29,0
b_6900,1,0
b_6901,47,0
b_6902,1,0
b_6903,21,0
b_6904,47,0
b_6905,1,0
b_6906,21,0
b_6907,1,0
b_6908,47,0
b_6909,47,0
b_691,11,0
b_6910,21,0
b_6911,1,0
b_6912,1,0
b_6913,21,0
b_6914,1,0
b_6915,1,0
b_6916,1,0
b_6917,21,0
b_6918,47,0
b_6919,21,0
b_692,29,0
b_6920,1,0
b_6921,47,0
b_6922,1,0
b_6923,47,0
b_6924,1,0
b_6925,47,0
b_6926,1,0
b_6927,1,0
b_6928,47,0
b_6929,1,0
b_693,11,0
b_6930,47,0
b_6931,1,0
b_6932,1,0
b_6933,47,0
b_6934,1,0
b_6935,47,0
b_6936,47,0
b_6937,1,0
b_6938,47,0
b_6939,1,0
b_694,11,0
b_6940,39,1
b_6941,47,0
b_6942,1,0
b_6943,21,0
b_6944,21,0
b_6945,21,0
b_6946,47,0
b_6947,21,0
b_6948,47,0
b_6949,47,0
b_695,11,0
b_6950,1,0
b_6951,21,0
b_6952,1,0
b_6953,1,0
b_6954,21,0
b_6955,21,0
b_6956,21,0
b_6957,1,0
b_6958,47,0
b_6959,21,0
b_696,7,0
b_6960,1,0
b_6962,47,0
b_6963,1,0
b_6964,1,0
b_6965,47,0
b_6966,21,0
b_6967,1,0
b_6968,1,0
b_6969,47,0
b_697,7,0
b_6970,47,0
b_6971,21,0
b_6972,1,0
b_6973,1,0
b_6974,47,0
b_6975,1,0
b_6976,1,0
b_6977,1,0
b_6978,47,0
b_6979,21,0
b_698,11,0
b_6980,21,0
b_6982,47,0
b_6983,21,0
b_6984,47,0
b_6985,47,0
b_6986,21,0
b_6987,1,0
b_6988,47,0
b_6989,1,0
b_699,11,0
b_6990,21,0
b_6991,21,0
b_6992,1,0
b_6993,21,0
b_6994,1,0
b_6995,21,0
b_6996,1,0
b_6997,47,0
b_6998,47,0
b_6999,1,0
b_7,29,0
b_70,29,0
b_700,29,0
b_7000,47,0
b_7001,47,0
b_7002,21,0
b_7003,21,0
b_7004,1,0
b_7005,1,0
b_7006,21,0
b_7007,1,0
b_7008,21,0
b_7009,1,0
b_701,7,0
b_7010,47,0
b_7011,1,0
b_7012,1,0
b_7013,21,0
b_7014,21,0
b_7015,1,0
b_7016,47,0
b_7017,47,0
b_7018,21,0
b_7019,21,0
b_702,7,0
b_7020,47,0
b_7021,47,0
b_7022,47,0
b_7023,21,0
b_7024,47,0
b_7025,1,0
b_7026,21,0
b_7027,1,0
b_7028,47,0
b_7029,1,0
b_703,11,0
b_7031,21,0
b_7032,47,0
b_7033,21,0
b_7035,21,0
b_7036,47,0
b_7038,47,0
b_7039,21,0
b_704,7,0
b_7040,1,0
b_7041,21,0
b_7042,21,0
b_7043,21,0
b_7044,21,0
b_7045,1,0
b_7046,47,0
b_7047,47,0
b_7048,47,0
b_7049,47,0
b_705,7,0
b_7050,47,0
b_7051,47,0
b_7052,47,0
b_7053,1,0
b_7054,47,0
b_7055,1,0
b_7056,1,0
b_7057,1,0
b_7058,47,0
b_7059,47,0
b_706,29,0
b_7060,47,0
b_7061,47,0
b_7062,1,0
b_7063,1,0
b_7064,21,0
b_7065,47,0
b_7066,1,0
b_7067,21,0
b_7068,21,0
b_7069,47,0
b_707,7,0
b_7070,1,0
b_7071,47,0
b_7072,47,0
b_7073,47,0
b_7074,47,0
b_7075,21,0
b_7076,1,0
b_7077,1,0
b_7078,1,0
b_7079,47,0
b_708,29,0
b_7080,21,0
b_7081,47,0
b_7082,1,0
b_7083,1,0
b_7084,21,0
b_7085,1,0
b_7086,1,0
b_7087,47,0
b_7088,47,0
b_7089,47,0
b_709,7,0
b_7090,47,0
b_7091,21,0
b_7092,1,0
b_7093,47,0
b_7094,1,0
b_7095,1,0
b_7096,21,0
b_7097,21,0
b_7098,21,0
b_7099,21,0
b_71,7,0
b_710,7,0
b_7100,1,0
b_7101,47,0
b_7102,21,0
b_7103,21,0
b_7104,21,0
b_7105,21,0
b_7106,1,0
b_7107,1,0
b_7108,47,0
b_7109,1,0
b_711,7,0
b_7110,1,0
b_7111,21,0
b_7112,1,0
b_7113,1,0
b_7114,47,0
b_7115,47,0
b_7116,1,0
b_7117,47,0
b_7118,47,0
b_7119,47,0
b_712,29,0
b_7120,21,0
b_7121,47,0
b_7122,1,0
b_7123,1,0
b_7124,47,0
b_7125,21,0
b_7126,21,0
b_7127,21,0
b_7128,1,0
b_7129,1,0
b_713,7,0
b_7130,1,0
b_7131,21,0
b_7132,21,0
b_7133,1,0
b_7134,1,0
b_7135,21,0
b_7136,47,0
b_7137,1,0
b_7138,1,0
b_7139,47,0
b_714,7,0
b_7140,21,0
b_7141,47,0
b_7142,1,0
b_7143,21,0
b_7144,1,0
b_7145,21,0
b_7146,47,0
b_7147,47,0
b_7148,21,0
b_7149,21,0
b_715,11,0
b_7150,1,0
b_7151,21,0
b_7152,21,0
b_7153,21,0
b_7154,47,0
b_7155,1,0
b_7156,47,0
b_7157,47,0
b_7158,21,0
b_7159,21,0
b_716,11,0
b_7160,21,0
b_7161,47,0
b_7162,47,0
b_7163,1,0
b_7164,1,0
b_7165,21,0
b_7166,1,0
b_7167,21,0
b_7168,1,0
b_7169,1,0
b_717,29,0
b_7170,1,0
b_7171,1,0
b_7172,47,0
b_7173,1,0
b_7174,47,0
b_7175,21,0
b_7176,1,0
b_7177,21,0
b_7178,47,0
b_7179,21,0
b_718,29,0
b_7180,1,0
b_7181,21,0
b_7182,47,0
b_7183,47,0
b_7184,47,0
b_7185,47,0
b_7186,21,0
b_7187,47,0
b_7188,21,0
b_7189,1,0
b_719,7,0
b_7190,21,0
b_7191,47,0
b_7192,1,0
b_7193,21,0
b_7194,21,0
b_7195,21,0
b_7196,47,0
b_7197,21,0
b_7198,21,0
b_7199,21,0
b_72,29,0
b_720,7,0
b_7200,47,0
b_7201,21,0
b_7202,47,0
b_7203,47,0
b_7205,47,0
b_7206,1,0
b_7207,21,0
b_7208,47,0
b_7209,1,0
b_721,29,0
b_7210,21,0
b_7211,21,0
b_7212,1,0
b_7213,47,0
b_7214,21,0
b_7215,1,0
b_7216,1,0
b_7217,21,0
b_7218,1,0
b_7219,21,0
b_722,7,0
b_7220,21,0
b_7221,47,0
b_7222,21,0
b_7223,47,0
b_7224,1,0
b_7225,1,0
b_7226,47,0
b_7227,1,0
b_7228,21,0
b_7229,47,0
b_723,7,0
b_7230,21,0
b_7231,47,0
b_7232,21,0
b_7233,21,0
b_7234,1,0
b_7235,21,0
b_7236,21,0
b_7238,1,0
b_7239,47,0
b_724,11,0
b_7240,1,0
b_7241,21,0
b_7243,1,0
b_7244,47,0
b_7245,47,0
b_7246,1,0
b_7247,47,0
b_7248,1,0
b_7249,21,0
b_725,7,0
b_7250,21,0
b_7251,21,0
b_7252,21,0
b_7253,1,0
b_7254,21,0
b_7255,21,0
b_7256,47,0
b_7257,1,0
b_7258,47,0
b_7259,47,0
b_726,29,0
b_7260,21,0
b_7261,47,0
b_7262,21,0
b_7263,47,0
b_7264,1,0
b_7265,21,0
b_7266,21,0
b_7267,47,0
b_7268,1,0
b_7269,21,0
b_727,7,0
b_7270,47,0
b_7271,47,0
b_7272,47,0
b_7273,1,0
b_7274,21,0
b_7275,1,0
b_7276,21,0
b_7277,1,0
b_7278,21,0
b_7279,21,0
b_728,29,0
b_7281,21,0
b_7282,47,0
b_7283,47,0
b_7284,47,0
b_7285,21,0
b_7286,47,0
b_7287,1,0
b_7288,1,0
b_7289,21,0
b_729,29,0
b_7290,47,0
b_7291,21,0
b_7292,1,0
b_7293,21,0
b_7294,21,0
b_7295,47,0
b_7296,1,0
b_7297,47,0
b_7298,47,0
b_7299,47,0
b_73,11,0
b_730,29,0
b_7300,47,0
b_7301,47,0
b_7302,1,0
b_7303,1,0
b_7304,21,0
b_7305,21,0
b_7306,1,0
b_7307,1,0
b_7308,1,0
b_7309,47,0
b_731,7,0
b_7310,47,0
b_7311,1,0
b_7313,47,0
b_7314,1,0
b_7315,47,0
b_7316,1,0
b_7317,47,0
b_7318,21,0
b_7319,21,0
b_732,7,0
b_7320,1,0
b_7321,1,0
b_7322,21,0
b_7323,47,0
b_7324,1,0
b_7325,21,0
b_7326,1,0
b_7327,1,0
b_7328,1,0
b_7329,21,0
b_733,11,0
b_7330,47,0
b_7331,21,0
b_7332,47,0
b_7333,21,0
b_7334,1,0
b_7335,21,0
b_7336,21,0
b_7337,1,0
b_7338,21,0
b_7339,21,0
b_734,7,0
b_7340,21,0
b_7342,21,0
b_7343,21,0
b_7344,1,0
b_7345,21,0
b_7346,21,0
b_7347,21,0
b_7348,1,0
b_7349,1,0
b_735,7,0
b_7350,1,0
b_7351,47,0
b_7352,21,0
b_7353,21,0
b_7354,21,0
b_7355,47,0
b_7356,1,0
b_7357,21,0
b_7358,1,0
b_7359,47,0
b_736,7,0
b_7360,21,0
b_7362,47,0
b_7363,21,0
b_7364,21,0
b_7365,1,0
b_7366,47,0
b_7367,47,0
b_7368,47,0
b_7369,47,0
b_737,29,0
b_7370,47,0
b_7371,47,0
b_7372,47,0
b_7373,1,0
b_7374,47,0
b_7375,47,0
b_7376,21,0
b_7377,1,0
b_7379,47,0
b_738,11,0
b_7380,21,0
b_7381,21,0
b_7382,21,0
b_7383,21,0
b_7384,47,0
b_7385,47,0
b_7386,1,0
b_7387,21,0
b_7388,21,0
b_7389,47,0
b_739,11,0
b_7390,21,0
b_7391,47,0
b_7392,47,0
b_7393,47,0
b_7394,1,0
b_7395,1,0
b_7396,21,0
b_7397,21,0
b_7398,21,0
b_74,11,0
b_740,11,0
b_7400,1,0
b_7401,1,0
b_7402,47,0
b_7403,47,0
b_7404,21,0
b_7405,21,0
b_7406,1,0
b_7407,1,0
b_7408,1,0
b_7409,47,0
b_741,29,0
b_7410,21,0
b_7411,21,0
b_7412,21,0
b_7413,1,0
b_7414,1,0
b_7415,21,0
b_7416,21,0
b_7417,21,0
b_7418,1,0
b_7419,1,0
b_742,29,0
b_7420,47,0
b_7421,47,0
b_7422,1,0
b_7423,47,0
b_7424,21,0
b_7425,21,0
b_7426,1,0
b_7427,1,0
b_7428,1,0
b_7429,21,0
b_743,29,0
b_7430,21,0
b_7431,21,0
b_7432,47,0
b_7433,47,0
b_7434,1,0
b_7435,47,0
b_7436,21,0
b_7437,21,0
b_7438,21,0
b_7439,47,0
b_744,7,0
b_7440,1,0
b_7441,21,0
b_7442,1,0
b_7443,1,0
b_7444,47,0
b_7445,21,0
b_7446,21,0
b_7447,21,0
b_7448,1,0
b_7449,1,0
b_745,11,0
b_7450,21,0
b_7451,47,0
b_7452,47,0
b_7453,1,0
b_7454,47,0
b_7455,1,0
b_7456,1,0
b_7457,47,0
b_7458,21,0
b_7459,1,0
b_746,7,0
b_7460,21,0
b_7461,21,0
b_7462,1,0
b_7463,1,0
b_7464,21,0
b_7465,47,0
b_7466,47,0
b_7467,21,0
b_7468,21,0
b_7469,1,0
b_747,29,0
b_7470,47,0
b_7471,1,0
b_7472,47,0
b_7473,47,0
b_7474,1,0
b_7475,1,0
b_7476,1,0
b_7477,21,0
b_7478,47,0
b_7479,47,0
b_748,11,0
b_7480,47,0
b_7481,21,0
b_7482,21,0
b_7483,47,0
b_7484,1,0
b_7485,21,0
b_7486,47,0
b_7487,47,0
b_7489,21,0
b_749,11,0
b_7490,47,0
b_7491,21,0
b_7492,47,0
b_7493,47,0
b_7494,47,0
b_7495,1,0
b_7496,47,0
b_7497,1,0
b_7498,1,0
b_7499,47,0
b_75,7,0
b_750,7,0
b_7500,21,0
b_7501,1,0
b_7502,47,0
b_7503,21,0
b_7504,1,0
b_7505,1,0
b_7506,21,0
b_7507,1,0
b_7508,47,0
b_7509,47,0
b_751,11,0
b_7510,47,0
b_7511,21,0
b_7512,1,0
b_7513,1,0
b_7514,21,0
b_7515,47,0
b_7516,21,0
b_7517,21,0
b_7518,21,0
b_7519,1,0
b_752,7,0
b_7520,1,0
b_7521,1,0
b_7522,21,0
b_7523,1,0
b_7524,47,0
b_7526,21,0
b_7527,21,0
b_7528,1,0
b_7529,21,0
b_753,7,0
b_7530,1,0
b_7532,1,0
b_7533,21,0
b_7534,1,0
b_7535,1,0
b_7536,1,0
b_7537,1,0
b_7538,1,0
b_7539,21,0
b_754,11,0
b_7540,47,0
b_7541,47,0
b_7542,21,0
b_7543,21,0
b_7544,1,0
b_7545,21,0
b_7546,1,0
b_7547,47,0
b_7548,1,0
b_7549,1,0
b_755,11,0
b_7550,21,0
b_7551,21,0
b_7552,21,0
b_7554,21,0
b_7555,21,0
b_7556,1,0
b_7557,47,0
b_7558,21,0
b_7559,1,0
b_756,7,0
b_7560,47,0
b_7561,1,0
b_7562,1,0
b_7563,47,0
b_7564,47,0
b_7565,21,0
b_7566,1,0
b_7567,1,0
b_7568,1,0
b_7569,21,0
b_757,11,0
b_7570,1,0
b_7571,21,0
b_7572,47,0
b_7573,21,0
b_7574,1,0
b_7575,47,0
b_7576,1,0
b_7577,21,0
b_7578,47,0
b_7579,21,0
b_758,7,0
b_7580,1,0
b_7581,21,0
b_7582,47,0
b_7583,47,0
b_7584,47,0
b_7585,21,0
b_7586,47,0
b_7587,21,0
b_7588,47,0
b_7589,21,0
b_759,29,0
b_7590,1,0
b_7591,47,0
b_7592,21,0
b_7593,1,0
b_7594,21,0
b_7595,21,0
b_7596,21,0
b_7597,21,0
b_7598,47,0
b_7599,1,0
b_76,11,0
b_760,29,0
b_7600,21,0
b_7601,21,0
b_7602,47,0
b_7603,1,0
b_7604,47,0
b_7605,47,0
b_7606,1,0
b_7607,1,0
b_7608,47,0
b_7609,21,0
b_761,7,0
b_7610,21,0
b_7611,1,0
b_7612,1,0
b_7613,47,0
b_7614,1,0
b_7615,1,0
b_7616,21,0
b_7617,21,0
b_7618,1,0
b_7619,47,0
b_762,29,0
b_7620,1,0
b_7621,1,0
b_7622,1,0
b_7623,47,0
b_7624,21,0
b_7625,47,0
b_7626,47,0
b_7627,21,0
b_7628,47,0
b_7629,47,0
b_763,7,0
b_7630,47,0
b_7631,1,0
b_7632,1,0
b_7633,1,0
b_7634,47,0
b_7635,47,0
b_7636,1,0
b_7637,1,0
b_7638,1,0
b_7639,47,0
b_764,11,0
b_7640,1,0
b_7641,1,0
b_7642,1,0
b_7643,21,0
b_7644,47,0
b_7645,21,0
b_7646,1,0
b_7647,47,0
b_7648,47,0
b_7649,1,0
b_765,11,0
b_7650,47,0
b_7651,1,0
b_7652,21,0
b_7653,21,0
b_7654,47,0
b_7655,21,0
b_7656,21,0
b_7657,47,0
b_7658,21,0
b_7659,21,0
b_766,11,0
b_7660,47,0
b_7661,1,0
b_7662,1,0
b_7663,1,0
b_7664,21,0
b_7665,1,0
b_7666,21,0
b_7667,1,0
b_7668,21,0
b_7669,21,0
b_767,7,0
b_7670,47,0
b_7671,1,0
b_7672,47,0
b_7673,21,0
b_7675,21,0
b_7676,47,0
b_7677,47,0
b_7678,1,0
b_7679,1,0
b_768,7,0
b_7680,1,0
b_7681,21,0
b_7682,21,0
b_7683,1,0
b_7684,47,0
b_7685,47,0
b_7686,47,0
b_7687,21,0
b_7688,1,0
b_7689,47,0
b_769,7,0
b_7690,47,0
b_7691,21,0
b_7692,47,0
b_7693,21,0
b_7694,1,0
b_7695,1,0
b_7696,21,0
b_7697,21,0
b_7698,1,0
b_7699,47,0
b_77,7,0
b_770,29,0
b_7700,21,0
b_7701,1,0
b_7702,1,0
b_7703,1,0
b_7704,1,0
b_7705,21,0
b_7706,21,0
b_7707,47,0
b_7708,21,0
b_7709,1,0
b_771,29,0
b_7710,1,0
b_7711,21,0
b_7712,21,0
b_7713,21,0
b_7714,47,0
b_7715,21,0
b_7716,47,0
b_7717,21,0
b_7718,47,0
b_7719,21,0
b_772,29,0
b_7720,47,0
b_7721,47,0
b_7722,21,0
b_7723,21,0
b_7724,21,0
b_7725,47,0
b_7726,47,0
b_7727,47,0
b_7728,1,0
b_7729,21,0
b_773,7,0
b_7730,21,0
b_7731,47,0
b_7732,21,0
b_7733,21,0
b_7734,47,0
b_7735,47,0
b_7736,1,0
b_7737,21,0
b_7738,1,0
b_7739,47,0
b_774,29,0
b_7740,1,0
b_7741,1,0
b_7742,21,0
b_7743,47,0
b_7744,47,0
b_7745,47,0
b_7746,47,0
b_7747,47,0
b_7748,47,0
b_7749,47,0
b_775,29,0
b_7750,21,0
b_7751,1,0
b_7752,21,0
b_7753,1,0
b_7754,47,0
b_7755,47,0
b_7756,1,0
b_7757,21,0
b_7758,47,0
b_7759,21,0
b_776,7,0
b_7760,47,0
b_7761,47,0
b_7762,21,0
b_7763,47,0
b_7764,47,0
b_7765,47,0
b_7766,47,0
b_7767,21,0
b_7768,1,0
b_7769,21,0
b_777,29,0
b_7770,21,0
b_7771,21,0
b_7772,47,0
b_7773,47,0
b_7774,47,0
b_7775,21,0
b_7776,47,0
b_7777,21,0
b_7778,21,0
b_7779,47,0
b_778,11,0
b_7780,47,0
b_7781,47,0
b_7782,21,0
b_7783,1,0
b_7784,21,0
b_7785,21,0
b_7786,21,0
b_7787,21,0
b_7788,21,0
b_7789,47,0
b_779,11,0
b_7790,1,0
b_7791,21,0
b_7792,1,0
b_7793,21,0
b_7794,47,0
b_7795,21,0
b_7796,1,0
b_7797,47,0
b_7798,47,0
b_7799,21,0
b_78,29,0
b_780,29,0
b_7800,47,0
b_7801,47,0
b_7802,47,0
b_7803,21,0
b_7804,47,0
b_7805,47,0
b_7806,47,0
b_7807,47,0
b_7808,21,0
b_7809,21,0
b_781,7,0
b_7810,47,0
b_7811,21,0
b_7812,21,0
b_7813,21,0
b_7814,47,0
b_7815,1,0
b_7816,47,0
b_7817,47,0
b_7818,47,0
b_7819,1,0
b_782,7,0
b_7820,1,0
b_7821,21,0
b_7822,1,0
b_7823,47,0
b_7824,21,0
b_7825,1,0
b_7826,21,0
b_7827,1,0
b_7828,21,0
b_7829,47,0
b_783,7,0
b_7830,47,0
b_7831,21,0
b_7832,1,0
b_7833,47,0
b_7834,47,0
b_7835,21,0
b_7836,1,0
b_7837,1,0
b_7838,47,0
b_7839,47,0
b_784,11,0
b_7840,21,0
b_7841,21,0
b_7842,21,0
b_7843,47,0
b_7844,47,0
b_7845,1,0
b_7846,47,0
b_7847,47,0
b_7848,47,0
b_7849,1,0
b_785,11,0
b_7850,47,0
b_7851,1,0
b_7852,21,0
b_7853,21,0
b_7854,47,0
b_7855,21,0
b_7856,21,0
b_7857,47,0
b_7858,1,0
b_7859,1,0
b_786,29,0
b_7860,47,0
b_7861,1,0
b_7862,47,0
b_7863,1,0
b_7864,47,0
b_7865,1,0
b_7866,47,0
b_7867,1,0
b_7868,1,0
b_7869,21,0
b_787,7,0
b_7870,1,0
b_7871,47,0
b_7872,1,0
b_7873,1,0
b_7874,21,0
b_7875,1,0
b_7876,47,0
b_7877,1,0
b_7878,21,0
b_7879,47,0
b_788,7,0
b_7880,21,0
b_7881,47,0
b_7882,21,0
b_7883,47,0
b_7884,1,0
b_7885,21,0
b_7886,1,0
b_7887,47,0
b_7888,1,0
b_7889,47,0
b_789,11,0
b_7890,1,0
b_7891,1,0
b_7892,1,0
b_7893,47,0
b_7894,47,0
b_7895,47,0
b_7896,47,0
b_7897,1,0
b_7898,1,0
b_7899,1,0
b_79,11,0
b_790,29,0
b_7900,47,0
b_7901,47,0
b_7902,21,0
b_7903,1,0
b_7904,1,0
b_7905,21,0
b_7906,21,0
b_7907,21,0
b_7908,47,0
b_7909,1,0
b_791,29,0
b_7910,21,0
b_7911,1,0
b_7912,1,0
b_7913,47,0
b_7914,1,0
b_7915,1,0
b_7916,21,0
b_7917,47,0
b_7918,21,0
b_7919,1,0
b_792,11,0
b_7920,21,0
b_7921,1,0
b_7922,1,0
b_7924,47,0
b_7925,47,0
b_7926,21,0
b_7927,47,0
b_7928,21,0
b_7929,1,0
b_793,29,0
b_7930,47,0
b_7931,47,0
b_7932,21,0
b_7935,1,0
b_7936,21,0
b_7937,47,0
b_7938,1,0
b_7939,47,0
b_794,29,0
b_7940,21,0
b_7941,21,0
b_7942,21,0
b_7943,21,0
b_7944,47,0
b_7946,1,0
b_7947,1,0
b_7948,21,0
b_7949,1,0
b_795,11,0
b_7950,21,0
b_7951,1,0
b_7952,21,0
b_7953,21,0
b_7954,47,0
b_7955,47,0
b_7956,1,0
b_7957,21,0
b_7958,47,0
b_796,7,0
b_7960,47,0
b_7961,21,0
b_7962,47,0
b_7963,47,0
b_7964,47,0
b_7965,47,0
b_7966,21,0
b_7967,47,0
b_7968,1,0
b_7969,47,0
b_797,11,0
b_7970,1,0
b_7971,21,0
b_7972,47,0
b_7973,21,0
b_7974,21,0
b_7975,47,0
b_7976,1,0
b_7977,1,0
b_7979,1,0
b_798,7,0
b_7980,47,0
b_7981,1,0
b_7982,21,0
b_7983,1,0
b_7984,47,0
b_7985,1,0
b_7986,21,0
b_7987,1,0
b_7988,47,0
b_7989,47,0
b_799,11,0
b_7990,1,0
b_7991,1,0
b_7992,47,0
b_7993,1,0
b_7994,21,0
b_7995,21,0
b_7996,1,0
b_7997,1,0
b_7998,1,0
b_7999,21,0
b_8,7,0
b_80,7,0
b_800,29,0
b_8000,47,0
b_801,11,0
b_802,11,0
b_803,29,0
b_804,11,0
b_805,7,0
b_806,29,0
b_807,11,0
b_808,7,0
b_809,7,0
b_81,29,0
b_810,7,0
b_811,29,0
b_812,11,0
b_813,29,0
b_814,11,0
b_815,29,0
b_816,11,0
b_817,11,0
b_818,7,0
b_819,7,0
b_82,7,0
b_820,29,0
b_821,11,0
b_822,7,0
b_823,29,0
b_824,7,0
b_825,11,0
b_826,29,0
b_827,7,0
b_828,29,0
b_829,11,0
b_83,29,0
b_830,29,0
b_831,7,0
b_832,11,0
b_833,7,0
b_834,11,0
b_835,7,0
b_836,29,0
b_837,7,0
b_838,11,0
b_839,29,0
b_84,29,0
b_840,29,0
b_841,11,0
b_842,29,0
b_843,11,0
b_844,7,0
b_845,11,0
b_846,7,0
b_847,7,0
b_848,11,0
b_849,7,0
b_85,11,0
b_850,11,0
b_851,29,0
b_852,29,0
b_853,11,0
b_854,11,0
b_855,29,0
b_856,7,0
b_857,7,0
b_858,7,0
b_859,29,0
b_86,7,0
b_860,11,0
b_861,7,0
b_862,29,0
b_863,29,0
b_864,7,0
b_865,11,0
b_866,11,0
b_867,11,0
b_868,29,0
b_869,7,0
b_87,7,0
b_870,11,0
b_871,7,0
b_872,7,0
b_873,29,0
b_874,11,0
b_875,11,0
b_876,29,0
b_877,11,0
b_878,11,0
b_879,11,0
b_88,29,0
b_880,11,0
b_881,29,0
b_882,29,0
b_883,11,0
b_884,29,0
b_885,29,0
b_886,29,0
b_887,7,0
b_888,7,0
b_889,11,0
b_89,29,0
b_890,29,0
b_891,7,0
b_892,7,0
b_893,7,0
b_894,11,0
b_895,11,0
b_896,7,0
b_897,29,0
b_898,11,0
b_899,7,0
b_9,29,0
b_90,11,0
b_900,29,0
b_901,29,0
b_902,7,0
b_903,7,0
b_904,7,0
b_905,29,0
b_906,29,0
b_907,29,0
b_908,11,0
b_909,11,0
b_91,11,0
b_910,7,0
b_911,29,0
b_912,7,0
b_913,29,0
b_914,7,0
b_915,7,0
b_916,11,0
b_917,29,0
b_918,7,0
b_919,7,0
b_92,29,0
b_920,7,0
b_921,11,0
b_922,29,0
b_923,7,0
b_924,11,0
b_925,29,0
b_926,11,0
b_927,7,0
b_928,11,0
b_929,7,0
b_93,29,0
b_930,29,0
b_931,29,0
b_932,7,0
b_933,29,0
b_934,7,0
b_935,11,0
b_936,11,0
b_937,11,0
b_938,7,0
b_939,7,0
b_94,29,0
b_940,11,0
b_941,29,0
b_942,11,0
b_943,7,0
b_944,29,0
b_945,11,0
b_946,7,0
b_947,11,0
b_948,39,1
b_949,7,0
b_95,11,0
b_950,11,0
b_951,7,0
b_952,11,0
b_953,29,0
b_954,29,0
b_955,7,0
b_956,7,0
b_957,11,0
b_958,29,0
b_959,7,0
b_96,29,0
b_960,7,0
b_961,7,0
b_962,7,0
b_963,29,0
b_964,29,0
b_965,11,0
b_966,29,0
b_967,11,0
b_968,7,0
b_969,29,0
b_97,7,0
b_970,7,0
b_971,11,0
b_972,11,0
b_973,7,0
b_974,29,0
b_975,11,0
b_976,11,0
b_977,7,0
b_978,29,0
b_979,11,0
b_98,7,0
b_980,7,0
b_981,29,0
b_982,29,0
b_983,29,0
b_984,11,0
b_985,29,0
b_986,7,0
b_987,29,0
b_988,7,0
b_989,11,0
b_99,11,0
b_990,7,0
b_991,11,0
b_992,7,0
b_993,11,0
b_994,7,0
b_995,29,0
b_996,7,0
b_997,11,0
b_998,11,0
b_999,7,0
c_1,12,0
c_10,12,0
c_100,12,0
c_1000,12,0
c_1001,42,0
c_1002,12,0
c_1003,12,0
c_1004,12,0
c_1005,12,0
c_1006,12,0
c_1007,12,0
c_1008,42,0
c_1009,12,0
c_101,12,0
c_1010,32,0
c_1011,12,0
c_1012,42,0
c_1013,42,0
c_1014,32,0
c_1015,12,0
c_1016,12,0
c_1017,42,0
c_1018,42,0
c_1019,12,0
c_102,32,0
c_1020,12,0
c_1021,42,0
c_1022,42,0
c_1023,42,0
c_1024,12,0
c_1025,42,0
c_1026,12,0
c_1027,42,0
c_1028,42,0
c_1029,32,0
c_103,12,0
c_1030,32,0
c_1031,42,0
c_1032,12,0
c_1033,32,0
c_1034,32,0
c_1035,42,0
c_1036,32,0
c_1037,42,0
c_1038,32,0
c_1039,12,0
c_104,32,0
c_1040,42,0
c_1041,12,0
c_1042,42,0
c_1043,12,0
c_1044,42,0
c_1045,12,0
c_1046,12,0
c_1047,42,0
c_1048,12,0
c_1049,32,0
c_105,42,0
c_1050,42,0
c_1051,12,0
c_1052,12,0
c_1053,32,0
c_1054,32,0
c_1055,12,0
c_1056,32,0
c_1057,42,0
c_1058,12,0
c_1059,12,0
c_106,12,0
c_1060,32,0
c_1061,32,0
c_1062,12,0
c_1063,32,0
c_1064,42,0
c_1065,12,0
c_1066,42,0
c_1067,32,0
c_1068,12,0
c_1069,32,0
c_107,42,0
c_1070,32,0
c_1071,12,0
c_1072,12,0
c_1073,42,0
c_1074,32,0
c_1075,42,0
c_1076,42,0
c_1077,42,0
c_1078,42,0
c_1079,32,0
c_108,32,0
c_1080,32,0
c_1081,42,0
c_1082,42,0
c_1083,42,0
c_1084,12,0
c_1085,42,0
c_1086,12,0
c_1087,12,0
c_1088,12,0
c_1089,12,0
c_109,42,0
c_1090,12,0
c_1091,12,0
c_1092,42,0
c_1093,32,0
c_1094,32,0
c_1095,42,0
c_1096,32,0
c_1097,32,0
c_1098,12,0
c_1099,42,0
c_11,12,0
c_110,42,0
c_1100,32,0
c_1101,32,0
c_1102,42,0
c_1103,32,0
c_1104,42,0
c_1105,32,0
c_1106,42,0
c_1107,12,0
c_1108,12,0
c_1109,32,0
c_111,32,0
c_1110,12,0
c_1111,32,0
c_1112,12,0
c_1113,12,0
c_1114,12,0
c_1115,12,0
c_1116,42,0
c_1117,12,0
c_1118,12,0
c_1119,32,0
c_112,42,0
c_1120,12,0
c_1121,32,0
c_1122,42,0
c_1123,12,0
c_1124,32,0
c_1125,32,0
c_1126,12,0
c_1127,12,0
c_1128,12,0
c_1129,32,0
c_113,32,0
c_1130,32,0
c_1131,42,0
c_1132,42,0
c_1133,12,0
c_1134,32,0
c_1135,42,0
c_1136,12,0
c_1137,42,0
c_1138,32,0
c_1139,12,0
c_114,32,0
c_1140,32,0
c_1141,42,0
c_1142,42,0
c_1143,12,0
c_1144,12,0
c_1145,12,0
c_1146,12,0
c_1147,32,0
c_1148,32,0
c_1149,32,0
c_115,32,0
c_1150,32,0
c_1151,42,0
c_1152,12,0
c_1153,42,0
c_1154,12,0
c_1155,32,0
c_1156,42,0
c_1157,12,0
c_1158,42,0
c_1159,32,0
c_116,42,0
c_1160,42,0
c_1161,12,0
c_1162,32,0
c_1163,12,0
c_1164,32,0
c_1165,32,0
c_1166,42,0
c_1167,32,0
c_1168,12,0
c_1169,42,0
c_117,32,0
c_1170,42,0
c_1171,32,0
c_1172,32,0
c_1173,12,0
c_1174,32,0
c_1175,42,0
c_1176,42,0
c_1177,32,0
c_1178,12,0
c_1179,12,0
c_118,42,0
c_1180,32,0
c_1181,12,0
c_1182,42,0
c_1183,42,0
c_1184,32,0
c_1185,12,0
c_1186,42,0
c_1187,12,0
c_1188,12,0
c_1189,12,0
c_119,12,0
c_1190,32,0
c_1191,12,0
c_1192,32,0
c_1193,12,0
c_1194,32,0
c_1195,12,0
c_1196,42,0
c_1197,32,0
c_1198,32,0
c_1199,42,0
c_12,12,0
c_120,32,0
c_1200,12,0
c_1201,42,0
c_1202,12,0
c_1203,12,0
c_1204,42,0
c_1205,32,0
c_1206,42,0
c_1207,32,0
c_1208,32,0
c_1209,12,0
c_121,42,0
c_1210,42,0
c_1211,12,0
c_1212,42,0
c_1213,42,0
c_1214,32,0
c_1215,12,0
c_1216,42,0
c_1217,42,0
c_1218,12,0
c_1219,12,0
c_122,32,0
c_1220,42,0
c_1221,42,0
c_1222,32,0
c_1223,12,0
c_1224,32,0
c_1225,32,0
c_1226,12,0
c_1227,12,0
c_1228,32,0
c_1229,12,0
c_123,32,0
c_1230,42,0
c_1231,12,0
c_1232,32,0
c_1233,32,0
c_1234,12,0
c_1235,12,0
c_1236,42,0
c_1237,32,0
c_1238,12,0
c_1239,32,0
c_124,12,0
c_1240,32,0
c_1241,42,0
c_1242,32,0
c_1243,42,0
c_1244,12,0
c_1245,12,0
c_1246,12,0
c_1247,32,0
c_1248,12,0
c_1249,12,0
c_125,42,0
c_1250,12,0
c_1251,42,0
c_1252,12,0
c_1253,12,0
c_1254,42,0
c_1255,32,0
c_1256,12,0
c_1257,12,0
c_1258,42,0
c_1259,32,0
c_126,42,0
c_1260,12,0
c_1261,32,0
c_1262,32,0
c_1263,32,0
c_1264,12,0
c_1265,32,0
c_1266,32,0
c_1267,12,0
c_1268,32,0
c_1269,42,0
c_127,32,0
c_1270,42,0
c_1271,32,0
c_1272,32,0
c_1273,12,0
c_1274,42,0
c_1275,32,0
c_1276,42,0
c_1277,32,0
c_1278,32,0
c_1279,42,0
c_128,12,0
c_1280,12,0
c_1281,42,0
c_1282,32,0
c_1283,12,0
c_1284,32,0
c_1285,42,0
c_1286,12,0
c_1287,32,0
c_1288,42,0
c_1289,12,0
c_129,42,0
c_1290,42,0
c_1291,32,0
c_1292,42,0
c_1293,42,0
c_1294,42,0
c_1295,42,0
c_1296,12,0
c_1297,32,0
c_1298,12,0
c_1299,12,0
c_13,42,0
c_130,32,0
c_1300,42,0
c_1301,32,0
c_1302,42,0
c_1303,32,0
c_1304,42,0
c_1305,12,0
c_1306,32,0
c_1307,32,0
c_1308,32,0
c_1309,12,0
c_131,32,0
c_1310,42,0
c_1311,12,0
c_1312,32,0
c_1313,12,0
c_1314,12,0
c_1315,12,0
c_1316,42,0
c_1317,42,0
c_1318,32,0
c_1319,42,0
c_132,42,0
c_1320,42,0
c_1321,32,0
c_1322,12,0
c_1323,12,0
c_1324,12,0
c_1325,12,0
c_1326,32,0
c_1327,12,0
c_1328,12,0
c_1329,12,0
c_133,32,0
c_1330,32,0
c_1331,32,0
c_1332,42,0
c_1333,32,0
c_1334,42,0
c_1335,42,0
c_1336,42,0
c_1337,42,0
c_1338,12,0
c_1339,12,0
c_134,32,0
c_1340,42,0
c_1341,12,0
c_1342,12,0
c_1343,42,0
c_1344,42,0
c_1345,12,0
c_1346,32,0
c_1347,42,0
c_1348,42,0
c_1349,42,0
c_135,12,0
c_1350,42,0
c_1351,42,0
c_1352,32,0
c_1353,42,0
c_1354,32,0
c_1355,32,0
c_1356,42,0
c_1357,32,0
c_1358,32,0
c_1359,12,0
c_136,12,0
c_1360,12,0
c_1361,32,0
c_1362,12,0
c_1363,32,0
c_1364,32,0
c_1365,32,0
c_1366,42,0
c_1367,42,0
c_1368,32,0
c_1369,32,0
c_137,32,0
c_1370,42,0
c_1371,12,0
c_1372,32,0
c_1373,32,0
c_1374,42,0
c_1375,32,0
c_1376,12,0
c_1377,32,0
c_1378,12,0
c_1379,12,0
c_138,32,0
c_1380,12,0
c_1381,42,0
c_1382,12,0
c_1383,42,0
c_1384,12,0
c_1385,12,0
c_1386,12,0
c_1387,12,0
c_1388,12,0
c_1389,32,0
c_139,32,0
c_1390,32,0
c_1391,12,0
c_1392,42,0
c_1393,12,0
c_1394,42,0
c_1395,42,0
c_1396,12,0
c_1397,42,0
c_1398,32,0
c_1399,32,0
c_14,32,0
c_140,42,0
c_1400,32,0
c_1401,32,0
c_1402,32,0
c_1403,12,0
c_1404,12,0
c_1405,42,0
c_1406,42,0
c_1407,12,0
c_1408,32,0
c_1409,32,0
c_141,12,0
c_1410,12,0
c_1411,32,0
c_1412,12,0
c_1413,32,0
c_1414,42,0
c_1415,32,0
c_1416,32,0
c_1417,42,0
c_1418,12,0
c_1419,12,0
c_142,42,0
c_1420,42,0
c_1421,42,0
c_1422,12,0
c_1423,12,0
c_1424,42,0
c_1425,42,0
c_1426,12,0
c_1427,32,0
c_1428,42,0
c_1429,42,0
c_143,12,0
c_1430,12,0
c_1431,32,0
c_1432,32,0
c_1433,12,0
c_1434,32,0
c_1435,42,0
c_1436,12,0
c_1437,32,0
c_1438,42,0
c_1439,32,0
c_144,12,0
c_1440,12,0
c_1441,42,0
c_1442,32,0
c_1443,32,0
c_1444,42,0
c_1445,42,0
c_1446,42,0
c_1447,32,0
c_1448,42,0
c_1449,42,0
c_145,42,0
c_1450,42,0
c_1451,12,0
c_1452,12,0
c_1453,42,0
c_1454,42,0
c_1455,42,0
c_1456,32,0
c_1457,12,0
c_1458,42,0
c_1459,42,0
c_146,42,0
c_1460,12,0
c_1461,42,0
c_1462,12,0
c_1463,42,0
c_1464,42,0
c_1465,42,0
c_1466,32,0
c_1467,42,0
c_1468,42,0
c_1469,42,0
c_147,12,0
c_1470,42,0
c_1471,32,0
c_1472,12,0
c_1473,42,0
c_1474,32,0
c_1475,32,0
c_1476,12,0
c_1477,32,0
c_1478,12,0
c_1479,32,0
c_148,32,0
c_1480,32,0
c_1481,42,0
c_1482,12,0
c_1483,12,0
c_1484,12,0
c_1485,42,0
c_1486,42,0
c_1487,42,0
c_1488,32,0
c_1489,32,0
c_149,42,0
c_1490,12,0
c_1491,12,0
c_1492,32,0
c_1493,42,0
c_1494,32,0
c_1495,42,0
c_1496,32,0
c_1497,12,0
c_1498,42,0
c_1499,32,0
c_15,42,0
c_150,32,0
c_1500,42,0
c_1501,12,0
c_1502,42,0
c_1503,12,0
c_1504,32,0
c_1505,12,0
c_1506,42,0
c_1507,12,0
c_1508,42,0
c_1509,32,0
c_151,12,0
c_1510,12,0
c_1511,12,0
c_1512,12,0
c_1513,12,0
c_1514,32,0
c_1515,32,0
c_1516,42,0
c_1517,42,0
c_1518,12,0
c_1519,32,0
c_152,12,0
c_1520,12,0
c_1521,12,0
c_1522,42,0
c_1523,32,0
c_1524,12,0
c_1525,12,0
c_1526,12,0
c_1527,42,0
c_1528,32,0
c_1529,42,0
c_153,12,0
c_1530,42,0
c_1531,42,0
c_1532,32,0
c_1533,12,0
c_1534,12,0
c_1535,12,0
c_1536,42,0
c_1537,32,0
c_1538,42,0
c_1539,42,0
c_154,12,0
c_1540,12,0
c_1541,42,0
c_1542,32,0
c_1543,42,0
c_1544,12,0
c_1545,32,0
c_1546,12,0
c_1547,32,0
c_1548,32,0
c_1549,12,0
c_155,32,0
c_1550,42,0
c_1551,12,0
c_1552,42,0
c_1553,32,0
c_1554,32,0
c_1555,42,0
c_1556,12,0
c_1557,32,0
c_1558,42,0
c_1559,32,0
c_156,12,0
c_1560,42,0
c_1561,42,0
c_1562,12,0
c_1563,42,0
c_1564,32,0
c_1565,42,0
c_1566,42,0
c_1567,12,0
c_1568,12,0
c_1569,12,0
c_157,12,0
c_1570,32,0
c_1571,32,0
c_1572,32,0
c_1573,42,0
c_1574,12,0
c_1575,42,0
c_1576,42,0
c_1577,32,0
c_1578,12,0
c_1579,32,0
c_158,12,0
c_1580,42,0
c_1581,42,0
c_1582,12,0
c_1583,12,0
c_1584,42,0
c_1585,42,0
c_1586,32,0
c_1587,32,0
c_1588,32,0
c_1589,12,0
c_159,42,0
c_1590,32,0
c_1591,42,0
c_1592,12,0
c_1593,12,0
c_1594,32,0
c_1595,12,0
c_1596,12,0
c_1597,12,0
c_1598,12,0
c_1599,42,0
c_16,32,0
c_160,12,0
c_1600,42,0
c_1601,32,0
c_1602,32,0
c_1603,32,0
c_1604,12,0
c_1605,42,0
c_1606,12,0
c_1607,12,0
c_1608,12,0
c_1609,12,0
c_161,32,0
c_1610,42,0
c_1611,32,0
c_1612,42,0
c_1613,42,0
c_1614,32,0
c_1615,42,0
c_1616,12,0
c_1617,12,0
c_1618,32,0
c_1619,32,0
c_162,12,0
c_1620,32,0
c_1621,12,0
c_1622,32,0
c_1623,42,0
c_1624,32,0
c_1625,32,0
c_1626,32,0
c_1627,42,0
c_1628,42,0
c_1629,42,0
c_163,42,0
c_1630,42,0
c_1631,42,0
c_1632,12,0
c_1633,12,0
c_1634,32,0
c_1635,32,0
c_1636,12,0
c_1637,12,0
c_1638,32,0
c_1639,12,0
c_164,12,0
c_1640,12,0
c_1641,12,0
c_1642,42,0
c_1643,12,0
c_1644,12,0
c_1645,32,0
c_1646,32,0
c_1647,42,0
c_1648,42,0
c_1649,12,0
c_165,42,0
c_1650,32,0
c_1651,42,0
c_1652,42,0
c_1653,32,0
c_1654,32,0
c_1655,42,0
c_1656,42,0
c_1657,12,0
c_1658,42,0
c_1659,32,0
c_166,32,0
c_1660,42,0
c_1661,32,0
c_1662,12,0
c_1663,32,0
c_1664,12,0
c_1665,42,0
c_1666,42,0
c_1667,12,0
c_1668,32,0
c_1669,32,0
c_167,12,0
c_1670,32,0
c_1671,42,0
c_1672,32,0
c_1673,42,0
c_1674,12,0
c_1675,12,0
c_1676,32,0
c_1677,42,0
c_1678,32,0
c_1679,12,0
c_168,32,0
c_1680,32,0
c_1681,12,0
c_1682,12,0
c_1683,12,0
c_1684,12,0
c_1685,32,0
c_1686,42,0
c_1687,32,0
c_1688,32,0
c_1689,42,0
c_169,42,0
c_1690,12,0
c_1691,42,0
c_1692,42,0
c_1693,12,0
c_1694,32,0
c_1695,32,0
c_1696,42,0
c_1697,32,0
c_1698,42,0
c_1699,32,0
c_17,42,0
c_170,42,0
c_1700,42,0
c_1701,32,0
c_1702,12,0
c_1703,32,0
c_1704,32,0
c_1705,42,0
c_1706,32,0
c_1707,32,0
c_1708,12,0
c_1709,42,0
c_171,42,0
c_1710,42,0
c_1711,32,0
c_1712,42,0
c_1713,32,0
c_1714,12,0
c_1715,12,0
c_1716,42,0
c_1717,32,0
c_1718,42,0
c_1719,42,0
c_172,42,0
c_1720,12,0
c_1721,12,0
c_1722,12,0
c_1723,42,0
c_1724,42,0
c_1725,32,0
c_1726,12,0
c_1727,32,0
c_1728,32,0
c_1729,12,0
c_173,12,0
c_1730,12,0
c_1731,12,0
c_1732,42,0
c_1733,42,0
c_1734,12,0
c_1735,42,0
c_1736,12,0
c_1737,12,0
c_1738,32,0
c_1739,32,0
c_174,42,0
c_1740,32,0
c_1741,12,0
c_1742,32,0
c_1743,42,0
c_1744,12,0
c_1745,12,0
c_1746,12,0
c_1747,42,0
c_1748,42,0
c_1749,12,0
c_175,32,0
c_1750,12,0
c_1751,32,0
c_1752,12,0
c_1753,42,0
c_1754,42,0
c_1755,42,0
c_1756,12,0
c_1757,32,0
c_1758,12,0
c_1759,12,0
c_176,42,0
c_1760,32,0
c_1761,32,0
c_1762,42,0
c_1763,12,0
c_1764,12,0
c_1765,32,0
c_1766,32,0
c_1767,32,0
c_1768,12,0
c_1769,32,0
c_177,42,0
c_1770,12,0
c_1771,42,0
c_1772,42,0
c_1773,32,0
c_1774,32,0
c_1775,32,0
c_1776,12,0
c_1777,12,0
c_1778,12,0
c_1779,12,0
c_178,12,0
c_1780,12,0
c_1781,42,0
c_1782,42,0
c_1783,32,0
c_1784,42,0
c_1785,12,0
c_1786,32,0
c_1787,39,1
c_1788,32,0
c_1789,12,0
c_179,32,0
c_1790,42,0
c_1791,32,0
c_1792,32,0
c_1793,42,0
c_1794,32,0
c_1795,12,0
c_1796,42,0
c_1797,32,0
c_1798,12,0
c_1799,32,0
c_18,12,0
c_180,12,0
c_1800,42,0
c_1801,12,0
c_1802,32,0
c_1803,12,0
c_1804,42,0
c_1805,12,0
c_1806,42,0
c_1807,32,0
c_1808,12,0
c_1809,12,0
c_181,42,0
c_1810,42,0
c_1811,12,0
c_1812,42,0
c_1813,42,0
c_1814,12,0
c_1815,12,0
c_1816,12,0
c_1817,42,0
c_1818,32,0
c_1819,42,0
c_182,42,0
c_1820,32,0
c_1821,12,0
c_1822,12,0
c_1823,42,0
c_1824,32,0
c_1825,42,0
c_1826,32,0
c_1827,12,0
c_1828,42,0
c_1829,32,0
c_183,32,0
c_1830,42,0
c_1831,32,0
c_1832,12,0
c_1833,32,0
c_1834,42,0
c_1835,32,0
c_1836,12,0
c_1837,12,0
c_1838,32,0
c_1839,12,0
c_184,12,0
c_1840,32,0
c_1841,12,0
c_1842,12,0
c_1843,42,0
c_1844,12,0
c_1845,32,0
c_1846,12,0
c_1847,42,0
c_1848,32,0
c_1849,32,0
c_185,32,0
c_1850,42,0
c_1851,12,0
c_1852,42,0
c_1853,42,0
c_1854,32,0
c_1855,12,0
c_1856,42,0
c_1857,12,0
c_1858,32,0
c_1859,32,0
c_186,42,0
c_1860,32,0
c_1861,12,0
c_1862,42,0
c_1863,12,0
c_1864,12,0
c_1865,32,0
c_1866,32,0
c_1867,42,0
c_1868,42,0
c_1869,12,0
c_187,32,0
c_1870,32,0
c_1871,32,0
c_1872,32,0
c_1873,12,0
c_1874,32,0
c_1875,32,0
c_1876,32,0
c_1877,42,0
c_1878,42,0
c_1879,42,0
c_188,12,0
c_1880,42,0
c_1881,42,0
c_1882,32,0
c_1883,42,0
c_1884,42,0
c_1885,42,0
c_1886,32,0
c_1887,42,0
c_1888,12,0
c_1889,12,0
c_189,42,0
c_1890,42,0
c_1891,12,0
c_1892,12,0
c_1893,42,0
c_1894,42,0
c_1895,32,0
c_1896,32,0
c_1897,42,0
c_1898,12,0
c_1899,32,0
c_19,42,0
c_190,32,0
c_1900,42,0
c_1901,32,0
c_1902,12,0
c_1903,32,0
c_1904,12,0
c_1905,32,0
c_1906,32,0
c_1907,12,0
c_1908,12,0
c_1909,32,0
c_191,32,0
c_1910,12,0
c_1911,12,0
c_1912,12,0
c_1913,12,0
c_1914,12,0
c_1915,32,0
c_1916,42,0
c_1917,32,0
c_1918,12,0
c_1919,42,0
c_192,32,0
c_1920,32,0
c_1921,12,0
c_1922,42,0
c_1923,42,0
c_1924,32,0
c_1925,42,0
c_1926,42,0
c_1927,12,0
c_1928,12,0
c_1929,32,0
c_193,32,0
c_1930,32,0
c_1931,42,0
c_1932,12,0
c_1933,12,0
c_1934,42,0
c_1935,42,0
c_1936,12,0
c_1937,12,0
c_1938,12,0
c_1939,12,0
c_194,32,0
c_1940,42,0
c_1941,42,0
c_1942,12,0
c_1943,32,0
c_1944,42,0
c_1945,12,0
c_1946,32,0
c_1947,12,0
c_1948,32,0
c_1949,42,0
c_195,32,0
c_1950,12,0
c_1951,32,0
c_1952,42,0
c_1953,12,0
c_1954,12,0
c_1955,12,0
c_1956,32,0
c_1957,12,0
c_1958,42,0
c_1959,42,0
c_196,12,0
c_1960,32,0
c_1961,32,0
c_1962,42,0
c_1963,12,0
c_1964,42,0
c_1965,42,0
c_1966,32,0
c_1967,32,0
c_1968,12,0
c_1969,32,0
c_197,12,0
c_1970,32,0
c_1971,12,0
c_1972,12,0
c_1973,12,0
c_1974,32,0
c_1975,32,0
c_1976,32,0
c_1977,32,0
c_1978,12,0
c_1979,12,0
c_198,32,0
c_1980,42,0
c_1981,32,0
c_1982,12,0
c_1983,12,0
c_1984,32,0
c_1985,12,0
c_1986,42,0
c_1987,42,0
c_1988,42,0
c_1989,12,0
c_199,42,0
c_1990,12,0
c_1991,32,0
c_1992,32,0
c_1993,12,0
c_1994,12,0
c_1995,12,0
c_1996,12,0
c_1997,12,0
c_1998,12,0
c_1999,32,0
c_2,12,0
c_20,12,0
c_200,32,0
c_2000,12,0
c_2001,12,0
c_2002,12,0
c_2003,32,0
c_2004,12,0
c_2005,12,0
c_2006,42,0
c_2007,42,0
c_2008,42,0
c_2009,12,0
c_201,42,0
c_2010,32,0
c_2011,12,0
c_2012,32,0
c_2013,12,0
c_2014,32,0
c_2015,32,0
c_2016,12,0
c_2017,32,0
c_2018,42,0
c_2019,12,0
c_202,12,0
c_2020,32,0
c_2021,32,0
c_2022,42,0
c_2023,42,0
c_2024,32,0
c_2025,42,0
c_2026,12,0
c_2027,42,0
c_2028,32,0
c_2029,42,0
c_203,12,0
c_2030,32,0
c_2031,42,0
c_2032,12,0
c_2033,32,0
c_2034,42,0
c_2035,42,0
c_2036,12,0
c_2037,42,0
c_2038,42,0
c_2039,12,0
c_204,12,0
c_2040,32,0
c_2041,32,0
c_2042,32,0
c_2043,32,0
c_2044,42,0
c_2045,12,0
c_2046,42,0
c_2047,42,0
c_2048,12,0
c_2049,42,0
c_205,12,0
c_2050,42,0
c_2051,32,0
c_2052,32,0
c_2053,32,0
c_2054,42,0
c_2055,42,0
c_2056,12,0
c_2057,42,0
c_2058,32,0
c_2059,12,0
c_206,32,0
c_2060,12,0
c_2061,32,0
c_2062,32,0
c_2063,42,0
c_2064,42,0
c_2065,32,0
c_2066,32,0
c_2067,12,0
c_2068,42,0
c_2069,42,0
c_207,32,0
c_2070,42,0
c_2071,32,0
c_2072,32,0
c_2073,32,0
c_2074,32,0
c_2075,32,0
c_2076,42,0
c_2077,12,0
c_2078,12,0
c_2079,12,0
c_208,32,0
c_2080,12,0
c_2081,42,0
c_2082,32,0
c_2083,12,0
c_2084,42,0
c_2085,32,0
c_2086,32,0
c_2087,42,0
c_2088,12,0
c_2089,12,0
c_209,12,0
c_2090,32,0
c_2091,12,0
c_2092,42,0
c_2093,12,0
c_2094,32,0
c_2095,32,0
c_2096,12,0
c_2097,12,0
c_2098,12,0
c_2099,32,0
c_21,12,0
c_210,42,0
c_2100,32,0
c_2101,12,0
c_2102,12,0
c_2103,12,0
c_2104,32,0
c_2105,42,0
c_2106,32,0
c_2107,32,0
c_2108,32,0
c_2109,12,0
c_211,42,0
c_2110,42,0
c_2111,32,0
c_2112,42,0
c_2113,12,0
c_2114,42,0
c_2115,42,0
c_2116,32,0
c_2117,42,0
c_2118,12,0
c_2119,32,0
c_212,42,0
c_2120,12,0
c_2121,12,0
c_2122,12,0
c_2123,32,0
c_2124,42,0
c_2125,32,0
c_2126,12,0
c_2127,32,0
c_2128,42,0
c_2129,42,0
c_213,32,0
c_2130,42,0
c_2131,42,0
c_2132,42,0
c_2133,32,0
c_2134,42,0
c_2135,12,0
c_2136,32,0
c_2137,32,0
c_2138,12,0
c_2139,32,0
c_214,32,0
c_2140,12,0
c_2141,12,0
c_2142,42,0
c_2143,32,0
c_2144,42,0
c_2145,32,0
c_2146,32,0
c_2147,42,0
c_2148,42,0
c_2149,12,0
c_215,12,0
c_2150,42,0
c_2151,12,0
c_2152,42,0
c_2153,12,0
c_2154,32,0
c_2155,32,0
c_2156,12,0
c_2157,42,0
c_2158,42,0
c_2159,32,0
c_216,42,0
c_2160,32,0
c_2161,32,0
c_2162,12,0
c_2163,42,0
c_2164,42,0
c_2165,42,0
c_2166,32,0
c_2167,32,0
c_2168,32,0
c_2169,42,0
c_217,12,0
c_2170,32,0
c_2171,32,0
c_2172,12,0
c_2173,12,0
c_2174,12,0
c_2175,12,0
c_2176,12,0
c_2177,32,0
c_2178,42,0
c_2179,42,0
c_218,42,0
c_2180,32,0
c_2181,32,0
c_2182,42,0
c_2183,32,0
c_2184,32,0
c_2185,32,0
c_2186,12,0
c_2187,12,0
c_2188,42,0
c_2189,32,0
c_219,12,0
c_2190,42,0
c_2191,12,0
c_2192,32,0
c_2193,42,0
c_2194,42,0
c_2195,12,0
c_2196,12,0
c_2197,42,0
c_2198,42,0
c_2199,32,0
c_22,12,0
c_220,32,0
c_2200,32,0
c_2201,42,0
c_2202,32,0
c_2203,12,0
c_2204,42,0
c_2205,42,0
c_2206,12,0
c_2207,42,0
c_2208,42,0
c_2209,42,0
c_221,32,0
c_2210,32,0
c_2211,42,0
c_2212,32,0
c_2213,42,0
c_2214,42,0
c_2215,42,0
c_2216,32,0
c_2217,42,0
c_2218,32,0
c_2219,42,0
c_222,12,0
c_2220,32,0
c_2221,12,0
c_2222,32,0
c_2223,12,0
c_2224,12,0
c_2225,12,0
c_2226,42,0
c_2227,12,0
c_2228,12,0
c_2229,12,0
c_223,42,0
c_2230,42,0
c_2231,42,0
c_2232,32,0
c_2233,42,0
c_2234,32,0
c_2235,42,0
c_2236,42,0
c_2237,42,0
c_2238,42,0
c_2239,12,0
c_224,12,0
c_2240,32,0
c_2241,12,0
c_2242,12,0
c_2243,12,0
c_2244,32,0
c_2245,12,0
c_2246,42,0
c_2247,32,0
c_2248,42,0
c_2249,42,0
c_225,32,0
c_2250,42,0
c_2251,12,0
c_2252,12,0
c_2253,42,0
c_2254,12,0
c_2255,42,0
c_2256,42,0
c_2257,42,0
c_2258,32,0
c_2259,32,0
c_226,42,0
c_2260,42,0
c_2261,32,0
c_2262,32,0
c_2263,12,0
c_2264,32,0
c_2265,32,0
c_2266,12,0
c_2267,12,0
c_2268,32,0
c_2269,42,0
c_227,12,0
c_2270,12,0
c_2271,12,0
c_2272,32,0
c_2273,32,0
c_2274,42,0
c_2275,12,0
c_2276,32,0
c_2277,12,0
c_2278,32,0
c_2279,42,0
c_228,42,0
c_2280,12,0
c_2281,42,0
c_2282,42,0
c_2283,12,0
c_2284,12,0
c_2285,42,0
c_2286,42,0
c_2287,12,0
c_2288,42,0
c_2289,12,0
c_229,12,0
c_2290,12,0
c_2291,12,0
c_2292,12,0
c_2293,42,0
c_2294,42,0
c_2295,32,0
c_2296,32,0
c_2297,42,0
c_2298,12,0
c_2299,12,0
c_23,42,0
c_230,32,0
c_2300,32,0
c_2301,42,0
c_2302,12,0
c_2303,32,0
c_2304,42,0
c_2305,42,0
c_2306,42,0
c_2307,12,0
c_2308,12,0
c_2309,42,0
c_231,32,0
c_2310,42,0
c_2311,32,0
c_2312,12,0
c_2313,42,0
c_2314,32,0
c_2315,42,0
c_2316,32,0
c_2317,12,0
c_2318,12,0
c_2319,42,0
c_232,32,0
c_2320,12,0
c_2321,42,0
c_2322,42,0
c_2323,32,0
c_2324,12,0
c_2325,12,0
c_2326,32,0
c_2327,32,0
c_2328,32,0
c_2329,12,0
c_233,12,0
c_2330,12,0
c_2331,12,0
c_2332,12,0
c_2333,12,0
c_2334,32,0
c_2335,32,0
c_2336,32,0
c_2337,42,0
c_2338,42,0
c_2339,12,0
c_234,32,0
c_2340,12,0
c_2341,42,0
c_2342,42,0
c_2343,12,0
c_2344,12,0
c_2345,12,0
c_2346,42,0
c_2347,42,0
c_2348,12,0
c_2349,32,0
c_235,32,0
c_2350,42,0
c_2351,42,0
c_2352,12,0
c_2353,42,0
c_2354,32,0
c_2355,32,0
c_2356,42,0
c_2357,42,0
c_2358,32,0
c_2359,42,0
c_236,32,0
c_2360,12,0
c_2361,32,0
c_2362,32,0
c_2363,42,0
c_2364,12,0
c_2365,32,0
c_2366,42,0
c_2367,42,0
c_2368,32,0
c_2369,42,0
c_237,32,0
c_2370,12,0
c_2371,12,0
c_2372,12,0
c_2373,32,0
c_2374,42,0
c_2375,12,0
c_2376,42,0
c_2377,12,0
c_2378,42,0
c_2379,12,0
c_238,12,0
c_2380,32,0
c_2381,32,0
c_2382,42,0
c_2383,42,0
c_2384,12,0
c_2385,42,0
c_2386,42,0
c_2387,12,0
c_2388,12,0
c_2389,42,0
c_239,12,0
c_2390,12,0
c_2391,32,0
c_2392,42,0
c_2393,42,0
c_2394,12,0
c_2395,12,0
c_2396,12,0
c_2397,42,0
c_2398,32,0
c_2399,32,0
c_24,32,0
c_240,12,0
c_2400,42,0
c_2401,42,0
c_2402,42,0
c_2403,42,0
c_2404,12,0
c_2405,42,0
c_2406,32,0
c_2407,42,0
c_2408,12,0
c_2409,32,0
c_241,32,0
c_2410,32,0
c_2411,42,0
c_2412,42,0
c_2413,42,0
c_2414,12,0
c_2415,12,0
c_2416,32,0
c_2417,12,0
c_2418,42,0
c_2419,12,0
c_242,42,0
c_2420,12,0
c_2421,12,0
c_2422,32,0
c_2423,32,0
c_2424,12,0
c_2425,42,0
c_2426,12,0
c_2427,32,0
c_2428,42,0
c_2429,32,0
c_243,32,0
c_2430,32,0
c_2431,32,0
c_2432,32,0
c_2433,32,0
c_2434,32,0
c_2435,12,0
c_2436,42,0
c_2437,12,0
c_2438,12,0
c_2439,32,0
c_244,12,0
c_2440,32,0
c_2441,42,0
c_2442,12,0
c_2443,32,0
c_2444,32,0
c_2445,12,0
c_2446,12,0
c_2447,32,0
c_2448,42,0
c_2449,12,0
c_245,42,0
c_2450,12,0
c_2451,32,0
c_2452,42,0
c_2453,32,0
c_2454,42,0
c_2455,12,0
c_2456,42,0
c_2457,12,0
c_2458,12,0
c_2459,42,0
c_246,12,0
c_2460,42,0
c_2461,12,0
c_2462,12,0
c_2463,42,0
c_2464,42,0
c_2465,42,0
c_2466,32,0
c_2467,32,0
c_2468,12,0
c_2469,12,0
c_247,42,0
c_2470,12,0
c_2471,12,0
c_2472,42,0
c_2473,32,0
c_2474,12,0
c_2475,12,0
c_2476,12,0
c_2477,42,0
c_2478,32,0
c_2479,32,0
c_248,12,0
c_2480,42,0
c_2481,12,0
c_2482,12,0
c_2483,32,0
c_2484,42,0
c_2485,12,0
c_2486,42,0
c_2487,32,0
c_2488,42,0
c_2489,32,0
c_249,12,0
c_2490,42,0
c_2491,12,0
c_2492,42,0
c_2493,32,0
c_2494,12,0
c_2495,12,0
c_2496,12,0
c_2497,32,0
c_2498,12,0
c_2499,32,0
c_25,32,0
c_250,32,0
c_2500,32,0
c_2501,32,0
c_2502,42,0
c_2503,32,0
c_2504,32,0
c_2505,12,0
c_2506,42,0
c_2507,42,0
c_2508,12,0
c_2509,32,0
c_251,32,0
c_2510,12,0
c_2511,42,0
c_2512,42,0
c_2513,12,0
c_2514,12,0
c_2515,12,0
c_2516,42,0
c_2517,32,0
c_2518,12,0
c_2519,32,0
c_252,42,0
c_2520,42,0
c_2521,12,0
c_2522,42,0
c_2523,42,0
c_2524,12,0
c_2525,32,0
c_2526,12,0
c_2527,42,0
c_2528,12,0
c_2529,32,0
c_253,32,0
c_2530,12,0
c_2531,12,0
c_2532,42,0
c_2533,32,0
c_2534,42,0
c_2535,42,0
c_2536,32,0
c_2537,42,0
c_2538,42,0
c_2539,42,0
c_254,32,0
c_2540,12,0
c_2541,12,0
c_2542,32,0
c_2543,12,0
c_2544,32,0
c_2545,12,0
c_2546,12,0
c_2547,42,0
c_2548,12,0
c_2549,32,0
c_255,42,0
c_2550,12,0
c_2551,32,0
c_2552,42,0
c_2553,32,0
c_2554,42,0
c_2555,42,0
c_2556,12,0
c_2557,42,0
c_2558,12,0
c_2559,12,0
c_256,42,0
c_2560,42,0
c_2561,32,0
c_2562,32,0
c_2563,42,0
c_2564,12,0
c_2565,42,0
c_2566,32,0
c_2567,32,0
c_2568,12,0
c_2569,12,0
c_257,12,0
c_2570,32,0
c_2571,32,0
c_2572,42,0
c_2573,32,0
c_2574,42,0
c_2575,12,0
c_2576,32,0
c_2577,12,0
c_2578,12,0
c_2579,12,0
c_258,42,0
c_2580,12,0
c_2581,32,0
c_2582,12,0
c_2583,32,0
c_2584,32,0
c_2585,32,0
c_2586,32,0
c_2587,12,0
c_2588,32,0
c_2589,12,0
c_259,12,0
c_2590,32,0
c_2591,12,0
c_2592,12,0
c_2593,32,0
c_2594,42,0
c_2595,12,0
c_2596,32,0
c_2597,12,0
c_2598,32,0
c_2599,12,0
c_26,42,0
c_260,12,0
c_2600,12,0
c_2601,42,0
c_2602,12,0
c_2603,42,0
c_2604,12,0
c_2605,32,0
c_2606,42,0
c_2607,12,0
c_2608,12,0
c_2609,12,0
c_261,42,0
c_2610,12,0
c_2611,42,0
c_2612,42,0
c_2613,32,0
c_2614,12,0
c_2615,12,0
c_2616,12,0
c_2617,42,0
c_2618,12,0
c_2619,42,0
c_262,42,0
c_2620,32,0
c_2621,32,0
c_2622,32,0
c_2623,32,0
c_2624,12,0
c_2625,32,0
c_2626,12,0
c_2627,42,0
c_2628,12,0
c_2629,32,0
c_263,32,0
c_2630,42,0
c_2631,42,0
c_2632,32,0
c_2633,32,0
c_2634,12,0
c_2635,32,0
c_2636,12,0
c_2637,12,0
c_2638,42,0
c_2639,42,0
c_264,32,0
c_2640,32,0
c_2641,12,0
c_2642,42,0
c_2643,42,0
c_2644,42,0
c_2645,42,0
c_2646,12,0
c_2647,42,0
c_2648,42,0
c_2649,42,0
c_265,42,0
c_2650,32,0
c_2651,12,0
c_2652,32,0
c_2653,12,0
c_2654,12,0
c_2655,42,0
c_2656,32,0
c_2657,32,0
c_2658,12,0
c_2659,12,0
c_266,42,0
c_2660,42,0
c_2661,12,0
c_2662,42,0
c_2663,32,0
c_2664,12,0
c_2665,32,0
c_2666,32,0
c_2667,42,0
c_2668,42,0
c_2669,12,0
c_267,32,0
c_2670,12,0
c_2671,12,0
c_2672,12,0
c_2673,32,0
c_2674,42,0
c_2675,12,0
c_2676,12,0
c_2677,42,0
c_2678,12,0
c_2679,42,0
c_268,12,0
c_2680,32,0
c_2681,32,0
c_2682,42,0
c_2683,12,0
c_2684,42,0
c_2685,42,0
c_2686,12,0
c_2687,32,0
c_2688,12,0
c_2689,12,0
c_269,32,0
c_2690,32,0
c_2691,32,0
c_2692,32,0
c_2693,32,0
c_2694,32,0
c_2695,12,0
c_2696,42,0
c_2697,12,0
c_2698,32,0
c_2699,12,0
c_27,42,0
c_270,42,0
c_2700,42,0
c_2701,12,0
c_2702,12,0
c_2703,32,0
c_2704,42,0
c_2705,42,0
c_2706,42,0
c_2707,32,0
c_2708,42,0
c_2709,12,0
c_271,39,1
c_2710,32,0
c_2711,32,0
c_2712,12,0
c_2713,12,0
c_2714,12,0
c_2715,12,0
c_2716,32,0
c_2717,32,0
c_2718,12,0
c_2719,12,0
c_272,12,0
c_2720,42,0
c_2721,12,0
c_2722,32,0
c_2723,32,0
c_2724,42,0
c_2725,32,0
c_2726,42,0
c_2727,12,0
c_2728,32,0
c_2729,32,0
c_273,12,0
c_2730,32,0
c_2731,42,0
c_2732,12,0
c_2733,12,0
c_2734,42,0
c_2735,32,0
c_2736,12,0
c_2737,12,0
c_2738,12,0
c_2739,32,0
c_274,12,0
c_2740,42,0
c_2741,32,0
c_2742,32,0
c_2743,12,0
c_2744,12,0
c_2745,42,0
c_2746,32,0
c_2747,42,0
c_2748,32,0
c_2749,42,0
c_275,12,0
c_2750,32,0
c_2751,12,0
c_2752,32,0
c_2753,42,0
c_2754,12,0
c_2755,42,0
c_2756,12,0
c_2757,32,0
c_2758,12,0
c_2759,42,0
c_276,12,0
c_2760,42,0
c_2761,42,0
c_2762,32,0
c_2763,12,0
c_2764,12,0
c_2765,32,0
c_2766,32,0
c_2767,32,0
c_2768,32,0
c_2769,42,0
c_277,32,0
c_2770,42,0
c_2771,32,0
c_2772,12,0
c_2773,12,0
c_2774,32,0
c_2775,12,0
c_2776,12,0
c_2777,12,0
c_2778,12,0
c_2779,12,0
c_278,42,0
c_2780,42,0
c_2781,42,0
c_2782,42,0
c_2783,12,0
c_2784,42,0
c_2785,12,0
c_2786,42,0
c_2787,32,0
c_2788,12,0
c_2789,42,0
c_279,12,0
c_2790,42,0
c_2791,32,0
c_2792,32,0
c_2793,42,0
c_2794,12,0
c_2795,32,0
c_2796,32,0
c_2797,12,0
c_2798,42,0
c_2799,12,0
c_28,12,0
c_280,12,0
c_2800,42,0
c_2801,12,0
c_2802,32,0
c_2803,42,0
c_2804,32,0
c_2805,32,0
c_2806,42,0
c_2807,42,0
c_2808,32,0
c_2809,12,0
c_281,12,0
c_2810,42,0
c_2811,32,0
c_2812,32,0
c_2813,32,0
c_2814,32,0
c_2815,42,0
c_2816,32,0
c_2817,32,0
c_2818,42,0
c_2819,42,0
c_282,42,0
c_2820,42,0
c_2821,12,0
c_2822,32,0
c_2823,32,0
c_2824,42,0
c_2825,32,0
c_2826,12,0
c_2827,42,0
c_2828,32,0
c_2829,42,0
c_283,32,0
c_2830,32,0
c_2831,12,0
c_2832,32,0
c_2833,32,0
c_2834,12,0
c_2835,42,0
c_2836,32,0
c_2837,32,0
c_2838,42,0
c_2839,12,0
c_284,12,0
c_2840,12,0
c_2841,12,0
c_2842,32,0
c_2843,42,0
c_2844,32,0
c_2845,12,0
c_2846,42,0
c_2847,42,0
c_2848,32,0
c_2849,42,0
c_285,12,0
c_2850,32,0
c_2851,42,0
c_2852,42,0
c_2853,32,0
c_2854,12,0
c_2855,32,0
c_2856,32,0
c_2857,42,0
c_2858,12,0
c_2859,42,0
c_286,12,0
c_2860,32,0
c_2861,32,0
c_2862,12,0
c_2863,32,0
c_2864,32,0
c_2865,32,0
c_2866,32,0
c_2867,42,0
c_2868,42,0
c_2869,32,0
c_287,12,0
c_2870,12,0
c_2871,12,0
c_2872,32,0
c_2873,42,0
c_2874,12,0
c_2875,42,0
c_2876,42,0
c_2877,42,0
c_2878,32,0
c_2879,32,0
c_288,12,0
c_2880,42,0
c_2881,12,0
c_2882,32,0
c_2883,32,0
c_2884,32,0
c_2885,12,0
c_2886,12,0
c_2887,32,0
c_2888,42,0
c_2889,42,0
c_289,12,0
c_2890,12,0
c_2891,32,0
c_2892,42,0
c_2893,12,0
c_2894,42,0
c_2895,12,0
c_2896,32,0
c_2897,42,0
c_2898,42,0
c_2899,12,0
c_29,42,0
c_290,12,0
c_2900,12,0
c_2901,42,0
c_2902,12,0
c_2903,12,0
c_2904,12,0
c_2905,32,0
c_2906,12,0
c_2907,32,0
c_2908,32,0
c_2909,42,0
c_291,12,0
c_2910,42,0
c_2911,32,0
c_2912,32,0
c_2913,32,0
c_2914,42,0
c_2915,32,0
c_2916,32,0
c_2917,32,0
c_2918,42,0
c_2919,12,0
c_292,12,0
c_2920,32,0
c_2921,32,0
c_2922,12,0
c_2923,32,0
c_2924,32,0
c_2925,32,0
c_2926,32,0
c_2927,32,0
c_2928,32,0
c_2929,42,0
c_293,32,0
c_2930,12,0
c_2931,32,0
c_2932,12,0
c_2933,32,0
c_2934,32,0
c_2935,32,0
c_2936,32,0
c_2937,32,0
c_2938,42,0
c_2939,12,0
c_294,42,0
c_2940,42,0
c_2941,32,0
c_2942,32,0
c_2943,42,0
c_2944,12,0
c_2945,42,0
c_2946,42,0
c_2947,12,0
c_2948,12,0
c_2949,32,0
c_295,42,0
c_2950,32,0
c_2951,12,0
c_2952,12,0
c_2953,32,0
c_2954,12,0
c_2955,42,0
c_2956,42,0
c_2957,42,0
c_2958,12,0
c_2959,32,0
c_296,12,0
c_2960,12,0
c_2961,32,0
c_2962,42,0
c_2963,12,0
c_2964,12,0
c_2965,12,0
c_2966,42,0
c_2967,32,0
c_2968,12,0
c_2969,12,0
c_297,32,0
c_2970,32,0
c_2971,32,0
c_2972,42,0
c_2973,42,0
c_2974,42,0
c_2975,32,0
c_2976,32,0
c_2977,42,0
c_2978,42,0
c_2979,42,0
c_298,12,0
c_2980,42,0
c_2981,12,0
c_2982,32,0
c_2983,32,0
c_2984,32,0
c_2985,32,0
c_2986,32,0
c_2987,32,0
c_2988,12,0
c_2989,12,0
c_299,32,0
c_2990,12,0
c_2991,32,0
c_2992,12,0
c_2993,42,0
c_2994,32,0
c_2995,32,0
c_2996,42,0
c_2997,12,0
c_2998,42,0
c_2999,42,0
c_3,32,0
c_30,12,0
c_300,42,0
c_3000,12,0
c_3001,12,0
c_3002,32,0
c_3003,12,0
c_3004,32,0
c_3005,32,0
c_3006,32,0
c_3007,42,0
c_3008,32,0
c_3009,42,0
c_301,12,0
c_3010,32,0
c_3011,32,0
c_3012,42,0
c_3013,42,0
c_3014,12,0
c_3015,32,0
c_3016,42,0
c_3017,12,0
c_3018,32,0
c_3019,42,0
c_302,32,0
c_3020,42,0
c_3021,12,0
c_3022,12,0
c_3023,42,0
c_3024,42,0
c_3025,12,0
c_3026,32,0
c_3027,32,0
c_3028,12,0
c_3029,32,0
c_303,42,0
c_3030,12,0
c_3031,42,0
c_3032,32,0
c_3033,32,0
c_3034,32,0
c_3035,42,0
c_3036,12,0
c_3037,42,0
c_3038,32,0
c_3039,42,0
c_304,12,0
c_3040,32,0
c_3041,42,0
c_3042,32,0
c_3043,42,0
c_3044,32,0
c_3045,42,0
c_3046,12,0
c_3047,32,0
c_3048,12,0
c_3049,12,0
c_305,12,0
c_3050,32,0
c_3051,12,0
c_3052,12,0
c_3053,12,0
c_3054,12,0
c_3055,32,0
c_3056,12,0
c_3057,32,0
c_3058,42,0
c_3059,42,0
c_306,12,0
c_3060,42,0
c_3061,42,0
c_3062,42,0
c_3063,42,0
c_3064,42,0
c_3065,12,0
c_3066,32,0
c_3067,42,0
c_3068,32,0
c_3069,32,0
c_307,32,0
c_3070,42,0
c_3071,42,0
c_3072,12,0
c_3073,12,0
c_3074,32,0
c_3075,12,0
c_3076,32,0
c_3077,42,0
c_3078,32,0
c_3079,42,0
c_308,12,0
c_3080,42,0
c_3081,12,0
c_3082,42,0
c_3083,32,0
c_3084,32,0
c_3085,32,0
c_3086,32,0
c_3087,42,0
c_3088,12,0
c_3089,12,0
c_309,42,0
c_3090,42,0
c_3091,12,0
c_3092,42,0
c_3093,12,0
c_3094,42,0
c_3095,12,0
c_3096,32,0
c_3097,12,0
c_3098,42,0
c_3099,42,0
c_31,42,0
c_310,12,0
c_3100,42,0
c_3101,42,0
c_3102,12,0
c_3103,32,0
c_3104,42,0
c_3105,42,0
c_3106,12,0
c_3107,42,0
c_3108,42,0
c_3109,12,0
c_311,12,0
c_3110,42,0
c_3111,32,0
c_3112,42,0
c_3113,32,0
c_3114,42,0
c_3115,12,0
c_3116,32,0
c_3117,32,0
c_3118,42,0
c_3119,42,0
c_312,32,0
c_3120,42,0
c_3121,32,0
c_3122,32,0
c_3123,32,0
c_3124,12,0
c_3125,12,0
c_3126,32,0
c_3127,42,0
c_3128,32,0
c_3129,42,0
c_313,12,0
c_3130,42,0
c_3131,32,0
c_3132,12,0
c_3133,42,0
c_3134,32,0
c_3135,12,0
c_3136,32,0
c_3137,12,0
c_3138,42,0
c_3139,42,0
c_314,42,0
c_3140,32,0
c_3141,12,0
c_3142,32,0
c_3143,32,0
c_3144,12,0
c_3145,12,0
c_3146,12,0
c_3147,42,0
c_3148,12,0
c_3149,12,0
c_315,12,0
c_3150,42,0
c_3151,42,0
c_3152,42,0
c_3153,42,0
c_3154,12,0
c_3155,42,0
c_3156,12,0
c_3157,42,0
c_3158,32,0
c_3159,12,0
c_316,32,0
c_3160,12,0
c_3161,42,0
c_3162,12,0
c_3163,32,0
c_3164,42,0
c_3165,12,0
c_3166,42,0
c_3167,32,0
c_3168,32,0
c_3169,32,0
c_317,12,0
c_3170,32,0
c_3171,12,0
c_3172,32,0
c_3173,32,0
c_3174,12,0
c_3175,42,0
c_3176,42,0
c_3177,32,0
c_3178,32,0
c_3179,32,0
c_318,12,0
c_3180,32,0
c_3181,12,0
c_3182,42,0
c_3183,32,0
c_3184,32,0
c_3185,32,0
c_3186,32,0
c_3187,12,0
c_3188,12,0
c_3189,32,0
c_319,32,0
c_3190,32,0
c_3191,32,0
c_3192,12,0
c_3193,32,0
c_3194,42,0
c_3195,42,0
c_3196,42,0
c_3197,32,0
c_3198,42,0
c_3199,12,0
c_32,32,0
c_320,32,0
c_3200,12,0
c_3201,42,0
c_3202,32,0
c_3203,32,0
c_3204,12,0
c_3205,42,0
c_3206,42,0
c_3207,32,0
c_3208,12,0
c_3209,42,0
c_321,32,0
c_3210,12,0
c_3211,12,0
c_3212,12,0
c_3213,12,0
c_3214,12,0
c_3215,12,0
c_3216,42,0
c_3217,12,0
c_3218,42,0
c_3219,42,0
c_322,32,0
c_3220,32,0
c_3221,42,0
c_3222,32,0
c_3223,42,0
c_3224,12,0
c_3225,12,0
c_3226,42,0
c_3227,42,0
c_3228,42,0
c_3229,32,0
c_323,32,0
c_3230,12,0
c_3231,12,0
c_3232,32,0
c_3233,42,0
c_3234,32,0
c_3235,12,0
c_3236,32,0
c_3237,32,0
c_3238,32,0
c_3239,42,0
c_324,42,0
c_3240,42,0
c_3241,32,0
c_3242,12,0
c_3243,32,0
c_3244,32,0
c_3245,32,0
c_3246,32,0
c_3247,42,0
c_3248,32,0
c_3249,12,0
c_325,42,0
c_3250,32,0
c_3251,32,0
c_3252,42,0
c_3253,32,0
c_3254,42,0
c_3255,32,0
c_3256,32,0
c_3257,12,0
c_3258,32,0
c_3259,12,0
c_326,32,0
c_3260,32,0
c_3261,12,0
c_3262,32,0
c_3263,42,0
c_3264,12,0
c_3265,32,0
c_3266,12,0
c_3267,12,0
c_3268,32,0
c_3269,32,0
c_327,32,0
c_3270,42,0
c_3271,12,0
c_3272,42,0
c_3273,32,0
c_3274,12,0
c_3275,42,0
c_3276,42,0
c_3277,42,0
c_3278,32,0
c_3279,42,0
c_328,32,0
c_3280,42,0
c_3281,42,0
c_3282,42,0
c_3283,12,0
c_3284,12,0
c_3285,42,0
c_3286,32,0
c_3287,12,0
c_3288,32,0
c_3289,12,0
c_329,12,0
c_3290,32,0
c_3291,32,0
c_3292,42,0
c_3293,12,0
c_3294,42,0
c_3295,32,0
c_3296,42,0
c_3297,42,0
c_3298,12,0
c_3299,42,0
c_33,12,0
c_330,12,0
c_3300,32,0
c_3301,32,0
c_3302,12,0
c_3303,12,0
c_3304,12,0
c_3305,32,0
c_3306,32,0
c_3307,32,0
c_3308,12,0
c_3309,12,0
c_331,12,0
c_3310,42,0
c_3311,32,0
c_3312,32,0
c_3313,32,0
c_3314,42,0
c_3315,12,0
c_3316,42,0
c_3317,42,0
c_3318,42,0
c_3319,12,0
c_332,12,0
c_3320,32,0
c_3321,32,0
c_3322,42,0
c_3323,42,0
c_3324,12,0
c_3325,12,0
c_3326,12,0
c_3327,12,0
c_3328,32,0
c_3329,32,0
c_333,42,0
c_3330,42,0
c_3331,42,0
c_3332,32,0
c_3333,32,0
c_3334,42,0
c_3335,12,0
c_3336,32,0
c_3337,32,0
c_3338,42,0
c_3339,12,0
c_334,12,0
c_3340,12,0
c_3341,32,0
c_3342,32,0
c_3343,12,0
c_3344,12,0
c_3345,12,0
c_3346,42,0
c_3347,12,0
c_3348,42,0
c_3349,32,0
c_335,12,0
c_3350,42,0
c_3351,42,0
c_3352,42,0
c_3353,12,0
c_3354,32,0
c_3355,12,0
c_3356,32,0
c_3357,42,0
c_3358,12,0
c_3359,12,0
c_336,42,0
c_3360,12,0
c_3361,42,0
c_3362,42,0
c_3363,12,0
c_3364,32,0
c_3365,32,0
c_3366,32,0
c_3367,32,0
c_3368,42,0
c_3369,12,0
c_337,32,0
c_3370,12,0
c_3371,42,0
c_3372,42,0
c_3373,42,0
c_3374,42,0
c_3375,12,0
c_3376,42,0
c_3377,32,0
c_3378,42,0
c_3379,12,0
c_338,12,0
c_3380,42,0
c_3381,12,0
c_3382,42,0
c_3383,42,0
c_3384,42,0
c_3385,42,0
c_3386,12,0
c_3387,42,0
c_3388,12,0
c_3389,32,0
c_339,12,0
c_3390,42,0
c_3391,12,0
c_3392,32,0
c_3393,32,0
c_3394,42,0
c_3395,32,0
c_3396,32,0
c_3397,42,0
c_3398,12,0
c_3399,12,0
c_34,12,0
c_340,12,0
c_3400,12,0
c_3401,32,0
c_3402,42,0
c_3403,32,0
c_3404,32,0
c_3405,32,0
c_3406,42,0
c_3407,32,0
c_3408,12,0
c_3409,12,0
c_341,12,0
c_3410,42,0
c_3411,12,0
c_3412,12,0
c_3413,32,0
c_3414,42,0
c_3415,42,0
c_3416,42,0
c_3417,42,0
c_3418,12,0
c_3419,42,0
c_342,42,0
c_3420,12,0
c_3421,12,0
c_3422,12,0
c_3423,12,0
c_3424,32,0
c_3425,12,0
c_3426,42,0
c_3427,12,0
c_3428,12,0
c_3429,42,0
c_343,32,0
c_3430,32,0
c_3431,42,0
c_3432,42,0
c_3433,12,0
c_3434,32,0
c_3435,12,0
c_3436,12,0
c_3437,12,0
c_3438,12,0
c_3439,12,0
c_344,32,0
c_3440,42,0
c_3441,12,0
c_3442,32,0
c_3443,12,0
c_3444,32,0
c_3445,32,0
c_3446,12,0
c_3447,32,0
c_3448,32,0
c_3449,42,0
c_345,42,0
c_3450,32,0
c_3451,42,0
c_3452,12,0
c_3453,12,0
c_3454,42,0
c_3455,32,0
c_3456,42,0
c_3457,32,0
c_3458,12,0
c_3459,32,0
c_346,32,0
c_3460,42,0
c_3461,32,0
c_3462,12,0
c_3463,12,0
c_3464,42,0
c_3465,32,0
c_3466,32,0
c_3467,12,0
c_3468,12,0
c_3469,12,0
c_347,12,0
c_3470,32,0
c_3471,12,0
c_3472,42,0
c_3473,12,0
c_3474,12,0
c_3475,12,0
c_3476,42,0
c_3477,42,0
c_3478,12,0
c_3479,42,0
c_348,12,0
c_3480,12,0
c_3481,42,0
c_3482,32,0
c_3483,42,0
c_3484,32,0
c_3485,12,0
c_3486,12,0
c_3487,42,0
c_3488,32,0
c_3489,42,0
c_349,12,0
c_3490,32,0
c_3491,12,0
c_3492,42,0
c_3493,32,0
c_3494,42,0
c_3495,42,0
c_3496,32,0
c_3497,32,0
c_3498,32,0
c_3499,42,0
c_35,42,0
c_350,42,0
c_3500,12,0
c_3501,26,0
c_3502,26,0
c_3503,37,0
c_3504,26,0
c_3505,40,0
c_3506,37,0
c_3507,37,0
c_3508,37,0
c_3509,26,0
c_351,42,0
c_3510,26,0
c_3511,26,0
c_3512,26,0
c_3513,40,0
c_3514,37,0
c_3515,40,0
c_3516,37,0
c_3517,40,0
c_3518,26,0
c_3519,40,0
c_352,42,0
c_3520,26,0
c_3521,26,0
c_3522,26,0
c_3523,40,0
c_3524,37,0
c_3525,37,0
c_3526,40,0
c_3527,40,0
c_3528,26,0
c_3529,40,0
c_353,12,0
c_3530,26,0
c_3531,40,0
c_3532,37,0
c_3533,26,0
c_3534,26,0
c_3535,40,0
c_3536,40,0
c_3537,26,0
c_3538,40,0
c_3539,26,0
c_354,42,0
c_3540,37,0
c_3541,40,0
c_3542,26,0
c_3543,40,0
c_3544,40,0
c_3545,40,0
c_3546,37,0
c_3547,40,0
c_3548,37,0
c_3549,40,0
c_355,12,0
c_3550,40,0
c_3551,26,0
c_3552,37,0
c_3553,26,0
c_3554,40,0
c_3555,26,0
c_3556,26,0
c_3557,37,0
c_3558,37,0
c_3559,26,0
c_356,32,0
c_3560,37,0
c_3561,37,0
c_3562,37,0
c_3563,40,0
c_3564,40,0
c_3565,37,0
c_3566,40,0
c_3567,40,0
c_3568,40,0
c_3569,26,0
c_357,32,0
c_3570,26,0
c_3571,37,0
c_3572,40,0
c_3573,40,0
c_3574,37,0
c_3575,40,0
c_3576,37,0
c_3577,40,0
c_3578,40,0
c_3579,40,0
c_358,42,0
c_3580,40,0
c_3581,37,0
c_3582,37,0
c_3584,26,0
c_3585,26,0
c_3586,26,0
c_3587,40,0
c_3588,40,0
c_3589,26,0
c_359,32,0
c_3590,40,0
c_3591,37,0
c_3592,26,0
c_3593,26,0
c_3594,37,0
c_3595,26,0
c_3596,40,0
c_3597,37,0
c_3599,37,0
c_36,42,0
c_360,32,0
c_3600,26,0
c_3601,26,0
c_3602,37,0
c_3603,26,0
c_3604,37,0
c_3605,40,0
c_3606,26,0
c_3607,40,0
c_3608,37,0
c_3609,40,0
c_361,42,0
c_3610,40,0
c_3611,37,0
c_3612,40,0
c_3613,37,0
c_3614,37,0
c_3615,37,0
c_3616,40,0
c_3617,37,0
c_3618,40,0
c_3619,26,0
c_362,42,0
c_3620,37,0
c_3621,40,0
c_3622,37,0
c_3623,37,0
c_3624,26,0
c_3625,40,0
c_3626,40,0
c_3627,37,0
c_3628,26,0
c_3629,40,0
c_363,12,0
c_3630,37,0
c_3631,37,0
c_3632,40,0
c_3633,37,0
c_3634,37,0
c_3635,26,0
c_3636,26,0
c_3637,37,0
c_3638,37,0
c_3639,37,0
c_364,42,0
c_3640,40,0
c_3641,26,0
c_3642,40,0
c_3643,26,0
c_3645,40,0
c_3646,40,0
c_3647,26,0
c_3648,37,0
c_3649,40,0
c_365,42,0
c_3650,37,0
c_3651,26,0
c_3652,26,0
c_3653,26,0
c_3654,26,0
c_3655,37,0
c_3656,26,0
c_3657,26,0
c_3658,26,0
c_3659,40,0
c_366,12,0
c_3660,26,0
c_3661,37,0
c_3662,26,0
c_3663,40,0
c_3664,26,0
c_3665,40,0
c_3666,37,0
c_3667,26,0
c_3668,37,0
c_3669,40,0
c_367,42,0
c_3670,40,0
c_3671,40,0
c_3672,40,0
c_3673,26,0
c_3675,37,0
c_3676,40,0
c_3677,40,0
c_3678,26,0
c_3679,37,0
c_368,32,0
c_3680,26,0
c_3681,40,0
c_3682,40,0
c_3684,26,0
c_3685,37,0
c_3686,40,0
c_3687,37,0
c_3688,26,0
c_3689,40,0
c_369,42,0
c_3690,37,0
c_3691,37,0
c_3692,37,0
c_3693,37,0
c_3694,37,0
c_3695,37,0
c_3696,26,0
c_3697,26,0
c_3698,37,0
c_3699,40,0
c_37,12,0
c_370,32,0
c_3700,37,0
c_3701,40,0
c_3702,26,0
c_3703,26,0
c_3704,26,0
c_3705,26,0
c_3706,37,0
c_3707,37,0
c_3708,37,0
c_3709,26,0
c_371,42,0
c_3710,40,0
c_3711,40,0
c_3712,40,0
c_3713,37,0
c_3714,37,0
c_3715,26,0
c_3716,40,0
c_3717,26,0
c_3718,40,0
c_3719,26,0
c_372,32,0
c_3720,37,0
c_3721,37,0
c_3722,26,0
c_3723,40,0
c_3724,26,0
c_3725,37,0
c_3726,40,0
c_3727,26,0
c_3728,40,0
c_3729,26,0
c_373,32,0
c_3730,37,0
c_3731,37,0
c_3732,37,0
c_3733,26,0
c_3734,37,0
c_3735,37,0
c_3736,37,0
c_3737,37,0
c_3738,26,0
c_3739,26,0
c_374,42,0
c_3740,26,0
c_3741,37,0
c_3742,40,0
c_3743,37,0
c_3744,26,0
c_3745,40,0
c_3746,26,0
c_3747,40,0
c_3748,26,0
c_3749,26,0
c_375,32,0
c_3750,37,0
c_3751,37,0
c_3752,40,0
c_3753,37,0
c_3754,37,0
c_3755,40,0
c_3756,40,0
c_3757,26,0
c_3758,40,0
c_3759,26,0
c_376,32,0
c_3760,26,0
c_3761,40,0
c_3762,40,0
c_3763,37,0
c_3764,37,0
c_3765,40,0
c_3766,40,0
c_3767,37,0
c_3768,26,0
c_3769,37,0
c_377,42,0
c_3770,40,0
c_3771,37,0
c_3772,26,0
c_3773,26,0
c_3774,26,0
c_3775,26,0
c_3776,26,0
c_3777,37,0
c_3778,40,0
c_3779,26,0
c_378,32,0
c_3780,26,0
c_3781,26,0
c_3782,40,0
c_3783,37,0
c_3784,26,0
c_3785,26,0
c_3786,26,0
c_3787,26,0
c_3788,26,0
c_3789,26,0
c_379,42,0
c_3790,26,0
c_3791,26,0
c_3792,26,0
c_3793,37,0
c_3794,40,0
c_3795,40,0
c_3796,26,0
c_3797,37,0
c_3798,26,0
c_3799,37,0
c_38,42,0
c_380,32,0
c_3800,40,0
c_3801,26,0
c_3802,37,0
c_3803,40,0
c_3804,26,0
c_3806,26,0
c_3807,37,0
c_3808,26,0
c_3809,40,0
c_381,32,0
c_3810,26,0
c_3811,26,0
c_3812,37,0
c_3813,26,0
c_3814,40,0
c_3815,26,0
c_3816,37,0
c_3817,26,0
c_3818,26,0
c_3819,37,0
c_382,42,0
c_3820,37,0
c_3821,37,0
c_3822,37,0
c_3823,37,0
c_3824,40,0
c_3825,40,0
c_3826,37,0
c_3827,37,0
c_3828,37,0
c_3829,26,0
c_383,42,0
c_3830,26,0
c_3831,26,0
c_3832,26,0
c_3833,40,0
c_3834,26,0
c_3835,26,0
c_3836,40,0
c_3837,37,0
c_3838,26,0
c_3839,26,0
c_384,42,0
c_3840,26,0
c_3841,26,0
c_3842,40,0
c_3843,37,0
c_3844,37,0
c_3845,40,0
c_3846,37,0
c_3847,26,0
c_3848,26,0
c_3849,26,0
c_385,12,0
c_3850,40,0
c_3851,40,0
c_3852,40,0
c_3853,26,0
c_3854,40,0
c_3855,26,0
c_3856,37,0
c_3857,37,0
c_3858,40,0
c_3859,37,0
c_386,32,0
c_3860,37,0
c_3861,40,0
c_3862,40,0
c_3863,26,0
c_3864,40,0
c_3865,40,0
c_3866,26,0
c_3867,40,0
c_3868,37,0
c_3869,40,0
c_387,42,0
c_3870,37,0
c_3871,40,0
c_3872,37,0
c_3873,37,0
c_3874,40,0
c_3875,37,0
c_3876,37,0
c_3877,40,0
c_3878,37,0
c_3879,40,0
c_388,12,0
c_3880,37,0
c_3881,37,0
c_3882,40,0
c_3883,40,0
c_3884,40,0
c_3885,26,0
c_3886,37,0
c_3887,40,0
c_3888,26,0
c_3889,37,0
c_389,32,0
c_3890,37,0
c_3891,26,0
c_3892,26,0
c_3893,40,0
c_3895,40,0
c_3896,37,0
c_3897,26,0
c_3898,40,0
c_3899,37,0
c_39,12,0
c_390,32,0
c_3900,37,0
c_3901,37,0
c_3902,37,0
c_3903,37,0
c_3904,26,0
c_3905,40,0
c_3906,37,0
c_3907,37,0
c_3908,37,0
c_3909,40,0
c_391,12,0
c_3910,26,0
c_3911,26,0
c_3912,26,0
c_3913,40,0
c_3914,37,0
c_3915,40,0
c_3916,40,0
c_3917,26,0
c_3918,37,0
c_3919,26,0
c_392,12,0
c_3920,26,0
c_3921,37,0
c_3922,40,0
c_3923,26,0
c_3924,37,0
c_3925,37,0
c_3926,40,0
c_3927,37,0
c_3928,26,0
c_3929,26,0
c_393,42,0
c_3930,26,0
c_3931,26,0
c_3932,37,0
c_3933,37,0
c_3934,26,0
c_3935,26,0
c_3936,40,0
c_3937,26,0
c_3938,37,0
c_3939,26,0
c_394,42,0
c_3940,26,0
c_3941,26,0
c_3942,40,0
c_3943,40,0
c_3944,40,0
c_3945,37,0
c_3946,37,0
c_3947,26,0
c_3948,40,0
c_3949,37,0
c_395,42,0
c_3950,37,0
c_3951,37,0
c_3952,37,0
c_3953,40,0
c_3954,40,0
c_3955,37,0
c_3956,26,0
c_3957,37,0
c_3958,37,0
c_3959,40,0
c_396,32,0
c_3960,37,0
c_3961,40,0
c_3962,37,0
c_3963,26,0
c_3964,37,0
c_3965,40,0
c_3966,26,0
c_3967,40,0
c_3968,26,0
c_3969,37,0
c_397,12,0
c_3970,40,0
c_3971,37,0
c_3972,40,0
c_3973,40,0
c_3974,37,0
c_3975,40,0
c_3976,26,0
c_3977,26,0
c_3978,37,0
c_3979,26,0
c_398,42,0
c_3980,26,0
c_3981,40,0
c_3982,26,0
c_3983,37,0
c_3984,37,0
c_3985,40,0
c_3986,26,0
c_3987,37,0
c_3988,40,0
c_3989,37,0
c_399,32,0
c_3990,26,0
c_3991,37,0
c_3992,26,0
c_3993,26,0
c_3994,37,0
c_3995,37,0
c_3996,26,0
c_3997,37,0
c_3998,40,0
c_3999,37,0
c_4,12,0
c_40,32,0
c_400,32,0
c_4000,37,0
c_4001,26,0
c_4002,40,0
c_4003,26,0
c_4004,26,0
c_4005,40,0
c_4006,26,0
c_4007,40,0
c_4008,26,0
c_4009,26,0
c_401,32,0
c_4010,26,0
c_4011,37,0
c_4012,26,0
c_4013,40,0
c_4014,37,0
c_4015,26,0
c_4016,40,0
c_4017,26,0
c_4018,26,0
c_4019,26,0
c_402,32,0
c_4020,37,0
c_4021,26,0
c_4022,40,0
c_4023,26,0
c_4024,40,0
c_4026,26,0
c_4027,26,0
c_4028,37,0
c_4029,40,0
c_403,32,0
c_4030,40,0
c_4031,26,0
c_4032,37,0
c_4033,40,0
c_4034,40,0
c_4035,26,0
c_4036,37,0
c_4037,37,0
c_4038,26,0
c_4039,40,0
c_404,12,0
c_4040,26,0
c_4041,26,0
c_4042,40,0
c_4043,40,0
c_4044,40,0
c_4045,37,0
c_4046,26,0
c_4047,37,0
c_4048,37,0
c_4049,26,0
c_405,42,0
c_4050,37,0
c_4051,40,0
c_4053,26,0
c_4054,37,0
c_4055,37,0
c_4056,40,0
c_4057,26,0
c_4058,26,0
c_4059,40,0
c_406,32,0
c_4060,40,0
c_4061,37,0
c_4062,40,0
c_4063,37,0
c_4064,37,0
c_4065,40,0
c_4066,26,0
c_4067,40,0
c_4068,40,0
c_4069,37,0
c_407,32,0
c_4070,26,0
c_4071,40,0
c_4072,37,0
c_4073,26,0
c_4074,26,0
c_4075,26,0
c_4076,26,0
c_4077,40,0
c_4078,40,0
c_4079,26,0
c_408,32,0
c_4080,40,0
c_4081,40,0
c_4082,37,0
c_4083,26,0
c_4084,37,0
c_4085,40,0
c_4086,40,0
c_4087,26,0
c_4088,37,0
c_4089,40,0
c_409,42,0
c_4090,37,0
c_4091,26,0
c_4092,26,0
c_4093,37,0
c_4094,37,0
c_4095,26,0
c_4096,26,0
c_4097,40,0
c_4098,40,0
c_4099,40,0
c_41,42,0
c_410,12,0
c_4100,37,0
c_4101,26,0
c_4102,37,0
c_4103,26,0
c_4104,26,0
c_4105,37,0
c_4106,37,0
c_4107,40,0
c_4108,37,0
c_4109,37,0
c_411,12,0
c_4110,40,0
c_4111,37,0
c_4112,40,0
c_4113,40,0
c_4114,26,0
c_4115,37,0
c_4116,26,0
c_4117,37,0
c_4118,40,0
c_4119,26,0
c_412,12,0
c_4120,40,0
c_4121,40,0
c_4122,37,0
c_4123,26,0
c_4124,40,0
c_4125,37,0
c_4126,37,0
c_4127,37,0
c_4128,37,0
c_4129,40,0
c_413,42,0
c_4130,26,0
c_4131,40,0
c_4132,37,0
c_4133,26,0
c_4134,40,0
c_4135,40,0
c_4136,37,0
c_4137,37,0
c_4138,26,0
c_4139,37,0
c_414,32,0
c_4140,37,0
c_4142,37,0
c_4143,37,0
c_4144,37,0
c_4145,37,0
c_4146,26,0
c_4147,40,0
c_4148,26,0
c_4149,40,0
c_415,42,0
c_4150,37,0
c_4151,37,0
c_4152,37,0
c_4153,37,0
c_4154,40,0
c_4155,26,0
c_4156,37,0
c_4157,37,0
c_4158,26,0
c_4159,37,0
c_416,42,0
c_4160,40,0
c_4161,40,0
c_4162,26,0
c_4163,40,0
c_4164,40,0
c_4165,40,0
c_4166,40,0
c_4167,26,0
c_4168,37,0
c_4169,26,0
c_417,12,0
c_4170,40,0
c_4171,26,0
c_4172,40,0
c_4173,37,0
c_4174,26,0
c_4175,40,0
c_4176,26,0
c_4177,37,0
c_4178,26,0
c_4179,40,0
c_418,32,0
c_4180,26,0
c_4181,37,0
c_4182,37,0
c_4183,37,0
c_4184,26,0
c_4185,40,0
c_4186,40,0
c_4187,37,0
c_4188,40,0
c_4189,40,0
c_419,12,0
c_4190,37,0
c_4191,37,0
c_4192,40,0
c_4193,37,0
c_4194,40,0
c_4195,37,0
c_4196,40,0
c_4197,40,0
c_4198,37,0
c_4199,37,0
c_42,12,0
c_420,12,0
c_4200,37,0
c_4201,40,0
c_4202,37,0
c_4203,37,0
c_4204,26,0
c_4205,26,0
c_4206,37,0
c_4207,40,0
c_4208,37,0
c_4209,26,0
c_421,32,0
c_4210,37,0
c_4211,26,0
c_4212,37,0
c_4213,26,0
c_4214,40,0
c_4215,40,0
c_4216,26,0
c_4217,37,0
c_4218,26,0
c_4219,26,0
c_422,42,0
c_4220,37,0
c_4221,37,0
c_4222,40,0
c_4223,26,0
c_4224,37,0
c_4225,40,0
c_4226,26,0
c_4227,40,0
c_4228,26,0
c_4229,40,0
c_423,12,0
c_4230,37,0
c_4231,26,0
c_4232,26,0
c_4233,26,0
c_4234,26,0
c_4235,26,0
c_4236,26,0
c_4237,26,0
c_4238,40,0
c_4239,37,0
c_424,32,0
c_4240,40,0
c_4241,37,0
c_4242,26,0
c_4243,40,0
c_4244,37,0
c_4245,40,0
c_4246,26,0
c_4247,40,0
c_4248,26,0
c_4249,26,0
c_425,32,0
c_4250,40,0
c_4251,26,0
c_4252,40,0
c_4253,40,0
c_4254,37,0
c_4255,37,0
c_4256,37,0
c_4257,37,0
c_4258,37,0
c_4259,37,0
c_426,42,0
c_4260,37,0
c_4261,40,0
c_4262,40,0
c_4263,37,0
c_4264,37,0
c_4265,26,0
c_4266,26,0
c_4267,37,0
c_4268,40,0
c_4269,26,0
c_427,32,0
c_4270,26,0
c_4271,40,0
c_4272,40,0
c_4273,40,0
c_4274,40,0
c_4275,37,0
c_4276,26,0
c_4277,26,0
c_4278,26,0
c_4279,40,0
c_428,12,0
c_4280,40,0
c_4281,37,0
c_4282,37,0
c_4283,37,0
c_4284,40,0
c_4285,40,0
c_4286,26,0
c_4287,40,0
c_4288,37,0
c_4289,26,0
c_429,12,0
c_4290,37,0
c_4291,37,0
c_4292,37,0
c_4293,26,0
c_4294,26,0
c_4295,26,0
c_4296,37,0
c_4297,37,0
c_4298,40,0
c_4299,40,0
c_43,42,0
c_430,12,0
c_4300,26,0
c_4301,40,0
c_4302,26,0
c_4303,40,0
c_4304,26,0
c_4305,40,0
c_4306,37,0
c_4307,40,0
c_4308,40,0
c_4309,40,0
c_431,12,0
c_4310,40,0
c_4311,26,0
c_4312,26,0
c_4313,26,0
c_4314,26,0
c_4315,40,0
c_4316,37,0
c_4317,40,0
c_4318,40,0
c_4319,40,0
c_432,32,0
c_4320,40,0
c_4321,40,0
c_4322,40,0
c_4323,26,0
c_4324,37,0
c_4325,26,0
c_4326,26,0
c_4327,26,0
c_4328,37,0
c_4329,37,0
c_433,32,0
c_4330,40,0
c_4331,26,0
c_4332,37,0
c_4333,40,0
c_4334,40,0
c_4335,26,0
c_4336,26,0
c_4337,26,0
c_4338,26,0
c_4339,37,0
c_434,12,0
c_4340,37,0
c_4341,40,0
c_4342,37,0
c_4343,26,0
c_4344,37,0
c_4345,37,0
c_4346,40,0
c_4347,37,0
c_4348,40,0
c_4349,40,0
c_435,12,0
c_4350,26,0
c_4351,26,0
c_4352,40,0
c_4353,26,0
c_4354,37,0
c_4355,26,0
c_4356,26,0
c_4357,26,0
c_4358,40,0
c_4359,40,0
c_436,42,0
c_4360,26,0
c_4361,37,0
c_4362,37,0
c_4363,26,0
c_4364,26,0
c_4365,40,0
c_4366,40,0
c_4367,37,0
c_4368,40,0
c_4369,37,0
c_437,12,0
c_4370,37,0
c_4371,37,0
c_4372,37,0
c_4373,40,0
c_4374,26,0
c_4375,26,0
c_4376,37,0
c_4377,40,0
c_4378,37,0
c_4379,40,0
c_438,32,0
c_4380,26,0
c_4381,26,0
c_4382,26,0
c_4383,40,0
c_4384,40,0
c_4385,26,0
c_4386,37,0
c_4387,37,0
c_4388,37,0
c_4389,26,0
c_439,12,0
c_4390,26,0
c_4391,40,0
c_4392,26,0
c_4393,40,0
c_4394,40,0
c_4395,37,0
c_4396,26,0
c_4397,37,0
c_4398,26,0
c_4399,37,0
c_44,42,0
c_440,12,0
c_4400,40,0
c_4401,37,0
c_4402,26,0
c_4403,37,0
c_4404,40,0
c_4405,26,0
c_4406,40,0
c_4408,26,0
c_4409,37,0
c_441,12,0
c_4410,26,0
c_4411,37,0
c_4412,40,0
c_4413,40,0
c_4414,26,0
c_4415,37,0
c_4416,40,0
c_4417,40,0
c_4418,26,0
c_4419,37,0
c_442,42,0
c_4420,26,0
c_4421,37,0
c_4422,40,0
c_4423,37,0
c_4424,26,0
c_4425,37,0
c_4426,37,0
c_4427,37,0
c_4428,26,0
c_4429,26,0
c_443,42,0
c_4430,40,0
c_4431,26,0
c_4432,37,0
c_4433,37,0
c_4434,37,0
c_4435,26,0
c_4436,26,0
c_4437,26,0
c_4438,26,0
c_4439,26,0
c_444,42,0
c_4440,26,0
c_4441,40,0
c_4442,40,0
c_4443,37,0
c_4444,40,0
c_4445,26,0
c_4446,26,0
c_4447,37,0
c_4448,26,0
c_4449,37,0
c_445,32,0
c_4450,37,0
c_4451,40,0
c_4452,26,0
c_4453,40,0
c_4454,26,0
c_4455,40,0
c_4456,40,0
c_4457,26,0
c_4458,26,0
c_4459,40,0
c_446,32,0
c_4460,37,0
c_4461,40,0
c_4462,37,0
c_4463,37,0
c_4464,26,0
c_4465,26,0
c_4466,26,0
c_4467,40,0
c_4468,37,0
c_4469,26,0
c_447,12,0
c_4470,37,0
c_4471,26,0
c_4472,37,0
c_4473,37,0
c_4474,26,0
c_4475,37,0
c_4476,37,0
c_4477,37,0
c_4478,37,0
c_4479,26,0
c_448,42,0
c_4480,37,0
c_4481,40,0
c_4482,40,0
c_4483,40,0
c_4484,40,0
c_4485,37,0
c_4486,26,0
c_4487,26,0
c_4488,26,0
c_4489,37,0
c_449,32,0
c_4490,37,0
c_4491,26,0
c_4492,26,0
c_4493,26,0
c_4494,40,0
c_4495,37,0
c_4496,37,0
c_4497,26,0
c_4498,40,0
c_4499,37,0
c_45,42,0
c_450,32,0
c_4500,26,0
c_4501,40,0
c_4502,26,0
c_4503,26,0
c_4504,26,0
c_4505,26,0
c_4506,26,0
c_4507,26,0
c_4508,40,0
c_4509,26,0
c_451,32,0
c_4510,37,0
c_4511,26,0
c_4512,40,0
c_4513,40,0
c_4514,37,0
c_4515,26,0
c_4516,26,0
c_4517,40,0
c_4518,40,0
c_4519,26,0
c_452,32,0
c_4520,26,0
c_4521,40,0
c_4522,40,0
c_4523,40,0
c_4524,26,0
c_4525,40,0
c_4526,26,0
c_4527,40,0
c_4528,40,0
c_4529,37,0
c_453,42,0
c_4530,37,0
c_4531,40,0
c_4532,26,0
c_4533,37,0
c_4534,37,0
c_4535,40,0
c_4536,37,0
c_4537,40,0
c_4538,37,0
c_4539,26,0
c_454,42,0
c_4540,40,0
c_4541,26,0
c_4542,40,0
c_4543,26,0
c_4544,40,0
c_4545,26,0
c_4546,26,0
c_4547,40,0
c_4548,26,0
c_4549,37,0
c_455,32,0
c_4550,40,0
c_4551,26,0
c_4552,26,0
c_4553,37,0
c_4554,37,0
c_4555,26,0
c_4556,37,0
c_4557,40,0
c_4558,26,0
c_4559,26,0
c_456,12,0
c_4560,37,0
c_4561,37,0
c_4562,26,0
c_4563,37,0
c_4564,40,0
c_4565,26,0
c_4566,40,0
c_4567,37,0
c_4568,26,0
c_4569,37,0
c_457,32,0
c_4570,37,0
c_4571,26,0
c_4572,26,0
c_4573,40,0
c_4575,40,0
c_4576,40,0
c_4577,40,0
c_4578,40,0
c_4579,37,0
c_458,32,0
c_4580,37,0
c_4581,40,0
c_4582,40,0
c_4583,40,0
c_4584,26,0
c_4585,40,0
c_4586,26,0
c_4587,26,0
c_4588,26,0
c_4589,26,0
c_459,42,0
c_4590,26,0
c_4591,26,0
c_4592,40,0
c_4593,37,0
c_4594,37,0
c_4595,40,0
c_4596,37,0
c_4597,37,0
c_4598,26,0
c_4599,40,0
c_46,32,0
c_460,32,0
c_4600,37,0
c_4601,37,0
c_4602,40,0
c_4603,37,0
c_4604,40,0
c_4605,37,0
c_4606,40,0
c_4607,26,0
c_4608,26,0
c_4609,37,0
c_461,42,0
c_4610,26,0
c_4611,37,0
c_4612,26,0
c_4613,26,0
c_4614,26,0
c_4615,26,0
c_4616,40,0
c_4617,26,0
c_4618,26,0
c_4619,37,0
c_462,32,0
c_4620,26,0
c_4621,37,0
c_4622,40,0
c_4623,26,0
c_4624,37,0
c_4625,37,0
c_4626,26,0
c_4627,26,0
c_4628,26,0
c_4629,37,0
c_463,12,0
c_4630,37,0
c_4631,40,0
c_4632,40,0
c_4633,26,0
c_4634,37,0
c_4635,40,0
c_4636,26,0
c_4637,40,0
c_4638,37,0
c_4639,26,0
c_464,32,0
c_4640,37,0
c_4641,40,0
c_4642,40,0
c_4643,26,0
c_4644,26,0
c_4645,26,0
c_4646,26,0
c_4647,37,0
c_4648,37,0
c_4649,37,0
c_465,42,0
c_4650,37,0
c_4651,40,0
c_4652,26,0
c_4653,40,0
c_4654,26,0
c_4655,37,0
c_4656,40,0
c_4657,26,0
c_4658,40,0
c_4659,37,0
c_466,12,0
c_4660,40,0
c_4661,26,0
c_4662,37,0
c_4663,26,0
c_4664,37,0
c_4665,37,0
c_4666,40,0
c_4667,37,0
c_4668,26,0
c_4669,40,0
c_467,42,0
c_4670,40,0
c_4671,37,0
c_4672,37,0
c_4673,26,0
c_4674,37,0
c_4675,40,0
c_4676,40,0
c_4677,37,0
c_4678,26,0
c_4679,26,0
c_468,12,0
c_4680,37,0
c_4681,26,0
c_4682,40,0
c_4683,40,0
c_4684,37,0
c_4685,26,0
c_4686,40,0
c_4687,26,0
c_4688,26,0
c_4689,26,0
c_469,32,0
c_4690,37,0
c_4691,26,0
c_4692,37,0
c_4693,26,0
c_4694,37,0
c_4695,26,0
c_4696,40,0
c_4697,37,0
c_4698,37,0
c_4699,40,0
c_47,42,0
c_470,42,0
c_4700,26,0
c_4701,40,0
c_4702,26,0
c_4703,26,0
c_4704,40,0
c_4705,37,0
c_4706,40,0
c_4707,37,0
c_4708,37,0
c_4709,26,0
c_471,32,0
c_4710,40,0
c_4711,26,0
c_4712,40,0
c_4713,40,0
c_4714,37,0
c_4715,26,0
c_4716,40,0
c_4717,40,0
c_4718,26,0
c_4719,26,0
c_472,42,0
c_4720,40,0
c_4721,40,0
c_4722,37,0
c_4723,26,0
c_4724,37,0
c_4725,37,0
c_4726,26,0
c_4727,26,0
c_4728,37,0
c_4729,26,0
c_473,42,0
c_4730,40,0
c_4731,26,0
c_4732,37,0
c_4733,37,0
c_4734,26,0
c_4735,26,0
c_4736,40,0
c_4737,37,0
c_4738,26,0
c_4739,37,0
c_474,32,0
c_4740,37,0
c_4741,40,0
c_4742,37,0
c_4743,40,0
c_4744,26,0
c_4745,26,0
c_4746,26,0
c_4747,37,0
c_4748,26,0
c_4749,26,0
c_475,42,0
c_4750,26,0
c_4751,40,0
c_4752,26,0
c_4753,26,0
c_4754,40,0
c_4755,37,0
c_4756,26,0
c_4757,26,0
c_4758,40,0
c_4759,37,0
c_476,12,0
c_4760,26,0
c_4761,37,0
c_4762,37,0
c_4763,37,0
c_4764,26,0
c_4765,37,0
c_4766,37,0
c_4767,26,0
c_4768,37,0
c_4769,40,0
c_477,12,0
c_4770,40,0
c_4771,37,0
c_4772,37,0
c_4773,26,0
c_4774,40,0
c_4775,37,0
c_4776,40,0
c_4777,37,0
c_4778,37,0
c_4779,40,0
c_478,32,0
c_4780,26,0
c_4781,40,0
c_4783,26,0
c_4784,37,0
c_4785,40,0
c_4786,26,0
c_4787,37,0
c_4788,40,0
c_4789,26,0
c_479,12,0
c_4790,40,0
c_4791,37,0
c_4792,40,0
c_4793,40,0
c_4794,40,0
c_4795,40,0
c_4796,26,0
c_4797,37,0
c_4798,26,0
c_4799,26,0
c_48,32,0
c_480,12,0
c_4800,40,0
c_4801,37,0
c_4802,40,0
c_4803,37,0
c_4804,40,0
c_4805,26,0
c_4806,37,0
c_4807,37,0
c_4808,37,0
c_4809,26,0
c_481,42,0
c_4810,40,0
c_4811,26,0
c_4812,37,0
c_4813,26,0
c_4814,26,0
c_4815,26,0
c_4816,40,0
c_4817,40,0
c_4818,37,0
c_4819,40,0
c_482,12,0
c_4820,40,0
c_4821,37,0
c_4822,26,0
c_4823,26,0
c_4824,26,0
c_4825,26,0
c_4826,37,0
c_4827,26,0
c_4828,26,0
c_4829,26,0
c_483,32,0
c_4830,37,0
c_4831,37,0
c_4832,40,0
c_4833,37,0
c_4834,40,0
c_4835,40,0
c_4836,40,0
c_4837,40,0
c_4838,26,0
c_4839,26,0
c_484,32,0
c_4840,40,0
c_4841,26,0
c_4842,26,0
c_4843,40,0
c_4844,40,0
c_4845,26,0
c_4846,37,0
c_4847,40,0
c_4848,40,0
c_4849,40,0
c_485,42,0
c_4850,40,0
c_4851,40,0
c_4852,37,0
c_4853,40,0
c_4854,37,0
c_4855,37,0
c_4856,40,0
c_4857,37,0
c_4858,37,0
c_4859,26,0
c_486,12,0
c_4860,26,0
c_4861,37,0
c_4862,26,0
c_4863,37,0
c_4864,37,0
c_4865,37,0
c_4866,40,0
c_4867,40,0
c_4868,37,0
c_4869,37,0
c_487,32,0
c_4870,40,0
c_4871,26,0
c_4872,37,0
c_4873,37,0
c_4874,40,0
c_4875,37,0
c_4876,26,0
c_4877,37,0
c_4878,26,0
c_4879,26,0
c_488,42,0
c_4880,26,0
c_4881,40,0
c_4882,26,0
c_4883,40,0
c_4884,26,0
c_4885,26,0
c_4886,26,0
c_4887,26,0
c_4888,26,0
c_4889,37,0
c_489,32,0
c_4890,37,0
c_4891,26,0
c_4892,40,0
c_4893,26,0
c_4894,40,0
c_4895,40,0
c_4896,26,0
c_4897,40,0
c_4898,37,0
c_4899,37,0
c_49,42,0
c_490,12,0
c_4900,37,0
c_4901,37,0
c_4902,37,0
c_4903,26,0
c_4904,26,0
c_4905,40,0
c_4906,40,0
c_4907,26,0
c_4908,37,0
c_4909,37,0
c_491,32,0
c_4910,26,0
c_4911,37,0
c_4912,26,0
c_4913,37,0
c_4914,40,0
c_4915,37,0
c_4916,37,0
c_4917,40,0
c_4918,26,0
c_4919,26,0
c_492,12,0
c_4920,40,0
c_4921,40,0
c_4922,26,0
c_4923,26,0
c_4924,40,0
c_4925,40,0
c_4926,26,0
c_4927,37,0
c_4928,40,0
c_4929,40,0
c_493,12,0
c_4930,26,0
c_4931,37,0
c_4932,37,0
c_4933,26,0
c_4934,37,0
c_4935,40,0
c_4936,26,0
c_4937,37,0
c_4938,40,0
c_4939,37,0
c_494,32,0
c_4940,26,0
c_4941,40,0
c_4942,37,0
c_4943,37,0
c_4944,40,0
c_4945,40,0
c_4946,40,0
c_4947,37,0
c_4948,40,0
c_4949,40,0
c_495,32,0
c_4950,40,0
c_4951,26,0
c_4952,26,0
c_4953,40,0
c_4954,40,0
c_4955,40,0
c_4956,37,0
c_4957,26,0
c_4958,40,0
c_4959,40,0
c_496,12,0
c_4960,26,0
c_4961,40,0
c_4962,26,0
c_4963,40,0
c_4964,40,0
c_4965,40,0
c_4966,37,0
c_4967,40,0
c_4968,40,0
c_4969,40,0
c_497,32,0
c_4970,40,0
c_4971,37,0
c_4972,26,0
c_4973,40,0
c_4974,37,0
c_4975,37,0
c_4976,26,0
c_4977,37,0
c_4978,26,0
c_4979,37,0
c_498,42,0
c_4980,37,0
c_4981,40,0
c_4982,26,0
c_4983,26,0
c_4984,26,0
c_4985,40,0
c_4986,40,0
c_4987,40,0
c_4988,37,0
c_4989,37,0
c_499,32,0
c_4990,26,0
c_4991,26,0
c_4992,37,0
c_4993,40,0
c_4995,40,0
c_4996,37,0
c_4997,26,0
c_4998,40,0
c_4999,37,0
c_5,42,0
c_50,42,0
c_500,32,0
c_5000,40,0
c_5001,26,0
c_5002,40,0
c_5003,26,0
c_5004,37,0
c_5005,26,0
c_5006,40,0
c_5007,26,0
c_5008,40,0
c_5009,37,0
c_501,12,0
c_5010,26,0
c_5012,26,0
c_5013,26,0
c_5014,37,0
c_5015,37,0
c_5016,40,0
c_5017,40,0
c_5018,26,0
c_5019,37,0
c_502,42,0
c_5020,26,0
c_5021,26,0
c_5022,40,0
c_5023,37,0
c_5024,26,0
c_5025,26,0
c_5026,26,0
c_5027,40,0
c_5028,37,0
c_5029,40,0
c_503,12,0
c_5030,40,0
c_5031,40,0
c_5032,37,0
c_5033,26,0
c_5034,26,0
c_5035,26,0
c_5036,40,0
c_5037,37,0
c_5038,40,0
c_5039,40,0
c_504,12,0
c_5040,26,0
c_5041,40,0
c_5042,37,0
c_5043,40,0
c_5044,26,0
c_5045,37,0
c_5047,37,0
c_5048,37,0
c_5049,26,0
c_505,42,0
c_5050,40,0
c_5051,26,0
c_5052,40,0
c_5053,37,0
c_5054,37,0
c_5055,40,0
c_5056,26,0
c_5057,37,0
c_5058,40,0
c_5059,37,0
c_506,12,0
c_5060,40,0
c_5061,40,0
c_5062,26,0
c_5063,40,0
c_5064,37,0
c_5065,40,0
c_5066,40,0
c_5067,26,0
c_5068,26,0
c_5069,26,0
c_507,42,0
c_5070,37,0
c_5071,37,0
c_5072,37,0
c_5073,40,0
c_5074,26,0
c_5075,40,0
c_5076,40,0
c_5077,37,0
c_5078,26,0
c_5079,37,0
c_508,12,0
c_5080,40,0
c_5081,40,0
c_5082,26,0
c_5083,26,0
c_5084,40,0
c_5085,40,0
c_5086,37,0
c_5087,37,0
c_5088,37,0
c_5089,26,0
c_509,12,0
c_5090,37,0
c_5091,40,0
c_5092,26,0
c_5093,26,0
c_5094,37,0
c_5095,26,0
c_5096,26,0
c_5097,26,0
c_5098,26,0
c_5099,40,0
c_51,12,0
c_510,12,0
c_5100,40,0
c_5101,37,0
c_5102,37,0
c_5103,37,0
c_5104,26,0
c_5105,40,0
c_5106,26,0
c_5107,26,0
c_5108,26,0
c_5109,26,0
c_511,32,0
c_5110,40,0
c_5111,37,0
c_5112,40,0
c_5113,40,0
c_5114,37,0
c_5115,40,0
c_5116,26,0
c_5117,26,0
c_5118,37,0
c_5119,37,0
c_512,12,0
c_5120,37,0
c_5121,26,0
c_5122,37,0
c_5123,40,0
c_5124,37,0
c_5125,37,0
c_5126,37,0
c_5127,40,0
c_5128,40,0
c_5129,40,0
c_513,42,0
c_5130,40,0
c_5131,40,0
c_5132,26,0
c_5133,26,0
c_5134,37,0
c_5135,37,0
c_5136,26,0
c_5137,26,0
c_5138,37,0
c_5139,26,0
c_514,32,0
c_5140,26,0
c_5141,26,0
c_5142,40,0
c_5143,26,0
c_5144,26,0
c_5145,37,0
c_5146,37,0
c_5147,40,0
c_5148,40,0
c_5149,26,0
c_515,12,0
c_5150,37,0
c_5151,40,0
c_5152,40,0
c_5153,37,0
c_5154,37,0
c_5155,40,0
c_5156,40,0
c_5157,26,0
c_5158,40,0
c_5159,37,0
c_516,42,0
c_5160,40,0
c_5161,37,0
c_5162,26,0
c_5163,37,0
c_5164,26,0
c_5165,40,0
c_5166,40,0
c_5167,26,0
c_5168,37,0
c_5169,37,0
c_517,12,0
c_5170,37,0
c_5171,40,0
c_5172,37,0
c_5173,40,0
c_5174,26,0
c_5175,26,0
c_5176,37,0
c_5177,40,0
c_5178,37,0
c_5179,26,0
c_518,12,0
c_5180,37,0
c_5181,26,0
c_5182,26,0
c_5183,26,0
c_5184,26,0
c_5185,37,0
c_5186,40,0
c_5187,37,0
c_5188,37,0
c_5189,40,0
c_519,12,0
c_5190,26,0
c_5191,40,0
c_5192,40,0
c_5193,26,0
c_5194,37,0
c_5195,37,0
c_5196,40,0
c_5197,37,0
c_5198,40,0
c_5199,37,0
c_52,32,0
c_520,32,0
c_5200,40,0
c_5201,37,0
c_5202,26,0
c_5203,37,0
c_5204,37,0
c_5205,40,0
c_5206,37,0
c_5207,37,0
c_5208,26,0
c_5209,40,0
c_521,12,0
c_5210,40,0
c_5211,37,0
c_5212,40,0
c_5213,37,0
c_5214,26,0
c_5215,26,0
c_5216,40,0
c_5217,37,0
c_5218,40,0
c_5219,40,0
c_522,42,0
c_5220,26,0
c_5221,26,0
c_5222,26,0
c_5223,40,0
c_5224,40,0
c_5225,37,0
c_5226,26,0
c_5227,37,0
c_5228,37,0
c_5229,26,0
c_523,12,0
c_5230,26,0
c_5231,26,0
c_5232,40,0
c_5233,40,0
c_5234,26,0
c_5235,40,0
c_5236,26,0
c_5237,26,0
c_5238,37,0
c_5239,37,0
c_524,42,0
c_5240,37,0
c_5241,26,0
c_5242,37,0
c_5243,40,0
c_5244,26,0
c_5245,26,0
c_5246,26,0
c_5247,40,0
c_5248,40,0
c_5249,26,0
c_525,42,0
c_5250,26,0
c_5251,37,0
c_5252,26,0
c_5253,40,0
c_5254,40,0
c_5255,40,0
c_5256,26,0
c_5257,37,0
c_5258,26,0
c_5259,26,0
c_526,12,0
c_5260,37,0
c_5261,37,0
c_5262,40,0
c_5263,26,0
c_5264,26,0
c_5265,37,0
c_5266,37,0
c_5267,37,0
c_5268,26,0
c_5269,37,0
c_527,12,0
c_5270,26,0
c_5271,40,0
c_5272,40,0
c_5273,37,0
c_5274,37,0
c_5275,37,0
c_5276,26,0
c_5277,26,0
c_5278,26,0
c_5279,26,0
c_528,32,0
c_5280,26,0
c_5281,40,0
c_5282,40,0
c_5283,37,0
c_5284,40,0
c_5285,26,0
c_5286,37,0
c_5287,37,0
c_5288,37,0
c_5289,26,0
c_529,42,0
c_5290,40,0
c_5291,37,0
c_5293,40,0
c_5294,37,0
c_5295,26,0
c_5296,40,0
c_5297,37,0
c_5298,26,0
c_5299,37,0
c_53,12,0
c_530,42,0
c_5300,40,0
c_5301,26,0
c_5302,37,0
c_5303,26,0
c_5304,40,0
c_5305,26,0
c_5306,40,0
c_5307,37,0
c_5308,26,0
c_5309,26,0
c_531,12,0
c_5310,40,0
c_5311,26,0
c_5312,40,0
c_5313,40,0
c_5314,26,0
c_5315,26,0
c_5316,26,0
c_5317,40,0
c_5318,37,0
c_5319,40,0
c_532,32,0
c_5320,37,0
c_5321,26,0
c_5322,26,0
c_5323,40,0
c_5324,37,0
c_5325,40,0
c_5326,37,0
c_5327,26,0
c_5328,40,0
c_5329,37,0
c_533,42,0
c_5330,40,0
c_5331,37,0
c_5332,26,0
c_5333,37,0
c_5334,40,0
c_5335,37,0
c_5336,26,0
c_5337,26,0
c_5338,37,0
c_5339,26,0
c_534,42,0
c_5340,37,0
c_5341,26,0
c_5342,26,0
c_5343,40,0
c_5344,26,0
c_5345,37,0
c_5346,26,0
c_5347,40,0
c_5348,37,0
c_5349,37,0
c_535,12,0
c_5350,40,0
c_5351,26,0
c_5352,40,0
c_5353,40,0
c_5354,37,0
c_5355,26,0
c_5356,40,0
c_5357,26,0
c_5358,37,0
c_5359,37,0
c_536,32,0
c_5360,37,0
c_5361,26,0
c_5362,40,0
c_5363,26,0
c_5364,26,0
c_5365,37,0
c_5366,37,0
c_5367,40,0
c_5368,40,0
c_5369,26,0
c_537,32,0
c_5370,37,0
c_5371,37,0
c_5372,37,0
c_5373,26,0
c_5374,37,0
c_5375,37,0
c_5376,37,0
c_5377,40,0
c_5378,40,0
c_5379,40,0
c_538,12,0
c_5380,40,0
c_5381,40,0
c_5382,37,0
c_5383,40,0
c_5384,40,0
c_5385,40,0
c_5386,37,0
c_5387,40,0
c_5388,26,0
c_5389,26,0
c_539,42,0
c_5390,40,0
c_5391,26,0
c_5392,26,0
c_5393,40,0
c_5394,40,0
c_5395,37,0
c_5396,37,0
c_5397,40,0
c_5398,26,0
c_5399,37,0
c_54,42,0
c_540,12,0
c_5400,40,0
c_5401,37,0
c_5402,26,0
c_5403,37,0
c_5404,26,0
c_5405,37,0
c_5406,37,0
c_5407,26,0
c_5408,26,0
c_5409,37,0
c_541,12,0
c_5410,26,0
c_5411,26,0
c_5412,26,0
c_5413,26,0
c_5414,26,0
c_5415,37,0
c_5416,40,0
c_5417,37,0
c_5418,26,0
c_5419,40,0
c_542,42,0
c_5420,37,0
c_5421,26,0
c_5422,40,0
c_5423,40,0
c_5424,37,0
c_5425,40,0
c_5426,40,0
c_5427,26,0
c_5428,26,0
c_5429,37,0
c_543,42,0
c_5430,37,0
c_5431,40,0
c_5432,26,0
c_5433,26,0
c_5434,40,0
c_5435,40,0
c_5436,26,0
c_5437,26,0
c_5438,26,0
c_5439,26,0
c_544,42,0
c_5440,40,0
c_5441,40,0
c_5442,26,0
c_5443,37,0
c_5444,40,0
c_5445,26,0
c_5446,37,0
c_5447,26,0
c_5448,37,0
c_5449,40,0
c_545,32,0
c_5450,26,0
c_5451,37,0
c_5452,40,0
c_5453,26,0
c_5454,26,0
c_5455,26,0
c_5456,37,0
c_5457,26,0
c_5458,40,0
c_5459,40,0
c_546,12,0
c_5460,37,0
c_5461,37,0
c_5462,40,0
c_5463,26,0
c_5464,40,0
c_5465,40,0
c_5466,37,0
c_5467,37,0
c_5468,26,0
c_5469,37,0
c_547,32,0
c_5470,37,0
c_5471,26,0
c_5472,26,0
c_5473,26,0
c_5474,37,0
c_5475,37,0
c_5476,37,0
c_5477,37,0
c_5478,26,0
c_5479,26,0
c_548,32,0
c_5480,40,0
c_5481,37,0
c_5482,26,0
c_5483,26,0
c_5484,37,0
c_5485,26,0
c_5486,40,0
c_5487,40,0
c_5488,40,0
c_5489,26,0
c_549,12,0
c_5490,26,0
c_5491,37,0
c_5492,37,0
c_5493,26,0
c_5494,26,0
c_5495,26,0
c_5496,26,0
c_5497,26,0
c_5498,26,0
c_5499,37,0
c_55,12,0
c_550,32,0
c_5500,26,0
c_5501,26,0
c_5502,26,0
c_5503,37,0
c_5504,26,0
c_5505,0,0
c_5506,40,0
c_5507,40,0
c_5508,40,0
c_5509,26,0
c_551,42,0
c_5510,37,0
c_5511,26,0
c_5512,37,0
c_5513,26,0
c_5514,37,0
c_5515,37,0
c_5516,26,0
c_5517,37,0
c_5518,40,0
c_5519,26,0
c_552,42,0
c_5520,37,0
c_5521,0,0
c_5522,40,0
c_5523,40,0
c_5524,37,0
c_5525,40,0
c_5526,26,0
c_5527,40,0
c_5528,0,0
c_5529,40,0
c_553,12,0
c_5530,37,0
c_5531,40,0
c_5532,26,0
c_5533,37,0
c_5534,40,0
c_5535,40,0
c_5536,0,0
c_5537,40,0
c_5538,40,0
c_5539,0,0
c_554,32,0
c_5540,37,0
c_5541,37,0
c_5542,37,0
c_5543,37,0
c_5544,40,0
c_5545,26,0
c_5546,40,0
c_5547,40,0
c_5548,26,0
c_5549,40,0
c_555,32,0
c_5550,40,0
c_5551,37,0
c_5552,37,0
c_5553,37,0
c_5554,40,0
c_5555,40,0
c_5556,0,0
c_5557,40,0
c_5558,37,0
c_5559,26,0
c_556,42,0
c_5560,26,0
c_5561,0,0
c_5562,37,0
c_5563,40,0
c_5564,40,0
c_5565,37,0
c_5566,37,0
c_5567,26,0
c_5568,40,0
c_5569,40,0
c_557,12,0
c_5570,40,0
c_5571,37,0
c_5572,37,0
c_5573,37,0
c_5574,0,0
c_5575,37,0
c_5576,40,0
c_5577,26,0
c_5578,26,0
c_5579,26,0
c_558,12,0
c_5580,26,0
c_5581,40,0
c_5582,37,0
c_5583,39,1
c_5584,40,0
c_5585,37,0
c_5586,0,0
c_5587,40,0
c_5588,26,0
c_5589,26,0
c_559,42,0
c_5590,37,0
c_5591,26,0
c_5592,40,0
c_5593,26,0
c_5594,37,0
c_5595,37,0
c_5596,26,0
c_5597,26,0
c_5598,26,0
c_5599,37,0
c_56,12,0
c_560,42,0
c_5600,37,0
c_5601,26,0
c_5602,26,0
c_5603,26,0
c_5604,37,0
c_5605,40,0
c_5606,37,0
c_5607,37,0
c_5608,0,0
c_5609,26,0
c_561,32,0
c_5610,40,0
c_5611,37,0
c_5612,40,0
c_5613,26,0
c_5614,40,0
c_5615,40,0
c_5616,37,0
c_5617,40,0
c_5618,26,0
c_5619,37,0
c_562,42,0
c_5620,26,0
c_5621,26,0
c_5622,26,0
c_5623,37,0
c_5624,40,0
c_5625,37,0
c_5626,26,0
c_5627,37,0
c_5628,40,0
c_5629,40,0
c_563,32,0
c_5630,40,0
c_5631,40,0
c_5632,40,0
c_5633,0,0
c_5634,40,0
c_5635,26,0
c_5636,37,0
c_5637,37,0
c_5638,26,0
c_5639,0,0
c_564,32,0
c_5640,26,0
c_5641,26,0
c_5642,40,0
c_5643,37,0
c_5644,40,0
c_5645,37,0
c_5646,37,0
c_5647,40,0
c_5648,40,0
c_5649,26,0
c_565,42,0
c_5650,40,0
c_5651,39,1
c_5652,40,0
c_5653,0,0
c_5654,37,0
c_5655,37,0
c_5656,0,0
c_5657,40,0
c_5658,40,0
c_5659,37,0
c_566,12,0
c_5660,37,0
c_5661,37,0
c_5662,26,0
c_5663,40,0
c_5664,40,0
c_5665,40,0
c_5666,37,0
c_5667,37,0
c_5668,37,0
c_5669,40,0
c_567,42,0
c_5670,37,0
c_5671,0,0
c_5672,26,0
c_5673,26,0
c_5674,0,0
c_5675,26,0
c_5676,26,0
c_5677,37,0
c_5678,40,0
c_5679,40,0
c_568,42,0
c_5680,37,0
c_5681,37,0
c_5682,40,0
c_5683,37,0
c_5684,37,0
c_5685,37,0
c_5686,26,0
c_5687,26,0
c_5688,40,0
c_5689,37,0
c_569,32,0
c_5690,39,1
c_5691,26,0
c_5692,37,0
c_5693,40,0
c_5694,40,0
c_5695,26,0
c_5696,26,0
c_5697,40,0
c_5698,40,0
c_5699,37,0
c_57,32,0
c_570,12,0
c_5700,37,0
c_5701,40,0
c_5702,0,0
c_5703,0,0
c_5704,40,0
c_5705,40,0
c_5706,26,0
c_5707,40,0
c_5708,40,0
c_5709,40,0
c_571,42,0
c_5710,37,0
c_5711,40,0
c_5712,37,0
c_5713,40,0
c_5714,40,0
c_5715,40,0
c_5716,37,0
c_5717,40,0
c_5718,37,0
c_5719,40,0
c_572,32,0
c_5720,0,0
c_5721,26,0
c_5722,37,0
c_5723,26,0
c_5724,26,0
c_5725,26,0
c_5726,40,0
c_5727,26,0
c_5728,26,0
c_5729,26,0
c_573,12,0
c_5730,40,0
c_5731,40,0
c_5732,37,0
c_5733,40,0
c_5734,0,0
c_5735,40,0
c_5736,40,0
c_5737,40,0
c_5738,40,0
c_5739,39,1
c_574,12,0
c_5740,37,0
c_5741,26,0
c_5742,26,0
c_5743,26,0
c_5744,37,0
c_5745,26,0
c_5746,40,0
c_5747,37,0
c_5748,40,0
c_5749,40,0
c_575,12,0
c_5750,40,0
c_5751,26,0
c_5752,26,0
c_5753,40,0
c_5754,26,0
c_5755,40,0
c_5756,40,0
c_5757,40,0
c_5759,37,0
c_576,12,0
c_5760,40,0
c_5761,37,0
c_5762,37,0
c_5763,26,0
c_5764,37,0
c_5765,37,0
c_5766,26,0
c_5767,26,0
c_5768,37,0
c_5769,40,0
c_577,42,0
c_5770,26,0
c_5771,26,0
c_5772,0,0
c_5773,37,0
c_5774,40,0
c_5775,26,0
c_5776,37,0
c_5777,0,0
c_5778,37,0
c_5779,40,0
c_578,42,0
c_5780,0,0
c_5781,40,0
c_5782,40,0
c_5783,0,0
c_5784,26,0
c_5785,40,0
c_5786,40,0
c_5787,26,0
c_5788,40,0
c_5789,0,0
c_579,12,0
c_5790,26,0
c_5791,26,0
c_5792,26,0
c_5793,40,0
c_5794,40,0
c_5795,37,0
c_5796,37,0
c_5797,40,0
c_5798,0,0
c_5799,26,0
c_58,32,0
c_580,42,0
c_5800,37,0
c_5801,40,0
c_5802,0,0
c_5803,37,0
c_5804,40,0
c_5805,40,0
c_5806,40,0
c_5807,26,0
c_5808,26,0
c_5809,40,0
c_581,42,0
c_5810,40,0
c_5811,37,0
c_5812,26,0
c_5813,40,0
c_5814,37,0
c_5815,40,0
c_5816,37,0
c_5817,26,0
c_5819,40,0
c_582,32,0
c_5820,0,0
c_5821,40,0
c_5822,39,1
c_5823,37,0
c_5824,26,0
c_5825,26,0
c_5826,0,0
c_5827,37,0
c_5828,37,0
c_583,12,0
c_5830,26,0
c_5831,0,0
c_5832,26,0
c_5833,0,0
c_5834,37,0
c_5835,37,0
c_5836,37,0
c_5837,40,0
c_5838,40,0
c_5839,26,0
c_584,32,0
c_5840,0,0
c_5841,40,0
c_5842,40,0
c_5843,26,0
c_5844,26,0
c_5845,26,0
c_5846,40,0
c_5847,40,0
c_5848,0,0
c_5849,37,0
c_585,42,0
c_5850,40,0
c_5851,40,0
c_5852,26,0
c_5853,40,0
c_5854,37,0
c_5855,37,0
c_5856,40,0
c_5857,40,0
c_5858,37,0
c_5859,40,0
c_586,42,0
c_5860,26,0
c_5861,37,0
c_5862,37,0
c_5863,40,0
c_5864,26,0
c_5865,37,0
c_5866,40,0
c_5867,40,0
c_5868,0,0
c_5869,40,0
c_587,12,0
c_5870,26,0
c_5871,0,0
c_5872,26,0
c_5873,37,0
c_5874,40,0
c_5875,26,0
c_5876,40,0
c_5877,26,0
c_5878,40,0
c_5879,0,0
c_588,32,0
c_5880,37,0
c_5881,37,0
c_5882,40,0
c_5883,40,0
c_5884,26,0
c_5885,40,0
c_5886,40,0
c_5887,26,0
c_5888,26,0
c_5889,40,0
c_589,42,0
c_5890,26,0
c_5891,37,0
c_5892,40,0
c_5893,40,0
c_5894,26,0
c_5895,26,0
c_5896,26,0
c_5897,40,0
c_5898,37,0
c_5899,37,0
c_59,12,0
c_590,32,0
c_5900,40,0
c_5901,40,0
c_5903,40,0
c_5904,26,0
c_5905,40,0
c_5906,37,0
c_5907,40,0
c_5908,0,0
c_5909,37,0
c_591,12,0
c_5910,37,0
c_5911,40,0
c_5912,40,0
c_5913,40,0
c_5914,26,0
c_5915,0,0
c_5916,37,0
c_5917,26,0
c_5918,40,0
c_5919,26,0
c_592,12,0
c_5920,26,0
c_5921,26,0
c_5922,37,0
c_5923,37,0
c_5924,26,0
c_5925,40,0
c_5926,26,0
c_5927,37,0
c_5928,40,0
c_5929,0,0
c_593,32,0
c_5930,37,0
c_5931,37,0
c_5932,37,0
c_5933,37,0
c_5934,37,0
c_5935,26,0
c_5936,40,0
c_5937,26,0
c_5938,0,0
c_5939,37,0
c_594,32,0
c_5940,37,0
c_5941,40,0
c_5942,26,0
c_5943,37,0
c_5944,37,0
c_5945,26,0
c_5946,26,0
c_5947,37,0
c_5948,40,0
c_5949,26,0
c_595,12,0
c_5950,26,0
c_5951,37,0
c_5952,40,0
c_5953,37,0
c_5954,40,0
c_5955,26,0
c_5956,40,0
c_5957,26,0
c_5958,26,0
c_5959,40,0
c_596,12,0
c_5960,40,0
c_5961,26,0
c_5962,26,0
c_5963,40,0
c_5964,40,0
c_5965,40,0
c_5966,37,0
c_5967,37,0
c_5968,26,0
c_5969,0,0
c_597,42,0
c_5970,26,0
c_5971,26,0
c_5972,40,0
c_5973,37,0
c_5974,26,0
c_5975,26,0
c_5976,26,0
c_5977,40,0
c_5978,0,0
c_5979,37,0
c_598,42,0
c_5980,40,0
c_5981,26,0
c_5982,26,0
c_5983,37,0
c_5984,40,0
c_5985,26,0
c_5986,40,0
c_5987,37,0
c_5988,40,0
c_5989,0,0
c_599,42,0
c_5990,40,0
c_5991,26,0
c_5992,40,0
c_5993,37,0
c_5994,26,0
c_5995,26,0
c_5996,0,0
c_5997,37,0
c_5998,26,0
c_5999,37,0
c_6,32,0
c_60,32,0
c_600,32,0
c_6000,37,0
c_6001,37,0
c_6002,40,0
c_6003,37,0
c_6004,37,0
c_6005,26,0
c_6006,40,0
c_6007,40,0
c_6008,26,0
c_6009,37,0
c_601,12,0
c_6010,26,0
c_6011,40,0
c_6012,40,0
c_6013,26,0
c_6014,26,0
c_6015,26,0
c_6016,40,0
c_6017,37,0
c_6018,26,0
c_6019,37,0
c_602,32,0
c_6020,40,0
c_6021,26,0
c_6022,40,0
c_6023,40,0
c_6024,26,0
c_6025,37,0
c_6026,26,0
c_6027,40,0
c_6028,26,0
c_6029,0,0
c_603,12,0
c_6030,26,0
c_6031,26,0
c_6032,40,0
c_6033,37,0
c_6034,40,0
c_6035,40,0
c_6036,37,0
c_6037,40,0
c_6038,40,0
c_6039,40,0
c_604,12,0
c_6040,26,0
c_6041,0,0
c_6042,37,0
c_6043,26,0
c_6045,0,0
c_6046,26,0
c_6047,40,0
c_6048,26,0
c_6049,37,0
c_605,32,0
c_6050,26,0
c_6051,37,0
c_6052,40,0
c_6053,37,0
c_6054,40,0
c_6055,40,0
c_6056,26,0
c_6057,40,0
c_6058,26,0
c_6059,26,0
c_606,32,0
c_6060,40,0
c_6061,37,0
c_6062,37,0
c_6063,40,0
c_6064,26,0
c_6065,40,0
c_6066,37,0
c_6067,37,0
c_6068,26,0
c_6069,0,0
c_607,42,0
c_6070,37,0
c_6071,37,0
c_6072,40,0
c_6073,37,0
c_6074,40,0
c_6075,26,0
c_6076,37,0
c_6077,26,0
c_6078,26,0
c_6079,26,0
c_608,32,0
c_6080,26,0
c_6081,37,0
c_6082,26,0
c_6083,37,0
c_6084,0,0
c_6085,37,0
c_6086,37,0
c_6087,0,0
c_6088,37,0
c_6089,26,0
c_609,32,0
c_6090,37,0
c_6091,0,0
c_6092,26,0
c_6093,37,0
c_6094,40,0
c_6095,26,0
c_6096,37,0
c_6097,26,0
c_6098,37,0
c_6099,26,0
c_61,32,0
c_610,42,0
c_6100,26,0
c_6101,40,0
c_6102,26,0
c_6103,40,0
c_6104,26,0
c_6105,37,0
c_6106,40,0
c_6107,26,0
c_6108,26,0
c_6109,0,0
c_611,32,0
c_6110,26,0
c_6111,40,0
c_6112,40,0
c_6113,37,0
c_6114,26,0
c_6115,26,0
c_6116,26,0
c_6117,40,0
c_6118,0,0
c_6119,40,0
c_612,42,0
c_6120,37,0
c_6121,37,0
c_6122,37,0
c_6123,37,0
c_6124,0,0
c_6125,37,0
c_6126,26,0
c_6127,39,1
c_6128,26,0
c_6129,37,0
c_613,42,0
c_6130,40,0
c_6131,40,0
c_6132,37,0
c_6133,0,0
c_6134,26,0
c_6135,37,0
c_6136,0,0
c_6137,26,0
c_6138,40,0
c_6139,40,0
c_614,12,0
c_6140,37,0
c_6141,0,0
c_6142,40,0
c_6143,40,0
c_6144,40,0
c_6146,26,0
c_6147,40,0
c_6148,40,0
c_6149,40,0
c_615,32,0
c_6150,37,0
c_6151,26,0
c_6152,37,0
c_6153,0,0
c_6154,26,0
c_6155,40,0
c_6156,37,0
c_6157,37,0
c_6158,26,0
c_6159,26,0
c_616,12,0
c_6160,40,0
c_6161,26,0
c_6162,40,0
c_6163,37,0
c_6164,0,0
c_6165,37,0
c_6166,37,0
c_6167,40,0
c_6168,40,0
c_6169,26,0
c_617,32,0
c_6170,26,0
c_6171,0,0
c_6172,26,0
c_6173,37,0
c_6174,40,0
c_6175,26,0
c_6176,26,0
c_6177,40,0
c_6178,26,0
c_6179,40,0
c_618,42,0
c_6180,37,0
c_6181,37,0
c_6182,40,0
c_6183,26,0
c_6184,40,0
c_6185,40,0
c_6186,26,0
c_6187,37,0
c_6188,26,0
c_6189,0,0
c_619,12,0
c_6190,37,0
c_6191,37,0
c_6192,37,0
c_6193,37,0
c_6194,37,0
c_6195,0,0
c_6196,40,0
c_6197,26,0
c_6198,37,0
c_6199,26,0
c_62,32,0
c_620,42,0
c_6200,40,0
c_6201,26,0
c_6202,26,0
c_6203,37,0
c_6204,40,0
c_6205,40,0
c_6206,40,0
c_6207,37,0
c_6208,40,0
c_6209,26,0
c_621,42,0
c_6210,37,0
c_6211,37,0
c_6212,26,0
c_6213,0,0
c_6214,0,0
c_6215,0,0
c_6216,37,0
c_6217,37,0
c_6218,26,0
c_6219,0,0
c_622,32,0
c_6220,40,0
c_6221,26,0
c_6222,37,0
c_6223,37,0
c_6224,40,0
c_6225,37,0
c_6226,40,0
c_6227,26,0
c_6228,37,0
c_6229,37,0
c_623,12,0
c_6230,37,0
c_6231,40,0
c_6232,26,0
c_6233,26,0
c_6234,40,0
c_6235,37,0
c_6236,26,0
c_6237,0,0
c_6238,26,0
c_6239,37,0
c_624,42,0
c_6240,40,0
c_6241,37,0
c_6242,37,0
c_6243,26,0
c_6244,26,0
c_6245,40,0
c_6246,37,0
c_6247,40,0
c_6248,37,0
c_6249,40,0
c_625,32,0
c_6250,0,0
c_6251,26,0
c_6252,37,0
c_6253,40,0
c_6254,26,0
c_6255,40,0
c_6256,26,0
c_6257,37,0
c_6258,26,0
c_6259,40,0
c_626,32,0
c_6260,40,0
c_6261,40,0
c_6262,37,0
c_6263,39,1
c_6264,26,0
c_6265,37,0
c_6266,37,0
c_6267,0,0
c_6268,37,0
c_6269,40,0
c_627,32,0
c_6270,40,0
c_6271,37,0
c_6272,26,0
c_6273,26,0
c_6274,37,0
c_6275,26,0
c_6276,0,0
c_6277,26,0
c_6278,0,0
c_6279,26,0
c_628,32,0
c_6280,40,0
c_6281,40,0
c_6282,40,0
c_6283,26,0
c_6284,40,0
c_6285,26,0
c_6286,40,0
c_6287,37,0
c_6288,26,0
c_6289,40,0
c_629,42,0
c_6290,40,0
c_6291,37,0
c_6292,37,0
c_6293,40,0
c_6294,26,0
c_6295,37,0
c_6296,37,0
c_6297,26,0
c_6298,40,0
c_6299,26,0
c_63,42,0
c_630,12,0
c_6300,40,0
c_6301,0,0
c_6302,0,0
c_6303,40,0
c_6304,37,0
c_6305,37,0
c_6306,40,0
c_6307,40,0
c_6308,0,0
c_6309,26,0
c_631,42,0
c_6310,40,0
c_6311,37,0
c_6312,37,0
c_6313,37,0
c_6314,37,0
c_6315,40,0
c_6316,37,0
c_6317,37,0
c_6318,40,0
c_6319,40,0
c_632,32,0
c_6320,40,0
c_6321,26,0
c_6322,37,0
c_6323,37,0
c_6324,40,0
c_6325,37,0
c_6326,26,0
c_6327,40,0
c_6328,37,0
c_6329,40,0
c_633,12,0
c_6330,37,0
c_6331,0,0
c_6332,0,0
c_6333,37,0
c_6334,0,0
c_6335,40,0
c_6336,37,0
c_6337,37,0
c_6338,40,0
c_6339,0,0
c_634,42,0
c_6340,26,0
c_6341,26,0
c_6342,0,0
c_6343,40,0
c_6344,0,0
c_6345,26,0
c_6346,40,0
c_6347,40,0
c_6348,37,0
c_6349,40,0
c_635,42,0
c_6350,0,0
c_6351,40,0
c_6352,40,0
c_6353,37,0
c_6354,26,0
c_6355,37,0
c_6356,37,0
c_6358,26,0
c_6359,40,0
c_636,32,0
c_6360,37,0
c_6361,0,0
c_6362,26,0
c_6363,37,0
c_6364,37,0
c_6365,37,0
c_6366,37,0
c_6367,40,0
c_6368,40,0
c_6369,37,0
c_637,32,0
c_6370,0,0
c_6371,26,0
c_6372,37,0
c_6373,40,0
c_6374,0,0
c_6375,40,0
c_6376,40,0
c_6377,40,0
c_6378,37,0
c_6379,37,0
c_638,12,0
c_6380,40,0
c_6381,26,0
c_6382,37,0
c_6383,37,0
c_6384,37,0
c_6385,26,0
c_6386,26,0
c_6387,39,1
c_6388,40,0
c_6389,40,0
c_639,32,0
c_6390,26,0
c_6391,37,0
c_6392,40,0
c_6393,26,0
c_6394,40,0
c_6395,26,0
c_6396,37,0
c_6397,40,0
c_6398,40,0
c_6399,26,0
c_64,42,0
c_640,32,0
c_6400,26,0
c_6401,40,0
c_6402,26,0
c_6403,26,0
c_6404,39,1
c_6405,37,0
c_6406,26,0
c_6407,0,0
c_6408,37,0
c_6409,40,0
c_641,42,0
c_6410,40,0
c_6411,37,0
c_6412,37,0
c_6413,37,0
c_6414,40,0
c_6415,37,0
c_6416,0,0
c_6417,37,0
c_6418,40,0
c_6419,26,0
c_642,32,0
c_6420,0,0
c_6421,37,0
c_6422,0,0
c_6423,0,0
c_6425,37,0
c_6426,37,0
c_6427,37,0
c_6428,37,0
c_6429,40,0
c_643,32,0
c_6430,0,0
c_6431,37,0
c_6432,26,0
c_6433,37,0
c_6434,37,0
c_6435,37,0
c_6436,37,0
c_6437,37,0
c_6438,40,0
c_6439,26,0
c_644,32,0
c_6440,40,0
c_6441,37,0
c_6442,37,0
c_6443,40,0
c_6444,26,0
c_6445,40,0
c_6446,40,0
c_6447,39,1
c_6448,26,0
c_645,32,0
c_6450,37,0
c_6451,26,0
c_6452,26,0
c_6453,37,0
c_6454,26,0
c_6455,40,0
c_6456,40,0
c_6457,40,0
c_6458,26,0
c_6459,37,0
c_646,12,0
c_6460,26,0
c_6461,0,0
c_6462,40,0
c_6463,26,0
c_6464,26,0
c_6465,26,0
c_6466,40,0
c_6467,37,0
c_6468,26,0
c_6469,26,0
c_647,42,0
c_6470,37,0
c_6471,37,0
c_6472,40,0
c_6473,40,0
c_6474,40,0
c_6475,37,0
c_6476,37,0
c_6477,40,0
c_6478,40,0
c_6479,40,0
c_648,12,0
c_6480,40,0
c_6481,26,0
c_6482,37,0
c_6483,37,0
c_6484,37,0
c_6485,0,0
c_6486,37,0
c_6487,37,0
c_6488,26,0
c_6489,26,0
c_649,42,0
c_6490,26,0
c_6491,37,0
c_6492,26,0
c_6493,40,0
c_6494,0,0
c_6495,37,0
c_6496,40,0
c_6497,26,0
c_6498,40,0
c_6499,40,0
c_65,32,0
c_650,32,0
c_6500,26,0
c_6501,26,0
c_6502,0,0
c_6503,26,0
c_6504,37,0
c_6505,37,0
c_6506,37,0
c_6507,40,0
c_6508,0,0
c_6509,40,0
c_651,32,0
c_6510,37,0
c_6511,37,0
c_6512,40,0
c_6513,40,0
c_6514,26,0
c_6515,0,0
c_6516,40,0
c_6517,26,0
c_6518,0,0
c_6519,40,0
c_652,32,0
c_6520,40,0
c_6521,26,0
c_6522,26,0
c_6523,40,0
c_6524,40,0
c_6525,26,0
c_6526,37,0
c_6527,37,0
c_6528,26,0
c_6529,37,0
c_653,32,0
c_6530,26,0
c_6531,40,0
c_6532,37,0
c_6533,37,0
c_6534,0,0
c_6535,39,1
c_6536,26,0
c_6537,40,0
c_6538,37,0
c_6539,40,0
c_654,42,0
c_6540,37,0
c_6541,40,0
c_6542,37,0
c_6543,40,0
c_6544,37,0
c_6545,40,0
c_6546,26,0
c_6547,37,0
c_6548,0,0
c_6549,26,0
c_655,12,0
c_6550,37,0
c_6551,26,0
c_6552,26,0
c_6553,26,0
c_6554,0,0
c_6555,0,0
c_6556,26,0
c_6557,37,0
c_6558,40,0
c_6559,40,0
c_656,32,0
c_6560,40,0
c_6561,40,0
c_6563,40,0
c_6564,40,0
c_6565,26,0
c_6566,0,0
c_6567,40,0
c_6568,37,0
c_6569,0,0
c_657,32,0
c_6570,40,0
c_6571,40,0
c_6572,26,0
c_6573,0,0
c_6574,37,0
c_6575,26,0
c_6576,37,0
c_6577,40,0
c_6578,37,0
c_6579,40,0
c_658,12,0
c_6580,40,0
c_6581,0,0
c_6582,40,0
c_6583,37,0
c_6584,37,0
c_6585,37,0
c_6586,37,0
c_6587,40,0
c_6588,26,0
c_6589,26,0
c_659,32,0
c_6590,40,0
c_6591,26,0
c_6592,40,0
c_6593,26,0
c_6594,40,0
c_6595,0,0
c_6596,37,0
c_6597,26,0
c_6598,40,0
c_6599,40,0
c_66,42,0
c_660,42,0
c_6600,40,0
c_6601,40,0
c_6602,26,0
c_6603,37,0
c_6604,40,0
c_6605,40,0
c_6606,26,0
c_6607,40,0
c_6608,40,0
c_6609,26,0
c_661,42,0
c_6610,40,0
c_6611,37,0
c_6612,40,0
c_6613,37,0
c_6614,40,0
c_6615,0,0
c_6616,37,0
c_6617,37,0
c_6618,40,0
c_6619,40,0
c_662,12,0
c_6620,40,0
c_6621,37,0
c_6622,37,0
c_6623,37,0
c_6624,26,0
c_6625,26,0
c_6626,37,0
c_6627,40,0
c_6628,37,0
c_6629,40,0
c_663,42,0
c_6630,40,0
c_6632,26,0
c_6633,40,0
c_6634,37,0
c_6635,26,0
c_6636,37,0
c_6637,26,0
c_6638,40,0
c_6639,40,0
c_664,42,0
c_6640,37,0
c_6641,26,0
c_6642,37,0
c_6643,37,0
c_6644,26,0
c_6645,26,0
c_6646,26,0
c_6647,40,0
c_6648,26,0
c_6649,26,0
c_665,42,0
c_6650,40,0
c_6651,40,0
c_6652,40,0
c_6653,40,0
c_6654,26,0
c_6655,40,0
c_6656,26,0
c_6657,40,0
c_6658,37,0
c_6659,26,0
c_666,42,0
c_6660,26,0
c_6661,40,0
c_6662,26,0
c_6663,37,0
c_6664,40,0
c_6665,26,0
c_6666,40,0
c_6667,37,0
c_6668,37,0
c_6669,0,0
c_667,12,0
c_6670,39,1
c_6671,26,0
c_6672,37,0
c_6673,0,0
c_6674,26,0
c_6675,40,0
c_6676,40,0
c_6677,37,0
c_6678,37,0
c_6679,0,0
c_668,32,0
c_6680,37,0
c_6681,26,0
c_6682,40,0
c_6683,37,0
c_6684,37,0
c_6685,37,0
c_6686,37,0
c_6687,26,0
c_6688,26,0
c_6689,37,0
c_669,12,0
c_6690,37,0
c_6692,26,0
c_6693,37,0
c_6694,40,0
c_6695,40,0
c_6696,40,0
c_6697,37,0
c_6698,40,0
c_6699,26,0
c_67,42,0
c_670,42,0
c_6700,26,0
c_6701,40,0
c_6702,37,0
c_6703,37,0
c_6704,26,0
c_6705,40,0
c_6706,40,0
c_6707,37,0
c_6708,26,0
c_6709,40,0
c_671,12,0
c_6710,0,0
c_6711,26,0
c_6712,26,0
c_6713,26,0
c_6715,26,0
c_6716,40,0
c_6717,26,0
c_6718,40,0
c_6719,40,0
c_672,42,0
c_6720,37,0
c_6721,40,0
c_6722,37,0
c_6723,40,0
c_6724,26,0
c_6725,26,0
c_6726,40,0
c_6727,40,0
c_6728,40,0
c_6729,37,0
c_673,32,0
c_6730,26,0
c_6731,26,0
c_6732,37,0
c_6733,40,0
c_6734,37,0
c_6735,26,0
c_6736,37,0
c_6737,37,0
c_6738,37,0
c_6739,40,0
c_674,12,0
c_6740,40,0
c_6741,37,0
c_6742,26,0
c_6743,37,0
c_6744,37,0
c_6745,37,0
c_6746,37,0
c_6747,40,0
c_6748,0,0
c_6749,26,0
c_675,42,0
c_6750,37,0
c_6751,0,0
c_6752,40,0
c_6753,37,0
c_6755,37,0
c_6756,0,0
c_6757,26,0
c_6758,37,0
c_6759,0,0
c_676,12,0
c_6760,37,0
c_6761,26,0
c_6762,37,0
c_6763,40,0
c_6764,0,0
c_6765,37,0
c_6766,26,0
c_6767,0,0
c_6768,37,0
c_6769,37,0
c_677,32,0
c_6770,40,0
c_6771,26,0
c_6772,40,0
c_6773,0,0
c_6774,0,0
c_6775,40,0
c_6776,40,0
c_6777,40,0
c_6778,37,0
c_6779,40,0
c_678,12,0
c_6780,40,0
c_6781,40,0
c_6782,40,0
c_6783,26,0
c_6784,26,0
c_6785,40,0
c_6786,37,0
c_6787,26,0
c_6788,37,0
c_6789,0,0
c_679,42,0
c_6790,0,0
c_6791,37,0
c_6792,40,0
c_6793,26,0
c_6794,39,1
c_6795,37,0
c_6796,40,0
c_6797,40,0
c_6798,26,0
c_6799,40,0
c_68,42,0
c_680,12,0
c_6800,37,0
c_6801,0,0
c_6802,26,0
c_6803,26,0
c_6804,0,0
c_6805,37,0
c_6806,37,0
c_6807,37,0
c_6808,26,0
c_6809,26,0
c_681,32,0
c_6810,40,0
c_6811,0,0
c_6812,0,0
c_6813,0,0
c_6814,40,0
c_6815,26,0
c_6816,40,0
c_6817,40,0
c_6818,40,0
c_6819,26,0
c_682,32,0
c_6820,37,0
c_6821,37,0
c_6822,40,0
c_6823,40,0
c_6824,26,0
c_6825,26,0
c_6826,26,0
c_6827,26,0
c_6828,37,0
c_6829,37,0
c_683,32,0
c_6830,40,0
c_6831,40,0
c_6832,37,0
c_6833,37,0
c_6834,40,0
c_6835,26,0
c_6836,37,0
c_6837,37,0
c_6838,40,0
c_6839,26,0
c_684,12,0
c_6840,26,0
c_6841,37,0
c_6842,0,0
c_6843,26,0
c_6844,0,0
c_6845,26,0
c_6846,40,0
c_6847,0,0
c_6848,40,0
c_6849,37,0
c_685,42,0
c_6850,39,1
c_6851,40,0
c_6852,40,0
c_6853,26,0
c_6854,0,0
c_6855,26,0
c_6856,37,0
c_6857,40,0
c_6858,26,0
c_6859,0,0
c_686,42,0
c_6860,26,0
c_6861,40,0
c_6862,40,0
c_6863,0,0
c_6864,0,0
c_6865,37,0
c_6866,37,0
c_6867,37,0
c_6868,40,0
c_6869,26,0
c_687,32,0
c_6870,26,0
c_6872,40,0
c_6873,40,0
c_6874,40,0
c_6875,26,0
c_6876,40,0
c_6877,37,0
c_6878,40,0
c_6879,0,0
c_688,42,0
c_6880,40,0
c_6882,40,0
c_6883,40,0
c_6884,40,0
c_6885,40,0
c_6886,26,0
c_6887,40,0
c_6889,37,0
c_689,42,0
c_6890,40,0
c_6891,0,0
c_6892,37,0
c_6893,37,0
c_6894,40,0
c_6895,37,0
c_6896,37,0
c_6897,40,0
c_6898,26,0
c_6899,26,0
c_69,12,0
c_690,32,0
c_6900,26,0
c_6901,37,0
c_6902,40,0
c_6903,37,0
c_6904,37,0
c_6905,37,0
c_6906,40,0
c_6907,37,0
c_6908,26,0
c_6909,26,0
c_691,32,0
c_6910,40,0
c_6911,26,0
c_6912,26,0
c_6913,37,0
c_6914,40,0
c_6915,40,0
c_6916,40,0
c_6917,40,0
c_6918,26,0
c_6919,40,0
c_692,42,0
c_6920,0,0
c_6921,26,0
c_6922,26,0
c_6923,26,0
c_6924,37,0
c_6925,26,0
c_6926,40,0
c_6927,26,0
c_6928,26,0
c_6929,40,0
c_693,32,0
c_6930,37,0
c_6931,40,0
c_6932,40,0
c_6933,26,0
c_6934,37,0
c_6935,26,0
c_6936,26,0
c_6937,26,0
c_6938,26,0
c_6939,26,0
c_694,42,0
c_6940,40,0
c_6941,26,0
c_6942,37,0
c_6943,26,0
c_6944,37,0
c_6945,37,0
c_6946,26,0
c_6947,37,0
c_6948,37,0
c_6949,40,0
c_695,32,0
c_6950,37,0
c_6951,40,0
c_6952,0,0
c_6953,26,0
c_6954,40,0
c_6955,37,0
c_6956,40,0
c_6957,37,0
c_6958,26,0
c_6959,0,0
c_696,42,0
c_6961,37,0
c_6962,26,0
c_6963,0,0
c_6964,40,0
c_6965,0,0
c_6966,37,0
c_6967,0,0
c_6968,26,0
c_6969,26,0
c_697,42,0
c_6970,37,0
c_6971,26,0
c_6972,40,0
c_6973,26,0
c_6974,0,0
c_6975,0,0
c_6976,40,0
c_6977,40,0
c_6978,26,0
c_6979,40,0
c_698,32,0
c_6980,26,0
c_6981,40,0
c_6982,37,0
c_6983,40,0
c_6984,37,0
c_6985,26,0
c_6986,26,0
c_6987,40,0
c_6988,37,0
c_6989,40,0
c_699,32,0
c_6990,37,0
c_6991,0,0
c_6992,40,0
c_6994,40,0
c_6995,40,0
c_6996,37,0
c_6997,37,0
c_6998,37,0
c_6999,40,0
c_7,32,0
c_70,12,0
c_700,32,0
c_7000,26,0
c_701,42,0
c_702,32,0
c_703,32,0
c_704,12,0
c_705,12,0
c_706,32,0
c_707,42,0
c_708,32,0
c_709,12,0
c_71,32,0
c_710,32,0
c_711,12,0
c_712,32,0
c_713,12,0
c_714,42,0
c_715,42,0
c_716,12,0
c_717,32,0
c_718,12,0
c_719,12,0
c_72,42,0
c_720,32,0
c_721,32,0
c_722,42,0
c_723,12,0
c_724,32,0
c_725,42,0
c_726,12,0
c_727,42,0
c_728,12,0
c_729,42,0
c_73,42,0
c_730,32,0
c_731,12,0
c_732,12,0
c_733,12,0
c_734,12,0
c_735,12,0
c_736,12,0
c_737,12,0
c_738,42,0
c_739,32,0
c_74,32,0
c_740,42,0
c_741,32,0
c_742,12,0
c_743,42,0
c_744,32,0
c_745,42,0
c_746,12,0
c_747,42,0
c_748,12,0
c_749,12,0
c_75,42,0
c_750,42,0
c_751,12,0
c_752,42,0
c_753,42,0
c_754,32,0
c_755,32,0
c_756,32,0
c_757,32,0
c_758,32,0
c_759,32,0
c_76,32,0
c_760,32,0
c_761,42,0
c_762,42,0
c_763,32,0
c_764,32,0
c_765,12,0
c_766,12,0
c_767,32,0
c_768,42,0
c_769,12,0
c_77,42,0
c_770,12,0
c_771,42,0
c_772,42,0
c_773,42,0
c_774,42,0
c_775,32,0
c_776,12,0
c_777,12,0
c_778,12,0
c_779,42,0
c_78,42,0
c_780,42,0
c_781,32,0
c_782,32,0
c_783,32,0
c_784,42,0
c_785,42,0
c_786,12,0
c_787,42,0
c_788,32,0
c_789,12,0
c_79,42,0
c_790,32,0
c_791,32,0
c_792,32,0
c_793,12,0
c_794,12,0
c_795,12,0
c_796,32,0
c_797,32,0
c_798,42,0
c_799,42,0
c_8,32,0
c_80,42,0
c_800,12,0
c_801,42,0
c_802,12,0
c_803,42,0
c_804,12,0
c_805,42,0
c_806,32,0
c_807,42,0
c_808,42,0
c_809,42,0
c_81,32,0
c_810,42,0
c_811,12,0
c_812,12,0
c_813,12,0
c_814,12,0
c_815,42,0
c_816,32,0
c_817,42,0
c_818,42,0
c_819,42,0
c_82,32,0
c_820,42,0
c_821,42,0
c_822,42,0
c_823,12,0
c_824,32,0
c_825,12,0
c_826,12,0
c_827,12,0
c_828,32,0
c_829,32,0
c_83,32,0
c_830,42,0
c_831,12,0
c_832,32,0
c_833,42,0
c_834,42,0
c_835,12,0
c_836,12,0
c_837,12,0
c_838,12,0
c_839,32,0
c_84,12,0
c_840,32,0
c_841,42,0
c_842,32,0
c_843,12,0
c_844,32,0
c_845,32,0
c_846,42,0
c_847,32,0
c_848,42,0
c_849,42,0
c_85,12,0
c_850,12,0
c_851,12,0
c_852,42,0
c_853,12,0
c_854,32,0
c_855,12,0
c_856,12,0
c_857,12,0
c_858,42,0
c_859,42,0
c_86,12,0
c_860,12,0
c_861,32,0
c_862,32,0
c_863,12,0
c_864,12,0
c_865,42,0
c_866,42,0
c_867,32,0
c_868,42,0
c_869,32,0
c_87,42,0
c_870,32,0
c_871,32,0
c_872,32,0
c_873,42,0
c_874,12,0
c_875,12,0
c_876,32,0
c_877,42,0
c_878,32,0
c_879,42,0
c_88,42,0
c_880,12,0
c_881,12,0
c_882,12,0
c_883,42,0
c_884,42,0
c_885,12,0
c_886,32,0
c_887,32,0
c_888,32,0
c_889,12,0
c_89,12,0
c_890,12,0
c_891,42,0
c_892,12,0
c_893,42,0
c_894,42,0
c_895,32,0
c_896,12,0
c_897,32,0
c_898,12,0
c_899,32,0
c_9,12,0
c_90,42,0
c_900,42,0
c_901,32,0
c_902,12,0
c_903,32,0
c_904,42,0
c_905,12,0
c_906,42,0
c_907,42,0
c_908,12,0
c_909,32,0
c_91,32,0
c_910,12,0
c_911,32,0
c_912,42,0
c_913,42,0
c_914,12,0
c_915,32,0
c_916,42,0
c_917,42,0
c_918,12,0
c_919,32,0
c_92,12,0
c_920,12,0
c_921,32,0
c_922,42,0
c_923,32,0
c_924,12,0
c_925,32,0
c_926,32,0
c_927,32,0
c_928,12,0
c_929,12,0
c_93,12,0
c_930,42,0
c_931,12,0
c_932,32,0
c_933,32,0
c_934,32,0
c_935,12,0
c_936,12,0
c_937,12,0
c_938,12,0
c_939,12,0
c_94,32,0
c_940,12,0
c_941,42,0
c_942,42,0
c_943,32,0
c_944,42,0
c_945,12,0
c_946,12,0
c_947,32,0
c_948,12,0
c_949,32,0
c_95,12,0
c_950,32,0
c_951,42,0
c_952,12,0
c_953,42,0
c_954,12,0
c_955,42,0
c_956,42,0
c_957,12,0
c_958,12,0
c_959,42,0
c_96,42,0
c_960,32,0
c_961,42,0
c_962,32,0
c_963,32,0
c_964,12,0
c_965,12,0
c_966,12,0
c_967,42,0
c_968,32,0
c_969,12,0
c_97,32,0
c_970,32,0
c_971,12,0
c_972,32,0
c_973,32,0
c_974,12,0
c_975,32,0
c_976,32,0
c_977,32,0
c_978,32,0
c_979,12,0
c_98,42,0
c_980,32,0
c_981,42,0
c_982,42,0
c_983,42,0
c_984,42,0
c_985,32,0
c_986,12,0
c_987,12,0
c_988,12,0
c_989,32,0
c_99,32,0
c_990,32,0
c_991,12,0
c_992,12,0
c_993,12,0
c_994,42,0
c_995,32,0
c_996,32,0
c_997,12,0
c_998,42,0
c_999,32,0
d_1,29,0
d_10,11,0
d_100,7,0
d_1000,29,0
d_1001,11,0
d_1002,11,0
d_1003,44,0
d_1004,11,0
d_1005,11,0
d_1006,11,0
d_1007,11,0
d_1008,11,0
d_1009,2,0
d_101,11,0
d_1010,7,0
d_1011,29,0
d_1012,11,0
d_1013,11,0
d_1014,7,0
d_1015,2,0
d_1016,11,0
d_1017,7,0
d_1018,2,0
d_1019,11,0
d_102,2,0
d_1020,7,0
d_1021,11,0
d_1022,7,0
d_1023,29,0
d_1024,11,0
d_1025,29,0
d_1026,29,0
d_1027,29,0
d_1028,2,0
d_1029,44,0
d_103,44,0
d_1030,29,0
d_1031,2,0
d_1032,29,0
d_1033,44,0
d_1034,11,0
d_1035,7,0
d_1036,11,0
d_1037,7,0
d_1038,44,0
d_1039,11,0
d_104,7,0
d_1040,29,0
d_1041,11,0
d_1042,29,0
d_1043,29,0
d_1044,7,0
d_1045,7,0
d_1046,7,0
d_1047,7,0
d_1048,7,0
d_1049,29,0
d_105,29,0
d_1050,29,0
d_1051,11,0
d_1052,2,0
d_1053,27,1
d_1054,7,0
d_1055,29,0
d_1056,7,0
d_1057,29,0
d_1058,7,0
d_1059,2,0
d_106,11,0
d_1060,7,0
d_1061,11,0
d_1062,11,0
d_1063,44,0
d_1064,11,0
d_1065,7,0
d_1066,29,0
d_1067,2,0
d_1068,11,0
d_1069,2,0
d_107,2,0
d_1070,7,0
d_1071,29,0
d_1072,11,0
d_1073,7,0
d_1074,11,0
d_1075,11,0
d_1076,11,0
d_1077,7,0
d_1078,11,0
d_1079,7,0
d_108,11,0
d_1080,11,0
d_1081,29,0
d_1082,11,0
d_1083,29,0
d_1084,11,0
d_1085,11,0
d_1086,11,0
d_1087,29,0
d_1088,29,0
d_1089,29,0
d_109,44,0
d_1090,44,0
d_1091,11,0
d_1092,44,0
d_1093,11,0
d_1094,7,0
d_1095,29,0
d_1096,29,0
d_1097,44,0
d_1098,29,0
d_1099,7,0
d_11,11,0
d_110,7,0
d_1100,29,0
d_1101,7,0
d_1102,29,0
d_1103,7,0
d_1104,11,0
d_1105,11,0
d_1106,11,0
d_1107,29,0
d_1108,29,0
d_1109,11,0
d_111,29,0
d_1110,11,0
d_1111,11,0
d_1112,29,0
d_1113,29,0
d_1114,11,0
d_1115,44,0
d_1116,11,0
d_1117,2,0
d_1118,44,0
d_1119,2,0
d_112,11,0
d_1120,2,0
d_1121,29,0
d_1122,2,0
d_1123,11,0
d_1124,29,0
d_1125,2,0
d_1126,2,0
d_1127,11,0
d_1128,11,0
d_1129,44,0
d_113,44,0
d_1130,29,0
d_1131,29,0
d_1132,7,0
d_1133,11,0
d_1134,29,0
d_1135,11,0
d_1136,11,0
d_1137,2,0
d_1138,7,0
d_1139,29,0
d_114,11,0
d_1140,2,0
d_1141,7,0
d_1142,29,0
d_1143,2,0
d_1144,2,0
d_1145,11,0
d_1146,2,0
d_1147,11,0
d_1148,11,0
d_1149,44,0
d_115,11,0
d_1150,7,0
d_1151,7,0
d_1152,11,0
d_1153,7,0
d_1154,11,0
d_1155,7,0
d_1156,11,0
d_1157,29,0
d_1158,29,0
d_1159,7,0
d_116,2,0
d_1160,11,0
d_1161,11,0
d_1162,29,0
d_1163,7,0
d_1164,7,0
d_1165,29,0
d_1166,29,0
d_1167,29,0
d_1168,29,0
d_1169,2,0
d_117,2,0
d_1170,7,0
d_1171,7,0
d_1172,11,0
d_1173,11,0
d_1174,11,0
d_1175,7,0
d_1176,7,0
d_1177,11,0
d_1178,7,0
d_1179,11,0
d_118,29,0
d_1180,44,0
d_1181,7,0
d_1182,29,0
d_1183,2,0
d_1184,11,0
d_1185,11,0
d_1186,44,0
d_1187,7,0
d_1188,44,0
d_1189,11,0
d_119,29,0
d_1190,11,0
d_1191,7,0
d_1192,11,0
d_1193,11,0
d_1194,11,0
d_1195,7,0
d_1196,11,0
d_1197,11,0
d_1198,7,0
d_1199,2,0
d_12,2,0
d_120,7,0
d_1200,11,0
d_1201,7,0
d_1202,11,0
d_1203,29,0
d_1204,7,0
d_1205,11,0
d_1206,11,0
d_1207,44,0
d_1208,11,0
d_1209,29,0
d_121,2,0
d_1210,11,0
d_1211,7,0
d_1212,29,0
d_1213,7,0
d_1214,29,0
d_1215,11,0
d_1216,11,0
d_1217,29,0
d_1218,29,0
d_1219,29,0
d_122,11,0
d_1220,11,0
d_1221,11,0
d_1222,7,0
d_1223,44,0
d_1224,11,0
d_1225,11,0
d_1226,44,0
d_1227,2,0
d_1228,7,0
d_1229,2,0
d_123,11,0
d_1230,2,0
d_1231,11,0
d_1232,2,0
d_1233,11,0
d_1234,29,0
d_1235,11,0
d_1236,7,0
d_1237,29,0
d_1238,11,0
d_1239,7,0
d_124,11,0
d_1240,7,0
d_1241,11,0
d_1242,29,0
d_1243,7,0
d_1244,11,0
d_1245,44,0
d_1246,29,0
d_1247,11,0
d_1248,11,0
d_1249,11,0
d_125,11,0
d_1250,29,0
d_1251,11,0
d_1252,44,0
d_1253,11,0
d_1254,11,0
d_1255,2,0
d_1256,11,0
d_1257,2,0
d_1258,7,0
d_1259,29,0
d_126,29,0
d_1260,2,0
d_1261,11,0
d_1262,29,0
d_1263,44,0
d_1264,7,0
d_1265,11,0
d_1266,29,0
d_1267,7,0
d_1268,29,0
d_1269,11,0
d_127,7,0
d_1270,11,0
d_1271,44,0
d_1272,7,0
d_1273,44,0
d_1274,44,0
d_1275,7,0
d_1276,44,0
d_1277,11,0
d_1278,11,0
d_1279,29,0
d_128,7,0
d_1280,29,0
d_1281,44,0
d_1282,7,0
d_1283,2,0
d_1284,11,0
d_1285,11,0
d_1286,7,0
d_1287,44,0
d_1288,2,0
d_1289,2,0
d_129,44,0
d_1290,29,0
d_1291,11,0
d_1292,7,0
d_1293,7,0
d_1294,29,0
d_1295,7,0
d_1296,7,0
d_1297,2,0
d_1298,11,0
d_1299,11,0
d_13,7,0
d_130,2,0
d_1300,29,0
d_1301,29,0
d_1302,7,0
d_1303,11,0
d_1304,11,0
d_1305,11,0
d_1306,11,0
d_1307,29,0
d_1308,44,0
d_1309,2,0
d_131,44,0
d_1310,29,0
d_1311,7,0
d_1312,11,0
d_1313,29,0
d_1314,11,0
d_1315,11,0
d_1316,29,0
d_1317,29,0
d_1318,29,0
d_1319,11,0
d_132,29,0
d_1320,29,0
d_1321,2,0
d_1322,11,0
d_1323,29,0
d_1324,2,0
d_1325,11,0
d_1326,29,0
d_1327,7,0
d_1328,2,0
d_1329,11,0
d_133,11,0
d_1330,2,0
d_1331,2,0
d_1332,11,0
d_1333,7,0
d_1334,44,0
d_1335,29,0
d_1336,11,0
d_1337,29,0
d_1338,7,0
d_1339,11,0
d_134,29,0
d_1340,7,0
d_1341,7,0
d_1342,11,0
d_1343,11,0
d_1344,7,0
d_1345,44,0
d_1346,7,0
d_1347,7,0
d_1348,44,0
d_1349,7,0
d_135,11,0
d_1350,7,0
d_1351,7,0
d_1352,7,0
d_1353,11,0
d_1354,11,0
d_1355,7,0
d_1356,29,0
d_1357,29,0
d_1358,11,0
d_1359,11,0
d_136,11,0
d_1360,11,0
d_1361,11,0
d_1362,11,0
d_1363,29,0
d_1364,11,0
d_1365,7,0
d_1366,29,0
d_1367,11,0
d_1368,29,0
d_1369,11,0
d_137,11,0
d_1370,11,0
d_1371,7,0
d_1372,11,0
d_1373,29,0
d_1374,11,0
d_1375,7,0
d_1376,11,0
d_1377,7,0
d_1378,7,0
d_1379,44,0
d_138,11,0
d_1380,29,0
d_1381,11,0
d_1382,7,0
d_1383,44,0
d_1384,11,0
d_1385,7,0
d_1386,7,0
d_1387,11,0
d_1388,11,0
d_1389,2,0
d_139,29,0
d_1390,2,0
d_1391,11,0
d_1392,11,0
d_1393,11,0
d_1394,11,0
d_1395,44,0
d_1396,11,0
d_1397,11,0
d_1398,29,0
d_1399,29,0
d_14,7,0
d_140,29,0
d_1400,44,0
d_1401,44,0
d_1402,44,0
d_1403,11,0
d_1404,29,0
d_1405,7,0
d_1406,11,0
d_1407,29,0
d_1408,11,0
d_1409,2,0
d_141,11,0
d_1410,29,0
d_1411,29,0
d_1412,2,0
d_1413,44,0
d_1414,11,0
d_1415,11,0
d_1416,29,0
d_1417,29,0
d_1418,7,0
d_1419,11,0
d_142,11,0
d_1420,11,0
d_1421,11,0
d_1422,7,0
d_1423,29,0
d_1424,44,0
d_1425,7,0
d_1426,11,0
d_1427,11,0
d_1428,29,0
d_1429,29,0
d_143,11,0
d_1430,11,0
d_1431,7,0
d_1432,29,0
d_1433,2,0
d_1434,11,0
d_1435,7,0
d_1436,2,0
d_1437,11,0
d_1438,2,0
d_1439,11,0
d_144,29,0
d_1440,11,0
d_1441,7,0
d_1442,11,0
d_1443,29,0
d_1444,7,0
d_1445,44,0
d_1446,11,0
d_1447,29,0
d_1448,11,0
d_1449,7,0
d_145,7,0
d_1450,29,0
d_1451,11,0
d_1452,11,0
d_1453,29,0
d_1454,11,0
d_1455,29,0
d_1456,29,0
d_1457,7,0
d_1458,29,0
d_1459,11,0
d_146,7,0
d_1460,11,0
d_1461,44,0
d_1462,11,0
d_1463,11,0
d_1464,29,0
d_1465,11,0
d_1466,7,0
d_1467,11,0
d_1468,7,0
d_1469,29,0
d_147,2,0
d_1470,7,0
d_1471,7,0
d_1472,2,0
d_1473,11,0
d_1474,7,0
d_1475,7,0
d_1476,29,0
d_1477,29,0
d_1478,7,0
d_1479,11,0
d_148,44,0
d_1480,11,0
d_1481,2,0
d_1482,7,0
d_1483,44,0
d_1484,11,0
d_1485,44,0
d_1486,11,0
d_1487,11,0
d_1488,29,0
d_1489,11,0
d_149,44,0
d_1490,11,0
d_1491,29,0
d_1492,11,0
d_1493,29,0
d_1494,2,0
d_1495,11,0
d_1496,7,0
d_1497,11,0
d_1498,29,0
d_1499,29,0
d_15,11,0
d_150,29,0
d_1500,2,0
d_1501,2,0
d_1502,11,0
d_1503,44,0
d_1504,11,0
d_1505,29,0
d_1506,44,0
d_1507,29,0
d_1508,7,0
d_1509,11,0
d_151,11,0
d_1510,2,0
d_1511,7,0
d_1512,11,0
d_1513,44,0
d_1514,11,0
d_1515,44,0
d_1516,44,0
d_1517,7,0
d_1518,11,0
d_1519,29,0
d_152,44,0
d_1520,29,0
d_1521,29,0
d_1522,44,0
d_1523,29,0
d_1524,7,0
d_1525,2,0
d_1526,11,0
d_1527,44,0
d_1528,44,0
d_1529,11,0
d_153,2,0
d_1530,29,0
d_1531,11,0
d_1532,7,0
d_1533,7,0
d_1534,11,0
d_1535,11,0
d_1536,7,0
d_1537,44,0
d_1538,2,0
d_1539,11,0
d_154,11,0
d_1540,29,0
d_1541,11,0
d_1542,11,0
d_1543,11,0
d_1544,11,0
d_1545,29,0
d_1546,11,0
d_1547,11,0
d_1548,7,0
d_1549,29,0
d_155,11,0
d_1550,2,0
d_1551,29,0
d_1552,2,0
d_1553,29,0
d_1554,29,0
d_1555,7,0
d_1556,29,0
d_1557,2,0
d_1558,2,0
d_1559,2,0
d_156,11,0
d_1560,29,0
d_1561,11,0
d_1562,11,0
d_1563,7,0
d_1564,7,0
d_1565,11,0
d_1566,29,0
d_1567,7,0
d_1568,11,0
d_1569,7,0
d_157,7,0
d_1570,44,0
d_1571,2,0
d_1572,44,0
d_1573,11,0
d_1574,7,0
d_1575,11,0
d_1576,11,0
d_1577,29,0
d_1578,11,0
d_1579,11,0
d_158,11,0
d_1580,29,0
d_1581,29,0
d_1582,11,0
d_1583,11,0
d_1584,29,0
d_1585,44,0
d_1586,44,0
d_1587,11,0
d_1588,11,0
d_1589,29,0
d_159,11,0
d_1590,7,0
d_1591,7,0
d_1592,7,0
d_1593,7,0
d_1594,29,0
d_1595,29,0
d_1596,29,0
d_1597,11,0
d_1598,7,0
d_1599,44,0
d_16,44,0
d_160,29,0
d_1600,11,0
d_1601,11,0
d_1602,29,0
d_1603,7,0
d_1604,44,0
d_1605,11,0
d_1606,11,0
d_1607,29,0
d_1608,7,0
d_1609,7,0
d_161,29,0
d_1610,11,0
d_1611,29,0
d_1612,7,0
d_1613,2,0
d_1614,29,0
d_1615,11,0
d_1616,11,0
d_1617,7,0
d_1618,11,0
d_1619,44,0
d_162,29,0
d_1620,7,0
d_1621,11,0
d_1622,7,0
d_1623,7,0
d_1624,39,1
d_1625,11,0
d_1626,29,0
d_1627,29,0
d_1628,7,0
d_1629,11,0
d_163,44,0
d_1630,11,0
d_1631,29,0
d_1632,11,0
d_1633,2,0
d_1634,2,0
d_1635,7,0
d_1636,44,0
d_1637,11,0
d_1638,44,0
d_1639,11,0
d_164,2,0
d_1640,11,0
d_1641,7,0
d_1642,29,0
d_1643,7,0
d_1644,7,0
d_1645,11,0
d_1646,7,0
d_1647,29,0
d_1648,7,0
d_1649,11,0
d_165,29,0
d_1650,7,0
d_1651,44,0
d_1652,29,0
d_1653,11,0
d_1654,29,0
d_1655,44,0
d_1656,44,0
d_1657,11,0
d_1658,7,0
d_1659,2,0
d_166,44,0
d_1660,29,0
d_1661,2,0
d_1662,11,0
d_1663,11,0
d_1664,7,0
d_1665,7,0
d_1666,11,0
d_1667,29,0
d_1668,11,0
d_1669,2,0
d_167,29,0
d_1670,29,0
d_1671,11,0
d_1672,7,0
d_1673,29,0
d_1674,7,0
d_1675,29,0
d_1676,7,0
d_1677,11,0
d_1678,7,0
d_1679,29,0
d_168,11,0
d_1680,29,0
d_1681,44,0
d_1682,44,0
d_1683,29,0
d_1684,29,0
d_1685,29,0
d_1686,11,0
d_1687,11,0
d_1688,11,0
d_1689,11,0
d_169,2,0
d_1690,29,0
d_1691,7,0
d_1692,7,0
d_1693,44,0
d_1694,7,0
d_1695,11,0
d_1696,7,0
d_1697,29,0
d_1698,2,0
d_1699,44,0
d_17,7,0
d_170,29,0
d_1700,11,0
d_1701,7,0
d_1702,11,0
d_1703,7,0
d_1704,2,0
d_1705,7,0
d_1706,7,0
d_1707,7,0
d_1708,11,0
d_1709,11,0
d_171,11,0
d_1710,11,0
d_1711,44,0
d_1712,2,0
d_1713,29,0
d_1714,29,0
d_1715,7,0
d_1716,11,0
d_1717,29,0
d_1718,29,0
d_1719,7,0
d_172,11,0
d_1720,29,0
d_1721,7,0
d_1722,11,0
d_1723,44,0
d_1724,7,0
d_1725,29,0
d_1726,29,0
d_1727,29,0
d_1728,7,0
d_1729,11,0
d_173,29,0
d_1730,7,0
d_1731,2,0
d_1732,7,0
d_1733,2,0
d_1734,11,0
d_1735,29,0
d_1736,29,0
d_1737,2,0
d_1738,29,0
d_1739,7,0
d_174,29,0
d_1740,29,0
d_1741,29,0
d_1742,11,0
d_1743,11,0
d_1744,29,0
d_1745,11,0
d_1746,7,0
d_1747,44,0
d_1748,7,0
d_1749,2,0
d_175,29,0
d_1750,29,0
d_1751,11,0
d_1752,7,0
d_1753,44,0
d_1754,29,0
d_1755,2,0
d_1756,44,0
d_1757,11,0
d_1758,44,0
d_1759,7,0
d_176,11,0
d_1760,11,0
d_1761,11,0
d_1762,7,0
d_1763,11,0
d_1764,11,0
d_1765,29,0
d_1766,2,0
d_1767,29,0
d_1768,11,0
d_1769,11,0
d_177,44,0
d_1770,7,0
d_1771,11,0
d_1772,11,0
d_1773,11,0
d_1774,11,0
d_1775,7,0
d_1776,11,0
d_1777,29,0
d_1778,29,0
d_1779,11,0
d_178,11,0
d_1780,29,0
d_1781,2,0
d_1782,11,0
d_1783,29,0
d_1784,29,0
d_1785,2,0
d_1786,29,0
d_1787,7,0
d_1788,29,0
d_1789,11,0
d_179,7,0
d_1790,29,0
d_1791,7,0
d_1792,11,0
d_1793,11,0
d_1794,2,0
d_1795,7,0
d_1796,11,0
d_1797,29,0
d_1798,44,0
d_1799,7,0
d_18,11,0
d_180,29,0
d_1800,44,0
d_1801,29,0
d_1802,11,0
d_1803,7,0
d_1804,7,0
d_1805,29,0
d_1806,29,0
d_1807,2,0
d_1808,44,0
d_1809,11,0
d_181,29,0
d_1810,29,0
d_1811,11,0
d_1812,44,0
d_1813,29,0
d_1814,29,0
d_1815,11,0
d_1816,7,0
d_1817,44,0
d_1818,44,0
d_1819,29,0
d_182,11,0
d_1820,7,0
d_1821,11,0
d_1822,7,0
d_1823,11,0
d_1824,44,0
d_1825,44,0
d_1826,7,0
d_1827,7,0
d_1828,11,0
d_1829,7,0
d_183,7,0
d_1830,29,0
d_1831,29,0
d_1832,29,0
d_1833,7,0
d_1834,29,0
d_1835,7,0
d_1836,29,0
d_1837,7,0
d_1838,29,0
d_1839,7,0
d_184,11,0
d_1840,29,0
d_1841,7,0
d_1842,44,0
d_1843,11,0
d_1844,29,0
d_1845,11,0
d_1846,7,0
d_1847,11,0
d_1848,7,0
d_1849,11,0
d_185,7,0
d_1850,29,0
d_1851,7,0
d_1852,7,0
d_1853,11,0
d_1854,7,0
d_1855,7,0
d_1856,7,0
d_1857,44,0
d_1858,44,0
d_1859,44,0
d_186,29,0
d_1860,44,0
d_1861,11,0
d_1862,7,0
d_1863,7,0
d_1864,7,0
d_1865,7,0
d_1866,11,0
d_1867,29,0
d_1868,7,0
d_1869,2,0
d_187,2,0
d_1870,29,0
d_1871,29,0
d_1872,44,0
d_1873,2,0
d_1874,29,0
d_1875,2,0
d_1876,7,0
d_1877,7,0
d_1878,29,0
d_1879,11,0
d_188,11,0
d_1880,29,0
d_1881,11,0
d_1882,11,0
d_1883,7,0
d_1884,29,0
d_1885,44,0
d_1886,7,0
d_1887,29,0
d_1888,2,0
d_1889,29,0
d_189,11,0
d_1890,29,0
d_1891,44,0
d_1892,11,0
d_1893,11,0
d_1894,11,0
d_1895,29,0
d_1896,7,0
d_1897,11,0
d_1898,11,0
d_1899,44,0
d_19,2,0
d_190,44,0
d_1900,44,0
d_1901,2,0
d_1902,29,0
d_1903,44,0
d_1904,11,0
d_1905,11,0
d_1906,29,0
d_1907,29,0
d_1908,7,0
d_1909,7,0
d_191,11,0
d_1910,44,0
d_1911,7,0
d_1912,11,0
d_1913,7,0
d_1914,7,0
d_1915,29,0
d_1916,11,0
d_1917,2,0
d_1918,7,0
d_1919,11,0
d_192,29,0
d_1920,7,0
d_1921,7,0
d_1922,7,0
d_1923,2,0
d_1924,29,0
d_1925,7,0
d_1926,29,0
d_1927,29,0
d_1928,11,0
d_1929,2,0
d_193,7,0
d_1930,11,0
d_1931,29,0
d_1932,11,0
d_1933,7,0
d_1934,11,0
d_1935,2,0
d_1936,29,0
d_1937,29,0
d_1938,29,0
d_1939,29,0
d_194,2,0
d_1940,29,0
d_1941,7,0
d_1942,7,0
d_1943,7,0
d_1944,44,0
d_1945,11,0
d_1946,7,0
d_1947,11,0
d_1948,7,0
d_1949,44,0
d_195,11,0
d_1950,29,0
d_1951,29,0
d_1952,44,0
d_1953,29,0
d_1954,29,0
d_1955,11,0
d_1956,11,0
d_1957,11,0
d_1958,44,0
d_1959,11,0
d_196,11,0
d_1960,11,0
d_1961,29,0
d_1962,29,0
d_1963,29,0
d_1964,29,0
d_1965,7,0
d_1966,11,0
d_1967,7,0
d_1968,7,0
d_1969,29,0
d_197,7,0
d_1970,29,0
d_1971,29,0
d_1972,7,0
d_1973,11,0
d_1974,11,0
d_1975,29,0
d_1976,29,0
d_1977,11,0
d_1978,11,0
d_1979,11,0
d_198,11,0
d_1980,11,0
d_1981,7,0
d_1982,11,0
d_1983,7,0
d_1984,29,0
d_1985,7,0
d_1986,2,0
d_1987,7,0
d_1988,11,0
d_1989,7,0
d_199,7,0
d_1990,7,0
d_1991,2,0
d_1992,29,0
d_1993,7,0
d_1994,11,0
d_1995,11,0
d_1996,29,0
d_1997,7,0
d_1998,7,0
d_1999,11,0
d_2,7,0
d_20,11,0
d_200,11,0
d_2000,7,0
d_2001,29,0
d_2002,7,0
d_2003,2,0
d_2004,7,0
d_2005,11,0
d_2006,44,0
d_2007,2,0
d_2008,29,0
d_2009,44,0
d_201,7,0
d_2010,44,0
d_2011,2,0
d_2012,7,0
d_2013,44,0
d_2014,29,0
d_2015,11,0
d_2016,44,0
d_2017,11,0
d_2018,11,0
d_2019,11,0
d_202,11,0
d_2020,7,0
d_2021,7,0
d_2022,29,0
d_2023,11,0
d_2024,7,0
d_2025,7,0
d_2026,2,0
d_2027,7,0
d_2028,29,0
d_2029,2,0
d_203,11,0
d_2030,2,0
d_2031,11,0
d_2032,11,0
d_2033,2,0
d_2034,11,0
d_2035,29,0
d_2036,11,0
d_2037,11,0
d_2038,2,0
d_2039,29,0
d_204,11,0
d_2040,11,0
d_2041,29,0
d_2042,2,0
d_2043,29,0
d_2044,29,0
d_2045,11,0
d_2046,29,0
d_2047,7,0
d_2048,11,0
d_2049,11,0
d_205,11,0
d_2050,2,0
d_2051,29,0
d_2052,11,0
d_2053,11,0
d_2054,44,0
d_2055,29,0
d_2056,44,0
d_2057,44,0
d_2058,44,0
d_2059,29,0
d_206,29,0
d_2060,29,0
d_2061,44,0
d_2062,11,0
d_2063,29,0
d_2064,11,0
d_2065,11,0
d_2066,11,0
d_2067,11,0
d_2068,29,0
d_2069,11,0
d_207,44,0
d_2070,7,0
d_2071,7,0
d_2072,7,0
d_2073,44,0
d_2074,11,0
d_2075,7,0
d_2076,29,0
d_2077,11,0
d_2078,11,0
d_2079,29,0
d_208,7,0
d_2080,7,0
d_2081,29,0
d_2082,2,0
d_2083,11,0
d_2084,44,0
d_2085,11,0
d_2086,44,0
d_2087,7,0
d_2088,7,0
d_2089,11,0
d_209,11,0
d_2090,29,0
d_2091,11,0
d_2092,44,0
d_2093,7,0
d_2094,11,0
d_2095,44,0
d_2096,29,0
d_2097,29,0
d_2098,29,0
d_2099,7,0
d_21,11,0
d_210,7,0
d_2100,7,0
d_2101,11,0
d_2102,7,0
d_2103,2,0
d_2104,11,0
d_2105,2,0
d_2106,11,0
d_2107,7,0
d_2108,29,0
d_2109,11,0
d_211,11,0
d_2110,7,0
d_2111,7,0
d_2112,2,0
d_2113,11,0
d_2114,11,0
d_2115,11,0
d_2116,11,0
d_2117,11,0
d_2118,7,0
d_2119,29,0
d_212,11,0
d_2120,29,0
d_2121,29,0
d_2122,7,0
d_2123,2,0
d_2124,29,0
d_2125,7,0
d_2126,29,0
d_2127,11,0
d_2128,11,0
d_2129,11,0
d_213,11,0
d_2130,11,0
d_2131,11,0
d_2132,11,0
d_2133,44,0
d_2134,29,0
d_2135,7,0
d_2136,7,0
d_2137,7,0
d_2138,29,0
d_2139,29,0
d_214,11,0
d_2140,44,0
d_2141,11,0
d_2142,44,0
d_2143,2,0
d_2144,11,0
d_2145,29,0
d_2146,7,0
d_2147,11,0
d_2148,11,0
d_2149,11,0
d_215,7,0
d_2150,7,0
d_2151,11,0
d_2152,2,0
d_2153,29,0
d_2154,7,0
d_2155,2,0
d_2156,11,0
d_2157,11,0
d_2158,11,0
d_2159,11,0
d_216,11,0
d_2160,2,0
d_2161,7,0
d_2162,11,0
d_2163,29,0
d_2164,11,0
d_2165,29,0
d_2166,11,0
d_2167,11,0
d_2168,7,0
d_2169,7,0
d_217,29,0
d_2170,7,0
d_2171,7,0
d_2172,7,0
d_2173,11,0
d_2174,7,0
d_2175,2,0
d_2176,11,0
d_2177,29,0
d_2178,29,0
d_2179,2,0
d_218,29,0
d_2180,44,0
d_2181,7,0
d_2182,11,0
d_2183,29,0
d_2184,11,0
d_2185,7,0
d_2186,29,0
d_2187,7,0
d_2188,2,0
d_2189,11,0
d_219,7,0
d_2190,29,0
d_2191,7,0
d_2192,29,0
d_2193,29,0
d_2194,11,0
d_2195,44,0
d_2196,11,0
d_2197,44,0
d_2198,44,0
d_2199,29,0
d_22,29,0
d_220,2,0
d_2200,29,0
d_2201,7,0
d_2202,29,0
d_2203,44,0
d_2204,11,0
d_2205,44,0
d_2206,7,0
d_2207,11,0
d_2208,11,0
d_2209,7,0
d_221,7,0
d_2210,7,0
d_2211,11,0
d_2212,7,0
d_2213,7,0
d_2214,11,0
d_2215,7,0
d_2216,11,0
d_2217,29,0
d_2218,44,0
d_2219,29,0
d_222,29,0
d_2220,7,0
d_2221,2,0
d_2222,29,0
d_2223,44,0
d_2224,7,0
d_2225,29,0
d_2226,11,0
d_2227,7,0
d_2228,7,0
d_2229,11,0
d_223,29,0
d_2230,2,0
d_2231,11,0
d_2232,7,0
d_2233,7,0
d_2234,29,0
d_2235,11,0
d_2236,29,0
d_2237,7,0
d_2238,44,0
d_2239,29,0
d_224,29,0
d_2240,11,0
d_2241,7,0
d_2242,7,0
d_2243,11,0
d_2244,29,0
d_2245,11,0
d_2246,29,0
d_2247,11,0
d_2248,7,0
d_2249,11,0
d_225,7,0
d_2250,29,0
d_2251,29,0
d_2252,7,0
d_2253,7,0
d_2254,7,0
d_2255,29,0
d_2256,2,0
d_2257,11,0
d_2258,29,0
d_2259,7,0
d_226,29,0
d_2260,29,0
d_2261,29,0
d_2262,44,0
d_2263,2,0
d_2264,2,0
d_2265,29,0
d_2266,29,0
d_2267,29,0
d_2268,11,0
d_2269,11,0
d_227,29,0
d_2270,11,0
d_2271,11,0
d_2272,44,0
d_2273,29,0
d_2274,11,0
d_2275,11,0
d_2276,44,0
d_2277,29,0
d_2278,11,0
d_2279,29,0
d_228,11,0
d_2280,2,0
d_2281,7,0
d_2282,7,0
d_2283,29,0
d_2284,29,0
d_2285,11,0
d_2286,11,0
d_2287,11,0
d_2288,11,0
d_2289,29,0
d_229,7,0
d_2290,2,0
d_2291,7,0
d_2292,44,0
d_2293,29,0
d_2294,11,0
d_2295,11,0
d_2296,29,0
d_2297,2,0
d_2298,29,0
d_2299,11,0
d_23,11,0
d_230,29,0
d_2300,29,0
d_2301,29,0
d_2302,29,0
d_2303,11,0
d_2304,2,0
d_2305,11,0
d_2306,44,0
d_2307,7,0
d_2308,29,0
d_2309,11,0
d_231,44,0
d_2310,29,0
d_2311,2,0
d_2312,7,0
d_2313,44,0
d_2314,29,0
d_2315,11,0
d_2316,11,0
d_2317,44,0
d_2318,11,0
d_2319,44,0
d_232,7,0
d_2320,29,0
d_2321,29,0
d_2322,2,0
d_2323,11,0
d_2324,7,0
d_2325,7,0
d_2326,2,0
d_2327,29,0
d_2328,7,0
d_2329,29,0
d_233,44,0
d_2330,11,0
d_2331,11,0
d_2332,29,0
d_2333,11,0
d_2334,29,0
d_2335,11,0
d_2336,11,0
d_2337,29,0
d_2338,7,0
d_2339,11,0
d_234,7,0
d_2340,2,0
d_2341,2,0
d_2342,11,0
d_2343,2,0
d_2344,11,0
d_2345,7,0
d_2346,29,0
d_2347,44,0
d_2348,11,0
d_2349,7,0
d_235,11,0
d_2350,11,0
d_2351,29,0
d_2352,11,0
d_2353,11,0
d_2354,11,0
d_2355,44,0
d_2356,44,0
d_2357,7,0
d_2358,7,0
d_2359,2,0
d_236,29,0
d_2360,29,0
d_2361,7,0
d_2362,44,0
d_2363,29,0
d_2364,7,0
d_2365,7,0
d_2366,7,0
d_2367,29,0
d_2368,29,0
d_2369,44,0
d_237,11,0
d_2370,29,0
d_2371,7,0
d_2372,29,0
d_2373,7,0
d_2374,29,0
d_2375,2,0
d_2376,7,0
d_2377,29,0
d_2378,29,0
d_2379,7,0
d_238,7,0
d_2380,29,0
d_2381,29,0
d_2382,7,0
d_2383,29,0
d_2384,29,0
d_2385,2,0
d_2386,7,0
d_2387,11,0
d_2388,11,0
d_2389,11,0
d_239,11,0
d_2390,11,0
d_2391,11,0
d_2392,11,0
d_2393,7,0
d_2394,44,0
d_2395,11,0
d_2396,7,0
d_2397,2,0
d_2398,7,0
d_2399,29,0
d_24,29,0
d_240,11,0
d_2400,44,0
d_2401,11,0
d_2402,7,0
d_2403,44,0
d_2404,2,0
d_2405,29,0
d_2406,7,0
d_2407,11,0
d_2408,7,0
d_2409,29,0
d_241,29,0
d_2410,11,0
d_2411,11,0
d_2412,11,0
d_2413,7,0
d_2414,44,0
d_2415,2,0
d_2416,2,0
d_2417,11,0
d_2418,11,0
d_2419,2,0
d_242,7,0
d_2420,11,0
d_2421,11,0
d_2422,29,0
d_2423,7,0
d_2424,7,0
d_2425,2,0
d_2426,11,0
d_2427,7,0
d_2428,11,0
d_2429,7,0
d_243,7,0
d_2430,29,0
d_2431,29,0
d_2432,2,0
d_2433,29,0
d_2434,2,0
d_2435,11,0
d_2436,11,0
d_2437,11,0
d_2438,7,0
d_2439,29,0
d_244,29,0
d_2440,29,0
d_2441,29,0
d_2442,11,0
d_2443,7,0
d_2444,7,0
d_2445,11,0
d_2446,7,0
d_2447,7,0
d_2448,29,0
d_2449,7,0
d_245,11,0
d_2450,11,0
d_2451,44,0
d_2452,11,0
d_2453,11,0
d_2454,7,0
d_2455,2,0
d_2456,7,0
d_2457,11,0
d_2458,7,0
d_2459,44,0
d_246,44,0
d_2460,11,0
d_2461,11,0
d_2462,2,0
d_2463,29,0
d_2464,11,0
d_2465,7,0
d_2466,29,0
d_2467,11,0
d_2468,11,0
d_2469,29,0
d_247,29,0
d_2470,11,0
d_2471,11,0
d_2472,44,0
d_2473,7,0
d_2474,2,0
d_2475,29,0
d_2476,29,0
d_2477,2,0
d_2478,29,0
d_2479,11,0
d_248,29,0
d_2480,29,0
d_2481,11,0
d_2482,29,0
d_2483,7,0
d_2484,7,0
d_2485,29,0
d_2486,7,0
d_2487,44,0
d_2488,44,0
d_2489,29,0
d_249,2,0
d_2490,2,0
d_2491,7,0
d_2492,29,0
d_2493,44,0
d_2494,11,0
d_2495,2,0
d_2496,11,0
d_2497,7,0
d_2498,11,0
d_2499,11,0
d_25,11,0
d_250,2,0
d_2500,29,0
d_2501,44,0
d_2502,2,0
d_2503,29,0
d_2504,11,0
d_2505,11,0
d_2506,7,0
d_2507,7,0
d_2508,44,0
d_2509,2,0
d_251,7,0
d_2510,11,0
d_2511,7,0
d_2512,7,0
d_2513,11,0
d_2514,11,0
d_2515,11,0
d_2516,11,0
d_2517,11,0
d_2518,7,0
d_2519,7,0
d_252,11,0
d_2520,29,0
d_2521,11,0
d_2522,11,0
d_2523,11,0
d_2524,11,0
d_2525,2,0
d_2526,2,0
d_2527,11,0
d_2528,7,0
d_2529,29,0
d_253,29,0
d_2530,11,0
d_2531,44,0
d_2532,7,0
d_2533,11,0
d_2534,7,0
d_2535,11,0
d_2536,7,0
d_2537,7,0
d_2538,11,0
d_2539,7,0
d_254,7,0
d_2540,11,0
d_2541,11,0
d_2542,2,0
d_2543,29,0
d_2544,11,0
d_2545,11,0
d_2546,7,0
d_2547,29,0
d_2548,7,0
d_2549,29,0
d_255,29,0
d_2550,7,0
d_2551,7,0
d_2552,2,0
d_2553,29,0
d_2554,11,0
d_2555,11,0
d_2556,11,0
d_2557,29,0
d_2558,11,0
d_2559,7,0
d_256,29,0
d_2560,29,0
d_2561,29,0
d_2562,11,0
d_2563,7,0
d_2564,7,0
d_2565,7,0
d_2566,29,0
d_2567,7,0
d_2568,7,0
d_2569,7,0
d_257,7,0
d_2570,7,0
d_2571,11,0
d_2572,29,0
d_2573,29,0
d_2574,11,0
d_2575,29,0
d_2576,11,0
d_2577,29,0
d_2578,7,0
d_2579,7,0
d_258,7,0
d_2580,29,0
d_2581,29,0
d_2582,29,0
d_2583,2,0
d_2584,29,0
d_2585,11,0
d_2586,29,0
d_2587,7,0
d_2588,11,0
d_2589,29,0
d_259,11,0
d_2590,44,0
d_2591,7,0
d_2592,11,0
d_2593,7,0
d_2594,11,0
d_2595,7,0
d_2596,11,0
d_2597,29,0
d_2598,11,0
d_2599,7,0
d_26,7,0
d_260,2,0
d_2600,11,0
d_2601,11,0
d_2602,2,0
d_2603,2,0
d_2604,7,0
d_2605,11,0
d_2606,11,0
d_2607,11,0
d_2608,29,0
d_2609,44,0
d_261,44,0
d_2610,29,0
d_2611,29,0
d_2612,11,0
d_2613,7,0
d_2614,2,0
d_2615,11,0
d_2616,11,0
d_2617,29,0
d_2618,7,0
d_2619,29,0
d_262,29,0
d_2620,29,0
d_2621,7,0
d_2622,44,0
d_2623,7,0
d_2624,29,0
d_2625,29,0
d_2626,11,0
d_2627,11,0
d_2628,7,0
d_2629,11,0
d_263,29,0
d_2630,2,0
d_2631,2,0
d_2632,11,0
d_2633,11,0
d_2634,44,0
d_2635,11,0
d_2636,44,0
d_2637,29,0
d_2638,44,0
d_2639,11,0
d_264,7,0
d_2640,11,0
d_2641,29,0
d_2642,29,0
d_2643,7,0
d_2644,44,0
d_2645,2,0
d_2646,29,0
d_2647,44,0
d_2648,44,0
d_2649,29,0
d_265,2,0
d_2650,11,0
d_2651,2,0
d_2652,11,0
d_2653,11,0
d_2654,11,0
d_2655,29,0
d_2656,11,0
d_2657,7,0
d_2658,11,0
d_2659,29,0
d_266,44,0
d_2660,11,0
d_2661,7,0
d_2662,7,0
d_2663,11,0
d_2664,11,0
d_2665,2,0
d_2666,29,0
d_2667,11,0
d_2668,11,0
d_2669,44,0
d_267,29,0
d_2670,11,0
d_2671,2,0
d_2672,7,0
d_2673,11,0
d_2674,11,0
d_2675,29,0
d_2676,7,0
d_2677,11,0
d_2678,11,0
d_2679,11,0
d_268,7,0
d_2680,7,0
d_2681,7,0
d_2682,2,0
d_2683,11,0
d_2684,7,0
d_2685,44,0
d_2686,29,0
d_2687,29,0
d_2688,2,0
d_2689,11,0
d_269,44,0
d_2690,11,0
d_2691,44,0
d_2692,7,0
d_2693,11,0
d_2694,29,0
d_2695,11,0
d_2696,29,0
d_2697,11,0
d_2698,11,0
d_2699,2,0
d_27,11,0
d_270,11,0
d_2700,7,0
d_2701,29,0
d_2702,2,0
d_2703,11,0
d_2704,11,0
d_2705,29,0
d_2706,29,0
d_2707,29,0
d_2708,29,0
d_2709,29,0
d_271,7,0
d_2710,7,0
d_2711,29,0
d_2712,7,0
d_2713,11,0
d_2714,2,0
d_2715,29,0
d_2716,44,0
d_2717,11,0
d_2718,29,0
d_2719,2,0
d_272,11,0
d_2720,11,0
d_2721,29,0
d_2722,7,0
d_2723,2,0
d_2724,2,0
d_2725,11,0
d_2726,29,0
d_2727,11,0
d_2728,7,0
d_2729,11,0
d_273,2,0
d_2730,11,0
d_2731,29,0
d_2732,7,0
d_2733,7,0
d_2734,11,0
d_2735,2,0
d_2736,29,0
d_2737,44,0
d_2738,11,0
d_2739,11,0
d_274,2,0
d_2740,7,0
d_2741,29,0
d_2742,29,0
d_2743,29,0
d_2744,11,0
d_2745,7,0
d_2746,7,0
d_2747,44,0
d_2748,11,0
d_2749,7,0
d_275,29,0
d_2750,29,0
d_2751,11,0
d_2752,7,0
d_2753,7,0
d_2754,11,0
d_2755,7,0
d_2756,29,0
d_2757,7,0
d_2758,11,0
d_2759,29,0
d_276,11,0
d_2760,7,0
d_2761,11,0
d_2762,11,0
d_2763,11,0
d_2764,29,0
d_2765,29,0
d_2766,29,0
d_2767,7,0
d_2768,11,0
d_2769,44,0
d_277,7,0
d_2770,11,0
d_2771,11,0
d_2772,11,0
d_2773,29,0
d_2774,29,0
d_2775,44,0
d_2776,29,0
d_2777,11,0
d_2778,29,0
d_2779,7,0
d_278,44,0
d_2780,2,0
d_2781,11,0
d_2782,11,0
d_2783,2,0
d_2784,11,0
d_2785,29,0
d_2786,2,0
d_2787,2,0
d_2788,7,0
d_2789,11,0
d_279,2,0
d_2790,29,0
d_2791,29,0
d_2792,7,0
d_2793,29,0
d_2794,2,0
d_2795,29,0
d_2796,29,0
d_2797,11,0
d_2798,7,0
d_2799,7,0
d_28,29,0
d_280,7,0
d_2800,29,0
d_2801,29,0
d_2802,11,0
d_2803,29,0
d_2804,11,0
d_2805,11,0
d_2806,29,0
d_2807,44,0
d_2808,11,0
d_2809,7,0
d_281,7,0
d_2810,29,0
d_2811,29,0
d_2812,29,0
d_2813,11,0
d_2814,2,0
d_2815,11,0
d_2816,7,0
d_2817,7,0
d_2818,11,0
d_2819,7,0
d_282,29,0
d_2820,7,0
d_2821,7,0
d_2822,7,0
d_2823,29,0
d_2824,44,0
d_2825,7,0
d_2826,2,0
d_2827,2,0
d_2828,29,0
d_2829,11,0
d_283,2,0
d_2830,29,0
d_2831,11,0
d_2832,44,0
d_2833,11,0
d_2834,29,0
d_2835,11,0
d_2836,7,0
d_2837,11,0
d_2838,29,0
d_2839,29,0
d_284,7,0
d_2840,7,0
d_2841,11,0
d_2842,44,0
d_2843,29,0
d_2844,29,0
d_2845,29,0
d_2846,11,0
d_2847,7,0
d_2848,11,0
d_2849,7,0
d_285,7,0
d_2850,29,0
d_2851,29,0
d_2852,11,0
d_2853,2,0
d_2854,11,0
d_2855,29,0
d_2856,7,0
d_2857,7,0
d_2858,29,0
d_2859,2,0
d_286,11,0
d_2860,11,0
d_2861,2,0
d_2862,29,0
d_2863,11,0
d_2864,7,0
d_2865,11,0
d_2866,44,0
d_2867,29,0
d_2868,7,0
d_2869,29,0
d_287,11,0
d_2870,7,0
d_2871,29,0
d_2872,7,0
d_2873,11,0
d_2874,44,0
d_2875,29,0
d_2876,11,0
d_2877,29,0
d_2878,2,0
d_2879,7,0
d_288,44,0
d_2880,29,0
d_2881,29,0
d_2882,11,0
d_2883,44,0
d_2884,7,0
d_2885,29,0
d_2886,11,0
d_2887,7,0
d_2888,11,0
d_2889,2,0
d_289,7,0
d_2890,29,0
d_2891,11,0
d_2892,2,0
d_2893,2,0
d_2894,29,0
d_2895,29,0
d_2896,11,0
d_2897,11,0
d_2898,29,0
d_2899,29,0
d_29,7,0
d_290,29,0
d_2900,7,0
d_2901,11,0
d_2902,29,0
d_2903,11,0
d_2904,29,0
d_2905,11,0
d_2906,7,0
d_2907,11,0
d_2908,11,0
d_2909,29,0
d_291,29,0
d_2910,7,0
d_2911,11,0
d_2912,7,0
d_2913,29,0
d_2914,29,0
d_2915,44,0
d_2916,2,0
d_2917,2,0
d_2918,11,0
d_2919,11,0
d_292,7,0
d_2920,11,0
d_2921,7,0
d_2922,29,0
d_2923,7,0
d_2924,44,0
d_2925,11,0
d_2926,11,0
d_2927,2,0
d_2928,7,0
d_2929,29,0
d_293,11,0
d_2930,29,0
d_2931,44,0
d_2932,7,0
d_2933,11,0
d_2934,2,0
d_2935,29,0
d_2936,29,0
d_2937,44,0
d_2938,11,0
d_2939,29,0
d_294,11,0
d_2940,7,0
d_2941,7,0
d_2942,29,0
d_2943,29,0
d_2944,7,0
d_2945,11,0
d_2946,11,0
d_2947,44,0
d_2948,7,0
d_2949,7,0
d_295,29,0
d_2950,11,0
d_2951,11,0
d_2952,7,0
d_2953,7,0
d_2954,2,0
d_2955,2,0
d_2956,44,0
d_2957,11,0
d_2958,7,0
d_2959,29,0
d_296,29,0
d_2960,11,0
d_2961,11,0
d_2962,11,0
d_2963,29,0
d_2964,7,0
d_2965,2,0
d_2966,11,0
d_2967,11,0
d_2968,44,0
d_2969,11,0
d_297,7,0
d_2970,7,0
d_2971,29,0
d_2972,11,0
d_2973,11,0
d_2974,11,0
d_2975,2,0
d_2976,11,0
d_2977,2,0
d_2978,29,0
d_2979,29,0
d_298,7,0
d_2980,11,0
d_2981,11,0
d_2982,29,0
d_2983,29,0
d_2984,7,0
d_2985,11,0
d_2986,11,0
d_2987,7,0
d_2988,7,0
d_2989,29,0
d_299,2,0
d_2990,29,0
d_2991,29,0
d_2992,44,0
d_2993,44,0
d_2994,11,0
d_2995,7,0
d_2996,11,0
d_2997,29,0
d_2998,11,0
d_2999,7,0
d_3,7,0
d_30,11,0
d_300,11,0
d_3000,29,0
d_3001,11,0
d_3002,7,0
d_3003,29,0
d_3004,29,0
d_3005,11,0
d_3006,11,0
d_3007,11,0
d_3008,11,0
d_3009,11,0
d_301,2,0
d_3010,7,0
d_3011,44,0
d_3012,11,0
d_3013,29,0
d_3014,29,0
d_3015,44,0
d_3016,2,0
d_3017,11,0
d_3018,2,0
d_3019,7,0
d_302,7,0
d_3020,11,0
d_3021,11,0
d_3022,11,0
d_3023,7,0
d_3024,29,0
d_3025,7,0
d_3026,11,0
d_3027,2,0
d_3028,44,0
d_3029,7,0
d_303,7,0
d_3030,44,0
d_3031,11,0
d_3032,44,0
d_3033,29,0
d_3034,7,0
d_3035,2,0
d_3036,11,0
d_3037,7,0
d_3038,7,0
d_3039,29,0
d_304,29,0
d_3040,7,0
d_3041,7,0
d_3042,7,0
d_3043,11,0
d_3044,7,0
d_3045,2,0
d_3046,29,0
d_3047,11,0
d_3048,2,0
d_3049,7,0
d_305,29,0
d_3050,29,0
d_3051,29,0
d_3052,11,0
d_3053,7,0
d_3054,11,0
d_3055,11,0
d_3056,11,0
d_3057,44,0
d_3058,2,0
d_3059,29,0
d_306,29,0
d_3060,44,0
d_3061,7,0
d_3062,29,0
d_3063,29,0
d_3064,11,0
d_3065,7,0
d_3066,11,0
d_3067,11,0
d_3068,11,0
d_3069,7,0
d_307,7,0
d_3070,2,0
d_3071,11,0
d_3072,7,0
d_3073,11,0
d_3074,7,0
d_3075,29,0
d_3076,29,0
d_3077,11,0
d_3078,29,0
d_3079,11,0
d_308,29,0
d_3080,7,0
d_3081,44,0
d_3082,29,0
d_3083,2,0
d_3084,7,0
d_3085,2,0
d_3086,11,0
d_3087,11,0
d_3088,7,0
d_3089,11,0
d_309,11,0
d_3090,7,0
d_3091,29,0
d_3092,29,0
d_3093,11,0
d_3094,7,0
d_3095,7,0
d_3096,11,0
d_3097,29,0
d_3098,29,0
d_3099,7,0
d_31,44,0
d_310,11,0
d_3100,44,0
d_3101,11,0
d_3102,44,0
d_3103,44,0
d_3104,29,0
d_3105,29,0
d_3106,29,0
d_3107,29,0
d_3108,7,0
d_3109,7,0
d_311,29,0
d_3110,44,0
d_3111,11,0
d_3112,29,0
d_3113,29,0
d_3114,11,0
d_3115,7,0
d_3116,2,0
d_3117,44,0
d_3118,7,0
d_3119,29,0
d_312,29,0
d_3120,7,0
d_3121,11,0
d_3122,11,0
d_3123,7,0
d_3124,2,0
d_3125,29,0
d_3126,11,0
d_3127,44,0
d_3128,27,1
d_3129,29,0
d_313,29,0
d_3130,11,0
d_3131,7,0
d_3132,11,0
d_3133,11,0
d_3134,11,0
d_3135,11,0
d_3136,29,0
d_3137,44,0
d_3138,44,0
d_3139,29,0
d_314,11,0
d_3140,29,0
d_3141,7,0
d_3142,44,0
d_3143,11,0
d_3144,7,0
d_3145,7,0
d_3146,11,0
d_3147,7,0
d_3148,7,0
d_3149,7,0
d_315,11,0
d_3150,11,0
d_3151,11,0
d_3152,7,0
d_3153,2,0
d_3154,2,0
d_3155,29,0
d_3156,11,0
d_3157,11,0
d_3158,2,0
d_3159,11,0
d_316,7,0
d_3160,11,0
d_3161,29,0
d_3162,44,0
d_3163,44,0
d_3164,29,0
d_3165,29,0
d_3166,11,0
d_3167,11,0
d_3168,29,0
d_3169,7,0
d_317,11,0
d_3170,11,0
d_3171,2,0
d_3172,29,0
d_3173,2,0
d_3174,2,0
d_3175,11,0
d_3176,44,0
d_3177,11,0
d_3178,11,0
d_3179,11,0
d_318,7,0
d_3180,29,0
d_3181,11,0
d_3182,44,0
d_3183,7,0
d_3184,11,0
d_3185,7,0
d_3186,7,0
d_3187,2,0
d_3188,7,0
d_3189,7,0
d_319,29,0
d_3190,7,0
d_3191,29,0
d_3192,44,0
d_3193,11,0
d_3194,11,0
d_3195,11,0
d_3196,29,0
d_3197,11,0
d_3198,11,0
d_3199,7,0
d_32,29,0
d_320,11,0
d_3200,11,0
d_3201,7,0
d_3202,44,0
d_3203,7,0
d_3204,29,0
d_3205,29,0
d_3206,29,0
d_3207,29,0
d_3208,29,0
d_3209,11,0
d_321,11,0
d_3210,7,0
d_3211,29,0
d_3212,7,0
d_3213,2,0
d_3214,7,0
d_3215,7,0
d_3216,44,0
d_3217,7,0
d_3218,11,0
d_3219,29,0
d_322,2,0
d_3220,29,0
d_3221,7,0
d_3222,44,0
d_3223,11,0
d_3224,7,0
d_3225,29,0
d_3226,44,0
d_3227,2,0
d_3228,7,0
d_3229,29,0
d_323,2,0
d_3230,11,0
d_3231,7,0
d_3232,11,0
d_3233,7,0
d_3234,29,0
d_3235,7,0
d_3236,29,0
d_3237,29,0
d_3238,11,0
d_3239,29,0
d_324,11,0
d_3240,11,0
d_3241,29,0
d_3242,7,0
d_3243,11,0
d_3244,44,0
d_3245,2,0
d_3246,11,0
d_3247,11,0
d_3248,11,0
d_3249,11,0
d_325,44,0
d_3250,11,0
d_3251,11,0
d_3252,29,0
d_3253,29,0
d_3254,11,0
d_3255,11,0
d_3256,7,0
d_3257,11,0
d_3258,29,0
d_3259,2,0
d_326,11,0
d_3260,29,0
d_3261,2,0
d_3262,7,0
d_3263,44,0
d_3264,29,0
d_3265,44,0
d_3266,2,0
d_3267,11,0
d_3268,7,0
d_3269,29,0
d_327,44,0
d_3270,44,0
d_3271,7,0
d_3272,44,0
d_3273,7,0
d_3274,44,0
d_3275,7,0
d_3276,11,0
d_3277,7,0
d_3278,29,0
d_3279,7,0
d_328,7,0
d_3280,2,0
d_3281,11,0
d_3282,7,0
d_3283,29,0
d_3284,11,0
d_3285,29,0
d_3286,2,0
d_3287,11,0
d_3288,29,0
d_3289,29,0
d_329,2,0
d_3290,7,0
d_3291,11,0
d_3292,7,0
d_3293,7,0
d_3294,11,0
d_3295,7,0
d_3296,2,0
d_3297,11,0
d_3298,11,0
d_3299,7,0
d_33,29,0
d_330,44,0
d_3300,11,0
d_3301,7,0
d_3302,11,0
d_3303,11,0
d_3304,29,0
d_3305,11,0
d_3306,29,0
d_3307,11,0
d_3308,11,0
d_3309,11,0
d_331,7,0
d_3310,29,0
d_3311,2,0
d_3312,7,0
d_3313,29,0
d_3314,11,0
d_3315,7,0
d_3316,44,0
d_3317,29,0
d_3318,11,0
d_3319,11,0
d_332,11,0
d_3320,11,0
d_3321,11,0
d_3322,29,0
d_3323,11,0
d_3324,11,0
d_3325,7,0
d_3326,11,0
d_3327,44,0
d_3328,29,0
d_3329,44,0
d_333,11,0
d_3330,7,0
d_3331,7,0
d_3332,44,0
d_3333,11,0
d_3334,29,0
d_3335,11,0
d_3336,11,0
d_3337,29,0
d_3338,44,0
d_3339,44,0
d_334,44,0
d_3340,29,0
d_3341,7,0
d_3342,7,0
d_3343,11,0
d_3344,11,0
d_3345,7,0
d_3346,11,0
d_3347,44,0
d_3348,11,0
d_3349,11,0
d_335,11,0
d_3350,11,0
d_3351,7,0
d_3352,29,0
d_3353,29,0
d_3354,7,0
d_3355,29,0
d_3356,11,0
d_3357,7,0
d_3358,29,0
d_3359,29,0
d_336,11,0
d_3360,29,0
d_3361,29,0
d_3362,29,0
d_3363,44,0
d_3364,7,0
d_3365,2,0
d_3366,7,0
d_3367,11,0
d_3368,11,0
d_3369,11,0
d_337,7,0
d_3370,11,0
d_3371,7,0
d_3372,44,0
d_3373,7,0
d_3374,44,0
d_3375,44,0
d_3376,7,0
d_3377,11,0
d_3378,29,0
d_3379,11,0
d_338,7,0
d_3380,7,0
d_3381,11,0
d_3382,11,0
d_3383,7,0
d_3384,2,0
d_3385,2,0
d_3386,11,0
d_3387,7,0
d_3388,2,0
d_3389,7,0
d_339,44,0
d_3390,7,0
d_3391,11,0
d_3392,11,0
d_3393,44,0
d_3394,29,0
d_3395,7,0
d_3396,11,0
d_3397,7,0
d_3398,7,0
d_3399,44,0
d_34,7,0
d_340,7,0
d_3400,11,0
d_3401,7,0
d_3402,7,0
d_3403,44,0
d_3404,7,0
d_3405,7,0
d_3406,11,0
d_3407,44,0
d_3408,29,0
d_3409,44,0
d_341,11,0
d_3410,11,0
d_3411,11,0
d_3412,44,0
d_3413,29,0
d_3414,7,0
d_3415,29,0
d_3416,2,0
d_3417,29,0
d_3418,11,0
d_3419,44,0
d_342,11,0
d_3420,2,0
d_3421,29,0
d_3422,2,0
d_3423,7,0
d_3424,7,0
d_3425,44,0
d_3426,11,0
d_3427,2,0
d_3428,11,0
d_3429,44,0
d_343,7,0
d_3430,29,0
d_3431,7,0
d_3432,44,0
d_3433,2,0
d_3434,44,0
d_3435,11,0
d_3436,7,0
d_3437,29,0
d_3438,7,0
d_3439,11,0
d_344,29,0
d_3440,29,0
d_3441,7,0
d_3442,11,0
d_3443,29,0
d_3444,7,0
d_3445,2,0
d_3446,29,0
d_3447,7,0
d_3448,2,0
d_3449,2,0
d_345,11,0
d_3450,11,0
d_3451,11,0
d_3452,11,0
d_3453,11,0
d_3454,7,0
d_3455,7,0
d_3456,7,0
d_3457,7,0
d_3458,2,0
d_3459,2,0
d_346,29,0
d_3460,44,0
d_3461,7,0
d_3462,7,0
d_3463,11,0
d_3464,7,0
d_3465,11,0
d_3466,11,0
d_3467,11,0
d_3468,29,0
d_3469,11,0
d_347,2,0
d_3470,7,0
d_3471,29,0
d_3472,29,0
d_3473,11,0
d_3474,7,0
d_3475,29,0
d_3476,29,0
d_3477,7,0
d_3478,44,0
d_3479,29,0
d_348,29,0
d_3480,11,0
d_3481,7,0
d_3482,29,0
d_3483,7,0
d_3484,7,0
d_3485,7,0
d_3486,44,0
d_3487,44,0
d_3488,2,0
d_3489,29,0
d_349,7,0
d_3490,7,0
d_3491,29,0
d_3492,11,0
d_3493,2,0
d_3494,11,0
d_3495,11,0
d_3496,2,0
d_3497,29,0
d_3498,11,0
d_3499,11,0
d_35,2,0
d_350,7,0
d_3500,11,0
d_3501,11,0
d_3502,29,0
d_3503,44,0
d_3504,2,0
d_3505,44,0
d_3506,29,0
d_3507,29,0
d_3508,7,0
d_3509,44,0
d_351,7,0
d_3510,29,0
d_3511,11,0
d_3512,7,0
d_3513,7,0
d_3514,7,0
d_3515,11,0
d_3516,2,0
d_3517,44,0
d_3518,11,0
d_3519,44,0
d_352,7,0
d_3520,7,0
d_3521,29,0
d_3522,29,0
d_3523,7,0
d_3524,11,0
d_3525,29,0
d_3526,11,0
d_3527,11,0
d_3528,2,0
d_3529,2,0
d_353,29,0
d_3530,7,0
d_3531,29,0
d_3532,29,0
d_3533,11,0
d_3534,11,0
d_3535,29,0
d_3536,29,0
d_3537,29,0
d_3538,2,0
d_3539,7,0
d_354,7,0
d_3540,7,0
d_3541,44,0
d_3542,44,0
d_3543,11,0
d_3544,11,0
d_3545,11,0
d_3546,11,0
d_3547,11,0
d_3548,11,0
d_3549,2,0
d_355,11,0
d_3550,2,0
d_3551,29,0
d_3552,29,0
d_3553,2,0
d_3554,2,0
d_3555,7,0
d_3556,11,0
d_3557,11,0
d_3558,11,0
d_3559,27,1
d_356,2,0
d_3560,7,0
d_3561,29,0
d_3562,7,0
d_3563,44,0
d_3564,44,0
d_3565,11,0
d_3566,11,0
d_3567,7,0
d_3568,7,0
d_3569,44,0
d_357,29,0
d_3570,7,0
d_3571,11,0
d_3572,7,0
d_3573,7,0
d_3574,44,0
d_3575,44,0
d_3576,29,0
d_3577,11,0
d_3578,11,0
d_3579,44,0
d_358,29,0
d_3580,44,0
d_3581,29,0
d_3582,11,0
d_3583,29,0
d_3584,11,0
d_3585,7,0
d_3586,2,0
d_3587,11,0
d_3588,7,0
d_3589,11,0
d_359,44,0
d_3590,2,0
d_3591,11,0
d_3592,11,0
d_3593,11,0
d_3594,11,0
d_3595,29,0
d_3596,11,0
d_3597,7,0
d_3598,11,0
d_3599,7,0
d_36,7,0
d_360,44,0
d_3600,29,0
d_3601,11,0
d_3602,7,0
d_3603,11,0
d_3604,29,0
d_3605,11,0
d_3606,11,0
d_3607,11,0
d_3608,11,0
d_3609,11,0
d_361,44,0
d_3610,11,0
d_3611,29,0
d_3612,11,0
d_3613,11,0
d_3614,11,0
d_3615,11,0
d_3616,11,0
d_3617,11,0
d_3618,2,0
d_3619,29,0
d_362,11,0
d_3620,2,0
d_3621,2,0
d_3622,29,0
d_3623,7,0
d_3624,29,0
d_3625,2,0
d_3626,11,0
d_3627,11,0
d_3628,11,0
d_3629,11,0
d_363,11,0
d_3630,11,0
d_3631,7,0
d_3632,7,0
d_3633,7,0
d_3634,11,0
d_3635,7,0
d_3636,11,0
d_3637,29,0
d_3638,7,0
d_3639,44,0
d_364,7,0
d_3640,11,0
d_3641,44,0
d_3642,11,0
d_3643,11,0
d_3644,44,0
d_3645,29,0
d_3646,2,0
d_3647,29,0
d_3648,29,0
d_3649,44,0
d_365,7,0
d_3650,11,0
d_3651,7,0
d_3652,7,0
d_3653,7,0
d_3654,2,0
d_3655,2,0
d_3656,11,0
d_3657,29,0
d_3658,7,0
d_3659,11,0
d_366,11,0
d_3660,2,0
d_3661,29,0
d_3662,11,0
d_3663,2,0
d_3664,11,0
d_3665,7,0
d_3666,7,0
d_3667,11,0
d_3668,11,0
d_3669,11,0
d_367,11,0
d_3670,2,0
d_3671,29,0
d_3672,2,0
d_3673,11,0
d_3674,7,0
d_3675,44,0
d_3676,29,0
d_3677,29,0
d_3678,7,0
d_3679,44,0
d_368,11,0
d_3680,7,0
d_3681,11,0
d_3682,2,0
d_3683,11,0
d_3684,29,0
d_3685,44,0
d_3686,2,0
d_3687,44,0
d_3688,29,0
d_3689,7,0
d_369,2,0
d_3690,11,0
d_3691,2,0
d_3692,29,0
d_3693,44,0
d_3694,2,0
d_3695,11,0
d_3696,7,0
d_3697,7,0
d_3698,11,0
d_3699,2,0
d_37,11,0
d_370,44,0
d_3700,29,0
d_3701,11,0
d_3702,11,0
d_3703,11,0
d_3704,11,0
d_3705,11,0
d_3706,7,0
d_3707,11,0
d_3708,11,0
d_3709,11,0
d_371,29,0
d_3710,7,0
d_3711,11,0
d_3712,29,0
d_3713,29,0
d_3714,29,0
d_3715,29,0
d_3716,29,0
d_3717,7,0
d_3718,44,0
d_3719,11,0
d_372,11,0
d_3720,44,0
d_3721,11,0
d_3722,11,0
d_3723,11,0
d_3724,2,0
d_3725,29,0
d_3726,29,0
d_3727,11,0
d_3728,11,0
d_3729,11,0
d_373,29,0
d_3730,29,0
d_3731,7,0
d_3732,7,0
d_3733,44,0
d_3734,11,0
d_3735,2,0
d_3736,11,0
d_3737,11,0
d_3738,11,0
d_3739,29,0
d_374,7,0
d_3740,2,0
d_3741,7,0
d_3742,11,0
d_3743,29,0
d_3744,7,0
d_3745,11,0
d_3746,29,0
d_3747,7,0
d_3748,11,0
d_3749,29,0
d_375,2,0
d_3750,11,0
d_3751,11,0
d_3752,29,0
d_3753,29,0
d_3754,7,0
d_3755,29,0
d_3756,44,0
d_3757,11,0
d_3758,7,0
d_3759,11,0
d_376,29,0
d_3760,7,0
d_3761,11,0
d_3762,11,0
d_3763,11,0
d_3764,11,0
d_3765,7,0
d_3766,2,0
d_3767,29,0
d_3768,29,0
d_3769,7,0
d_377,11,0
d_3770,7,0
d_3771,7,0
d_3772,2,0
d_3773,7,0
d_3774,29,0
d_3775,29,0
d_3776,7,0
d_3777,7,0
d_3778,7,0
d_3779,11,0
d_378,7,0
d_3780,11,0
d_3781,11,0
d_3782,11,0
d_3783,2,0
d_3784,29,0
d_3785,7,0
d_3786,2,0
d_3787,44,0
d_3788,7,0
d_3789,11,0
d_379,7,0
d_3790,11,0
d_3791,29,0
d_3792,11,0
d_3793,29,0
d_3794,2,0
d_3795,44,0
d_3796,29,0
d_3797,29,0
d_3798,11,0
d_3799,11,0
d_38,7,0
d_380,2,0
d_3800,29,0
d_3801,29,0
d_3802,11,0
d_3803,7,0
d_3804,44,0
d_3805,2,0
d_3806,44,0
d_3807,7,0
d_3808,44,0
d_3809,11,0
d_381,7,0
d_3810,11,0
d_3811,7,0
d_3812,2,0
d_3813,29,0
d_3814,11,0
d_3815,29,0
d_3816,29,0
d_3817,29,0
d_3818,7,0
d_3819,44,0
d_382,44,0
d_3820,7,0
d_3821,7,0
d_3822,11,0
d_3823,29,0
d_3824,11,0
d_3825,11,0
d_3826,7,0
d_3827,11,0
d_3828,11,0
d_3829,11,0
d_383,11,0
d_3830,29,0
d_3831,11,0
d_3832,29,0
d_3833,29,0
d_3834,29,0
d_3835,29,0
d_3836,29,0
d_3837,29,0
d_3838,11,0
d_3839,29,0
d_384,11,0
d_3840,11,0
d_3841,11,0
d_3842,2,0
d_3843,2,0
d_3844,11,0
d_3845,2,0
d_3846,7,0
d_3847,2,0
d_3848,2,0
d_3849,11,0
d_385,7,0
d_3850,11,0
d_3851,11,0
d_3852,29,0
d_3853,29,0
d_3854,2,0
d_3855,7,0
d_3856,11,0
d_3857,44,0
d_3858,11,0
d_3859,29,0
d_386,29,0
d_3860,7,0
d_3861,7,0
d_3862,11,0
d_3863,44,0
d_3864,44,0
d_3865,29,0
d_3866,44,0
d_3867,29,0
d_3868,29,0
d_3869,29,0
d_387,44,0
d_3870,29,0
d_3871,11,0
d_3872,7,0
d_3873,7,0
d_3874,29,0
d_3875,29,0
d_3876,11,0
d_3877,44,0
d_3878,7,0
d_3879,7,0
d_388,29,0
d_3880,7,0
d_3881,2,0
d_3882,11,0
d_3883,44,0
d_3884,29,0
d_3885,29,0
d_3886,29,0
d_3887,7,0
d_3888,44,0
d_3889,7,0
d_389,11,0
d_3890,11,0
d_3891,44,0
d_3892,29,0
d_3893,7,0
d_3894,11,0
d_3895,11,0
d_3896,44,0
d_3897,29,0
d_3898,11,0
d_3899,29,0
d_39,11,0
d_390,11,0
d_3900,7,0
d_3901,44,0
d_3902,44,0
d_3903,2,0
d_3904,11,0
d_3905,11,0
d_3906,39,1
d_3907,11,0
d_3908,7,0
d_3909,11,0
d_391,7,0
d_3910,2,0
d_3911,29,0
d_3912,7,0
d_3913,29,0
d_3914,2,0
d_3915,11,0
d_3916,29,0
d_3917,29,0
d_3918,11,0
d_3919,7,0
d_392,44,0
d_3920,44,0
d_3921,2,0
d_3922,11,0
d_3923,7,0
d_3924,11,0
d_3925,29,0
d_3926,2,0
d_3927,2,0
d_3928,7,0
d_3929,29,0
d_393,29,0
d_3930,29,0
d_3931,11,0
d_3932,44,0
d_3933,7,0
d_3934,29,0
d_3935,11,0
d_3936,7,0
d_3937,7,0
d_3938,11,0
d_3939,29,0
d_394,44,0
d_3940,44,0
d_3941,11,0
d_3942,11,0
d_3943,29,0
d_3944,11,0
d_3945,44,0
d_3946,29,0
d_3947,11,0
d_3948,7,0
d_3949,7,0
d_395,29,0
d_3950,11,0
d_3951,11,0
d_3952,7,0
d_3953,11,0
d_3954,29,0
d_3955,7,0
d_3956,11,0
d_3957,11,0
d_3958,44,0
d_3959,29,0
d_396,11,0
d_3960,44,0
d_3961,29,0
d_3962,44,0
d_3963,44,0
d_3964,29,0
d_3965,11,0
d_3966,44,0
d_3967,11,0
d_3968,44,0
d_3969,44,0
d_397,7,0
d_3970,7,0
d_3971,11,0
d_3972,44,0
d_3973,7,0
d_3974,11,0
d_3975,29,0
d_3976,11,0
d_3977,7,0
d_3978,2,0
d_3979,29,0
d_398,29,0
d_3980,44,0
d_3981,29,0
d_3982,7,0
d_3983,2,0
d_3984,11,0
d_3985,11,0
d_3986,2,0
d_3987,11,0
d_3988,2,0
d_3989,7,0
d_399,29,0
d_3990,11,0
d_3991,11,0
d_3992,29,0
d_3993,7,0
d_3994,2,0
d_3995,2,0
d_3996,44,0
d_3997,44,0
d_3998,29,0
d_3999,7,0
d_4,29,0
d_40,2,0
d_400,11,0
d_4000,11,0
d_4001,36,0
d_4002,3,0
d_4003,3,0
d_4004,36,0
d_4005,49,0
d_4006,31,0
d_4007,25,0
d_4008,10,1
d_4009,25,0
d_401,11,0
d_4010,25,0
d_4011,49,0
d_4012,31,0
d_4013,3,0
d_4014,3,0
d_4015,25,0
d_4016,31,0
d_4017,3,0
d_4018,25,0
d_4019,31,0
d_402,2,0
d_4020,25,0
d_4021,25,0
d_4022,36,0
d_4023,25,0
d_4024,36,0
d_4025,49,0
d_4026,3,0
d_4027,25,0
d_4028,36,0
d_4029,3,0
d_403,7,0
d_4030,25,0
d_4031,31,0
d_4032,36,0
d_4033,36,0
d_4034,3,0
d_4035,31,0
d_4036,3,0
d_4037,25,0
d_4038,3,0
d_4039,25,0
d_404,2,0
d_4040,49,0
d_4041,36,0
d_4042,36,0
d_4043,25,0
d_4044,10,1
d_4045,3,0
d_4046,25,0
d_4047,3,0
d_4048,10,1
d_4049,31,0
d_405,11,0
d_4050,25,0
d_4051,25,0
d_4052,3,0
d_4053,36,0
d_4054,25,0
d_4055,31,0
d_4056,31,0
d_4057,36,0
d_4058,25,0
d_4059,25,0
d_406,29,0
d_4060,3,0
d_4061,31,0
d_4062,36,0
d_4063,25,0
d_4064,25,0
d_4065,49,0
d_4066,49,0
d_4067,36,0
d_4068,25,0
d_4069,25,0
d_407,11,0
d_4070,36,0
d_4071,49,0
d_4072,25,0
d_4073,3,0
d_4074,25,0
d_4075,3,0
d_4076,25,0
d_4077,36,0
d_4078,49,0
d_4079,31,0
d_408,11,0
d_4080,25,0
d_4081,3,0
d_4082,49,0
d_4083,36,0
d_4084,3,0
d_4085,3,0
d_4086,25,0
d_4087,3,0
d_4088,3,0
d_4089,25,0
d_409,7,0
d_4090,10,1
d_4091,49,0
d_4092,25,0
d_4093,25,0
d_4094,3,0
d_4095,36,0
d_4096,49,0
d_4097,3,0
d_4098,31,0
d_4099,31,0
d_41,29,0
d_410,44,0
d_4100,3,0
d_4101,25,0
d_4102,31,0
d_4103,31,0
d_4104,3,0
d_4105,36,0
d_4106,25,0
d_4107,10,1
d_4108,25,0
d_4109,31,0
d_411,11,0
d_4110,3,0
d_4111,36,0
d_4112,25,0
d_4113,31,0
d_4114,25,0
d_4115,25,0
d_4116,49,0
d_4117,31,0
d_4118,36,0
d_4119,36,0
d_412,11,0
d_4120,3,0
d_4121,31,0
d_4122,25,0
d_4123,25,0
d_4124,25,0
d_4125,49,0
d_4126,36,0
d_4127,3,0
d_4128,3,0
d_4129,31,0
d_413,44,0
d_4130,31,0
d_4131,31,0
d_4132,36,0
d_4133,49,0
d_4134,36,0
d_4135,25,0
d_4136,49,0
d_4137,25,0
d_4138,25,0
d_4139,36,0
d_414,11,0
d_4140,36,0
d_4141,25,0
d_4142,25,0
d_4143,25,0
d_4144,36,0
d_4145,3,0
d_4146,3,0
d_4147,31,0
d_4148,31,0
d_4149,31,0
d_415,29,0
d_4150,36,0
d_4151,49,0
d_4152,31,0
d_4153,31,0
d_4154,25,0
d_4155,25,0
d_4156,25,0
d_4157,3,0
d_4158,25,0
d_4159,25,0
d_416,11,0
d_4160,36,0
d_4161,36,0
d_4162,36,0
d_4163,31,0
d_4164,31,0
d_4165,36,0
d_4166,31,0
d_4167,36,0
d_4168,25,0
d_4169,31,0
d_417,11,0
d_4170,36,0
d_4171,10,1
d_4172,25,0
d_4173,36,0
d_4174,36,0
d_4175,36,0
d_4176,25,0
d_4177,31,0
d_4178,10,1
d_4179,3,0
d_418,11,0
d_4180,36,0
d_4181,36,0
d_4182,25,0
d_4183,3,0
d_4184,49,0
d_4185,3,0
d_4186,36,0
d_4187,31,0
d_4188,25,0
d_4189,25,0
d_419,7,0
d_4190,31,0
d_4191,25,0
d_4192,36,0
d_4193,3,0
d_4194,10,1
d_4195,25,0
d_4196,25,0
d_4197,3,0
d_4198,25,0
d_4199,3,0
d_42,29,0
d_420,29,0
d_4200,49,0
d_4201,3,0
d_4202,25,0
d_4203,25,0
d_4204,25,0
d_4205,25,0
d_4206,36,0
d_4207,31,0
d_4208,3,0
d_4209,49,0
d_421,11,0
d_4210,3,0
d_4211,49,0
d_4212,25,0
d_4213,25,0
d_4214,25,0
d_4215,3,0
d_4216,25,0
d_4217,36,0
d_4218,36,0
d_4219,3,0
d_422,11,0
d_4220,31,0
d_4221,3,0
d_4222,36,0
d_4223,36,0
d_4224,36,0
d_4225,3,0
d_4226,36,0
d_4227,36,0
d_4228,49,0
d_4229,3,0
d_423,7,0
d_4230,36,0
d_4231,31,0
d_4232,3,0
d_4233,10,1
d_4234,3,0
d_4235,25,0
d_4236,36,0
d_4237,25,0
d_4238,3,0
d_4239,25,0
d_424,11,0
d_4240,25,0
d_4241,36,0
d_4242,3,0
d_4243,3,0
d_4244,36,0
d_4245,25,0
d_4246,31,0
d_4247,36,0
d_4248,36,0
d_4249,49,0
d_425,11,0
d_4250,31,0
d_4251,3,0
d_4252,49,0
d_4253,36,0
d_4254,3,0
d_4255,36,0
d_4256,36,0
d_4257,31,0
d_4258,3,0
d_4259,25,0
d_426,11,0
d_4260,49,0
d_4261,31,0
d_4262,36,0
d_4263,36,0
d_4264,3,0
d_4265,31,0
d_4266,31,0
d_4267,36,0
d_4268,3,0
d_4269,31,0
d_427,11,0
d_4270,49,0
d_4271,3,0
d_4272,49,0
d_4273,31,0
d_4274,31,0
d_4275,36,0
d_4276,25,0
d_4277,3,0
d_4278,10,1
d_4279,31,0
d_428,11,0
d_4280,3,0
d_4281,3,0
d_4282,36,0
d_4283,31,0
d_4284,3,0
d_4285,3,0
d_4286,25,0
d_4287,25,0
d_4288,31,0
d_4289,31,0
d_429,7,0
d_4290,36,0
d_4291,36,0
d_4292,3,0
d_4293,49,0
d_4294,25,0
d_4295,36,0
d_4296,36,0
d_4297,3,0
d_4298,3,0
d_4299,31,0
d_43,11,0
d_430,7,0
d_4300,25,0
d_4301,10,1
d_4302,3,0
d_4303,3,0
d_4304,31,0
d_4305,36,0
d_4306,36,0
d_4307,3,0
d_4308,36,0
d_4309,25,0
d_431,11,0
d_4310,25,0
d_4311,36,0
d_4312,36,0
d_4313,36,0
d_4314,25,0
d_4315,10,1
d_4316,3,0
d_4317,49,0
d_4318,3,0
d_4319,36,0
d_432,11,0
d_4320,25,0
d_4321,10,1
d_4322,31,0
d_4323,31,0
d_4324,25,0
d_4325,31,0
d_4326,25,0
d_4327,31,0
d_4328,3,0
d_4329,31,0
d_433,29,0
d_4330,31,0
d_4331,3,0
d_4332,25,0
d_4333,25,0
d_4334,31,0
d_4335,25,0
d_4336,25,0
d_4337,3,0
d_4338,3,0
d_4339,31,0
d_434,11,0
d_4340,3,0
d_4341,25,0
d_4342,25,0
d_4343,3,0
d_4344,36,0
d_4345,49,0
d_4346,36,0
d_4347,10,1
d_4348,36,0
d_4349,3,0
d_435,29,0
d_4350,3,0
d_4351,3,0
d_4352,31,0
d_4353,36,0
d_4354,3,0
d_4355,49,0
d_4356,31,0
d_4357,36,0
d_4358,36,0
d_4359,31,0
d_436,7,0
d_4360,31,0
d_4361,10,1
d_4362,49,0
d_4363,25,0
d_4364,3,0
d_4365,3,0
d_4366,25,0
d_4367,10,1
d_4368,25,0
d_4369,10,1
d_437,11,0
d_4370,31,0
d_4371,36,0
d_4372,25,0
d_4373,36,0
d_4374,3,0
d_4375,10,1
d_4376,36,0
d_4377,25,0
d_4378,3,0
d_4379,3,0
d_438,7,0
d_4380,31,0
d_4381,3,0
d_4382,31,0
d_4383,25,0
d_4384,25,0
d_4385,3,0
d_4386,36,0
d_4387,31,0
d_4388,36,0
d_4389,25,0
d_439,29,0
d_4390,25,0
d_4391,3,0
d_4392,31,0
d_4393,36,0
d_4394,31,0
d_4395,36,0
d_4396,25,0
d_4397,3,0
d_4398,36,0
d_4399,36,0
d_44,2,0
d_440,44,0
d_4400,25,0
d_4401,25,0
d_4402,31,0
d_4403,3,0
d_4404,31,0
d_4405,10,1
d_4406,36,0
d_4407,49,0
d_4408,25,0
d_4409,3,0
d_441,29,0
d_4410,31,0
d_4411,25,0
d_4412,25,0
d_4413,31,0
d_4414,49,0
d_4415,36,0
d_4416,25,0
d_4417,25,0
d_4418,25,0
d_4419,3,0
d_442,44,0
d_4420,36,0
d_4421,25,0
d_4422,25,0
d_4423,3,0
d_4424,49,0
d_4425,25,0
d_4426,25,0
d_4427,49,0
d_4428,25,0
d_4429,3,0
d_443,11,0
d_4430,3,0
d_4431,49,0
d_4432,25,0
d_4433,36,0
d_4434,25,0
d_4435,36,0
d_4436,3,0
d_4437,25,0
d_4438,3,0
d_4439,36,0
d_444,29,0
d_4440,31,0
d_4441,36,0
d_4442,31,0
d_4443,25,0
d_4444,36,0
d_4445,25,0
d_4446,36,0
d_4447,25,0
d_4448,31,0
d_4449,49,0
d_445,11,0
d_4450,25,0
d_4451,3,0
d_4452,49,0
d_4453,36,0
d_4454,31,0
d_4455,31,0
d_4456,49,0
d_4457,25,0
d_4458,3,0
d_4459,3,0
d_446,29,0
d_4460,31,0
d_4461,10,1
d_4462,36,0
d_4463,49,0
d_4464,25,0
d_4465,25,0
d_4466,25,0
d_4467,49,0
d_4468,36,0
d_4469,3,0
d_447,11,0
d_4470,36,0
d_4471,25,0
d_4472,36,0
d_4473,31,0
d_4474,36,0
d_4475,31,0
d_4476,31,0
d_4477,25,0
d_4478,3,0
d_4479,10,1
d_448,2,0
d_4480,3,0
d_4481,31,0
d_4482,3,0
d_4483,36,0
d_4484,31,0
d_4485,3,0
d_4486,31,0
d_4487,3,0
d_4488,49,0
d_4489,49,0
d_449,11,0
d_4490,3,0
d_4491,3,0
d_4492,31,0
d_4493,25,0
d_4494,36,0
d_4495,3,0
d_4496,31,0
d_4497,3,0
d_4498,49,0
d_4499,25,0
d_45,7,0
d_450,11,0
d_4500,31,0
d_4501,25,0
d_4502,36,0
d_4503,25,0
d_4504,3,0
d_4505,25,0
d_4506,25,0
d_4507,36,0
d_4508,36,0
d_4509,31,0
d_451,7,0
d_4510,3,0
d_4511,3,0
d_4512,36,0
d_4513,31,0
d_4514,25,0
d_4515,25,0
d_4516,31,0
d_4517,36,0
d_4518,49,0
d_4519,49,0
d_452,11,0
d_4520,36,0
d_4521,3,0
d_4522,3,0
d_4523,36,0
d_4524,3,0
d_4525,36,0
d_4526,10,1
d_4527,3,0
d_4528,3,0
d_4529,25,0
d_453,29,0
d_4530,25,0
d_4531,36,0
d_4532,3,0
d_4533,25,0
d_4534,25,0
d_4535,49,0
d_4536,36,0
d_4537,25,0
d_4538,3,0
d_4539,31,0
d_454,29,0
d_4540,3,0
d_4541,36,0
d_4542,36,0
d_4543,36,0
d_4544,25,0
d_4545,3,0
d_4546,31,0
d_4547,25,0
d_4548,3,0
d_4549,36,0
d_455,2,0
d_4550,49,0
d_4551,25,0
d_4552,31,0
d_4553,25,0
d_4554,36,0
d_4555,3,0
d_4556,31,0
d_4557,3,0
d_4558,3,0
d_4559,3,0
d_456,11,0
d_4560,31,0
d_4561,3,0
d_4562,31,0
d_4563,3,0
d_4564,36,0
d_4565,31,0
d_4566,36,0
d_4567,25,0
d_4568,36,0
d_4569,3,0
d_457,11,0
d_4570,36,0
d_4571,49,0
d_4572,3,0
d_4573,25,0
d_4574,36,0
d_4575,25,0
d_4576,25,0
d_4577,36,0
d_4578,36,0
d_4579,25,0
d_458,7,0
d_4580,36,0
d_4581,3,0
d_4582,36,0
d_4583,25,0
d_4584,49,0
d_4585,36,0
d_4586,3,0
d_4587,25,0
d_4588,3,0
d_4589,36,0
d_459,7,0
d_4590,31,0
d_4591,3,0
d_4592,10,1
d_4593,36,0
d_4594,25,0
d_4595,3,0
d_4596,10,1
d_4597,3,0
d_4598,3,0
d_4599,31,0
d_46,11,0
d_460,44,0
d_4600,49,0
d_4601,25,0
d_4602,25,0
d_4603,3,0
d_4604,3,0
d_4605,3,0
d_4606,36,0
d_4607,36,0
d_4608,25,0
d_4609,25,0
d_461,11,0
d_4610,49,0
d_4611,36,0
d_4612,36,0
d_4613,3,0
d_4614,25,0
d_4615,36,0
d_4616,3,0
d_4617,31,0
d_4618,25,0
d_4619,3,0
d_462,29,0
d_4620,25,0
d_4621,31,0
d_4622,31,0
d_4623,36,0
d_4624,10,1
d_4625,36,0
d_4626,3,0
d_4627,3,0
d_4628,10,1
d_4629,25,0
d_463,11,0
d_4630,10,1
d_4631,3,0
d_4632,3,0
d_4633,25,0
d_4634,36,0
d_4635,10,1
d_4636,31,0
d_4637,31,0
d_4638,25,0
d_4639,49,0
d_464,11,0
d_4640,31,0
d_4641,31,0
d_4642,49,0
d_4643,36,0
d_4644,36,0
d_4645,31,0
d_4646,36,0
d_4647,36,0
d_4648,3,0
d_4649,31,0
d_465,11,0
d_4650,25,0
d_4651,3,0
d_4652,25,0
d_4653,10,1
d_4654,49,0
d_4655,25,0
d_4656,25,0
d_4657,36,0
d_4658,36,0
d_4659,36,0
d_466,11,0
d_4660,25,0
d_4661,31,0
d_4662,3,0
d_4663,25,0
d_4664,49,0
d_4665,3,0
d_4666,36,0
d_4667,36,0
d_4668,31,0
d_4669,36,0
d_467,11,0
d_4670,36,0
d_4671,36,0
d_4672,49,0
d_4673,25,0
d_4674,36,0
d_4675,25,0
d_4676,36,0
d_4677,3,0
d_4678,31,0
d_4679,3,0
d_468,29,0
d_4680,31,0
d_4681,31,0
d_4682,36,0
d_4683,3,0
d_4684,49,0
d_4685,49,0
d_4686,36,0
d_4687,36,0
d_4688,31,0
d_4689,31,0
d_469,7,0
d_4690,36,0
d_4691,31,0
d_4692,36,0
d_4693,36,0
d_4694,36,0
d_4695,3,0
d_4696,36,0
d_4697,3,0
d_4698,3,0
d_4699,31,0
d_47,7,0
d_470,29,0
d_4700,31,0
d_4701,31,0
d_4702,3,0
d_4703,36,0
d_4704,36,0
d_4705,31,0
d_4706,36,0
d_4707,3,0
d_4708,49,0
d_4709,49,0
d_471,11,0
d_4710,10,1
d_4711,36,0
d_4712,36,0
d_4713,3,0
d_4714,31,0
d_4715,49,0
d_4716,3,0
d_4717,36,0
d_4718,25,0
d_4719,3,0
d_472,29,0
d_4720,3,0
d_4721,25,0
d_4722,10,1
d_4723,3,0
d_4724,25,0
d_4725,25,0
d_4726,25,0
d_4727,25,0
d_4728,36,0
d_4729,49,0
d_473,2,0
d_4730,3,0
d_4731,36,0
d_4732,25,0
d_4733,31,0
d_4734,49,0
d_4735,31,0
d_4736,25,0
d_4737,36,0
d_4738,25,0
d_4739,36,0
d_474,29,0
d_4740,3,0
d_4741,3,0
d_4742,3,0
d_4743,36,0
d_4744,36,0
d_4745,25,0
d_4746,49,0
d_4747,3,0
d_4748,36,0
d_4749,3,0
d_475,2,0
d_4750,31,0
d_4751,3,0
d_4752,31,0
d_4753,3,0
d_4754,10,1
d_4755,25,0
d_4756,10,1
d_4757,3,0
d_4758,31,0
d_4759,36,0
d_476,44,0
d_4760,25,0
d_4761,25,0
d_4762,25,0
d_4763,36,0
d_4764,49,0
d_4765,31,0
d_4766,36,0
d_4767,36,0
d_4768,25,0
d_4769,31,0
d_477,11,0
d_4770,3,0
d_4771,49,0
d_4772,3,0
d_4773,3,0
d_4774,25,0
d_4775,36,0
d_4776,31,0
d_4777,36,0
d_4778,3,0
d_4779,10,1
d_478,7,0
d_4780,3,0
d_4781,25,0
d_4782,25,0
d_4783,36,0
d_4784,49,0
d_4785,25,0
d_4786,3,0
d_4787,31,0
d_4788,31,0
d_4789,10,1
d_479,44,0
d_4790,25,0
d_4791,31,0
d_4792,25,0
d_4793,3,0
d_4794,25,0
d_4795,3,0
d_4796,31,0
d_4797,25,0
d_4798,25,0
d_4799,31,0
d_48,44,0
d_480,7,0
d_4800,25,0
d_4801,31,0
d_4802,49,0
d_4803,36,0
d_4804,31,0
d_4805,10,1
d_4806,36,0
d_4807,3,0
d_4808,25,0
d_4809,36,0
d_481,44,0
d_4810,31,0
d_4811,31,0
d_4812,36,0
d_4813,31,0
d_4814,3,0
d_4815,31,0
d_4816,31,0
d_4817,3,0
d_4818,49,0
d_4819,3,0
d_482,7,0
d_4820,49,0
d_4821,31,0
d_4822,36,0
d_4823,3,0
d_4824,49,0
d_4825,36,0
d_4826,31,0
d_4827,31,0
d_4828,36,0
d_4829,3,0
d_483,29,0
d_4830,25,0
d_4831,25,0
d_4832,49,0
d_4833,25,0
d_4834,3,0
d_4835,25,0
d_4836,31,0
d_4837,36,0
d_4838,49,0
d_4839,36,0
d_484,29,0
d_4840,36,0
d_4841,36,0
d_4842,25,0
d_4843,31,0
d_4844,25,0
d_4845,3,0
d_4846,36,0
d_4847,31,0
d_4848,25,0
d_4849,3,0
d_485,7,0
d_4850,49,0
d_4851,25,0
d_4852,25,0
d_4853,36,0
d_4854,25,0
d_4855,36,0
d_4856,36,0
d_4857,25,0
d_4858,3,0
d_4859,3,0
d_486,44,0
d_4860,25,0
d_4861,36,0
d_4862,3,0
d_4863,31,0
d_4864,31,0
d_4865,3,0
d_4866,3,0
d_4867,25,0
d_4868,31,0
d_4869,3,0
d_487,7,0
d_4870,3,0
d_4871,3,0
d_4872,3,0
d_4873,3,0
d_4874,49,0
d_4875,31,0
d_4876,36,0
d_4877,3,0
d_4878,3,0
d_4879,3,0
d_488,11,0
d_4880,25,0
d_4881,25,0
d_4882,49,0
d_4883,3,0
d_4884,36,0
d_4885,49,0
d_4886,25,0
d_4887,36,0
d_4888,25,0
d_4889,31,0
d_489,11,0
d_4890,10,1
d_4891,49,0
d_4892,49,0
d_4893,25,0
d_4894,3,0
d_4895,3,0
d_4896,3,0
d_4897,25,0
d_4898,49,0
d_4899,25,0
d_49,2,0
d_490,7,0
d_4900,31,0
d_4901,3,0
d_4902,36,0
d_4903,31,0
d_4904,31,0
d_4905,3,0
d_4906,36,0
d_4907,36,0
d_4908,36,0
d_4909,3,0
d_491,7,0
d_4910,31,0
d_4911,31,0
d_4912,36,0
d_4913,31,0
d_4914,36,0
d_4915,25,0
d_4916,25,0
d_4917,36,0
d_4918,3,0
d_4919,36,0
d_492,29,0
d_4920,36,0
d_4921,10,1
d_4922,3,0
d_4923,36,0
d_4924,3,0
d_4925,36,0
d_4926,49,0
d_4927,36,0
d_4928,36,0
d_4929,25,0
d_493,11,0
d_4930,36,0
d_4931,10,1
d_4932,3,0
d_4933,49,0
d_4934,3,0
d_4935,25,0
d_4936,49,0
d_4937,25,0
d_4938,31,0
d_4939,3,0
d_494,29,0
d_4940,3,0
d_4941,25,0
d_4942,3,0
d_4943,36,0
d_4944,25,0
d_4945,36,0
d_4946,25,0
d_4947,49,0
d_4948,36,0
d_4949,36,0
d_495,7,0
d_4950,49,0
d_4951,3,0
d_4952,31,0
d_4953,25,0
d_4954,36,0
d_4955,31,0
d_4956,36,0
d_4957,49,0
d_4958,25,0
d_4959,31,0
d_496,44,0
d_4960,36,0
d_4961,31,0
d_4962,31,0
d_4963,36,0
d_4964,31,0
d_4965,31,0
d_4966,31,0
d_4967,31,0
d_4968,49,0
d_4969,36,0
d_497,7,0
d_4970,25,0
d_4971,49,0
d_4972,31,0
d_4973,10,1
d_4974,31,0
d_4975,31,0
d_4976,25,0
d_4977,25,0
d_4978,25,0
d_4979,36,0
d_498,11,0
d_4980,49,0
d_4981,3,0
d_4982,3,0
d_4983,31,0
d_4984,3,0
d_4985,3,0
d_4986,36,0
d_4987,25,0
d_4988,25,0
d_4989,31,0
d_499,11,0
d_4990,25,0
d_4991,3,0
d_4992,25,0
d_4993,3,0
d_4994,36,0
d_4995,36,0
d_4996,36,0
d_4997,3,0
d_4998,3,0
d_4999,36,0
d_5,11,0
d_50,11,0
d_500,44,0
d_5000,36,0
d_5001,25,0
d_5002,49,0
d_5003,10,1
d_5004,25,0
d_5005,49,0
d_5006,25,0
d_5007,25,0
d_5008,25,0
d_5009,10,1
d_501,11,0
d_5010,3,0
d_5011,36,0
d_5012,25,0
d_5013,49,0
d_5014,3,0
d_5015,31,0
d_5016,25,0
d_5017,3,0
d_5018,31,0
d_5019,25,0
d_502,29,0
d_5020,3,0
d_5021,25,0
d_5022,3,0
d_5023,36,0
d_5024,25,0
d_5025,31,0
d_5026,36,0
d_5027,31,0
d_5028,31,0
d_5029,31,0
d_503,11,0
d_5030,36,0
d_5031,31,0
d_5032,36,0
d_5033,31,0
d_5034,25,0
d_5035,3,0
d_5036,25,0
d_5037,3,0
d_5038,31,0
d_5039,25,0
d_504,7,0
d_5040,36,0
d_5041,49,0
d_5042,36,0
d_5043,36,0
d_5044,3,0
d_5045,3,0
d_5046,3,0
d_5047,3,0
d_5048,3,0
d_5049,36,0
d_505,11,0
d_5050,36,0
d_5051,25,0
d_5052,31,0
d_5053,31,0
d_5054,3,0
d_5055,36,0
d_5056,3,0
d_5057,36,0
d_5058,3,0
d_5059,10,1
d_506,11,0
d_5060,3,0
d_5061,49,0
d_5062,25,0
d_5063,31,0
d_5064,25,0
d_5065,3,0
d_5066,36,0
d_5067,10,1
d_5068,25,0
d_5069,49,0
d_507,29,0
d_5070,3,0
d_5071,36,0
d_5072,49,0
d_5073,3,0
d_5074,25,0
d_5075,25,0
d_5076,25,0
d_5077,3,0
d_5078,25,0
d_5079,3,0
d_508,29,0
d_5080,25,0
d_5081,36,0
d_5082,25,0
d_5083,36,0
d_5084,25,0
d_5085,25,0
d_5086,49,0
d_5087,36,0
d_5088,36,0
d_5089,36,0
d_509,2,0
d_5090,31,0
d_5091,25,0
d_5092,31,0
d_5093,25,0
d_5094,3,0
d_5095,36,0
d_5096,36,0
d_5097,31,0
d_5098,36,0
d_5099,3,0
d_51,11,0
d_510,7,0
d_5100,36,0
d_5101,3,0
d_5102,36,0
d_5103,3,0
d_5104,25,0
d_5105,25,0
d_5106,25,0
d_5107,36,0
d_5108,36,0
d_5109,49,0
d_511,7,0
d_5110,25,0
d_5111,49,0
d_5112,36,0
d_5113,36,0
d_5114,25,0
d_5115,31,0
d_5116,25,0
d_5117,31,0
d_5118,31,0
d_5119,10,1
d_512,29,0
d_5120,49,0
d_5121,36,0
d_5122,31,0
d_5123,49,0
d_5124,36,0
d_5125,31,0
d_5126,10,1
d_5127,25,0
d_5128,25,0
d_5129,31,0
d_513,2,0
d_5130,36,0
d_5131,36,0
d_5132,3,0
d_5133,25,0
d_5134,36,0
d_5135,25,0
d_5136,49,0
d_5137,31,0
d_5138,3,0
d_5139,36,0
d_514,11,0
d_5140,31,0
d_5141,3,0
d_5142,31,0
d_5143,31,0
d_5144,31,0
d_5145,49,0
d_5146,31,0
d_5147,10,1
d_5148,10,1
d_5149,31,0
d_515,11,0
d_5150,3,0
d_5151,3,0
d_5152,25,0
d_5153,3,0
d_5154,25,0
d_5155,3,0
d_5156,10,1
d_5157,36,0
d_5158,36,0
d_5159,3,0
d_516,2,0
d_5160,25,0
d_5161,49,0
d_5162,36,0
d_5163,31,0
d_5164,3,0
d_5165,36,0
d_5166,36,0
d_5167,36,0
d_5168,36,0
d_5169,31,0
d_517,29,0
d_5170,3,0
d_5171,3,0
d_5172,25,0
d_5173,25,0
d_5174,49,0
d_5175,3,0
d_5176,3,0
d_5177,25,0
d_5178,3,0
d_5179,49,0
d_518,11,0
d_5180,31,0
d_5181,3,0
d_5182,36,0
d_5183,31,0
d_5184,49,0
d_5185,49,0
d_5186,31,0
d_5187,3,0
d_5188,31,0
d_5189,25,0
d_519,11,0
d_5190,25,0
d_5191,3,0
d_5192,49,0
d_5193,25,0
d_5194,49,0
d_5195,3,0
d_5196,25,0
d_5197,25,0
d_5198,3,0
d_5199,31,0
d_52,7,0
d_520,29,0
d_5200,25,0
d_5201,3,0
d_5202,49,0
d_5203,36,0
d_5204,3,0
d_5205,49,0
d_5206,49,0
d_5207,31,0
d_5208,25,0
d_5209,36,0
d_521,7,0
d_5210,25,0
d_5211,3,0
d_5212,36,0
d_5213,3,0
d_5214,36,0
d_5215,49,0
d_5216,49,0
d_5217,36,0
d_5218,36,0
d_5219,36,0
d_522,7,0
d_5220,25,0
d_5221,25,0
d_5222,3,0
d_5223,31,0
d_5224,25,0
d_5225,49,0
d_5226,31,0
d_5227,31,0
d_5228,3,0
d_5229,31,0
d_523,29,0
d_5230,49,0
d_5231,49,0
d_5232,49,0
d_5233,25,0
d_5234,36,0
d_5235,49,0
d_5236,3,0
d_5237,36,0
d_5238,25,0
d_5239,3,0
d_524,7,0
d_5240,3,0
d_5241,25,0
d_5242,36,0
d_5243,3,0
d_5244,49,0
d_5245,10,1
d_5246,36,0
d_5247,25,0
d_5248,25,0
d_5249,25,0
d_525,29,0
d_5250,36,0
d_5251,25,0
d_5252,31,0
d_5253,25,0
d_5254,25,0
d_5255,31,0
d_5256,49,0
d_5257,31,0
d_5258,3,0
d_5259,36,0
d_526,2,0
d_5260,31,0
d_5261,49,0
d_5262,36,0
d_5263,31,0
d_5264,31,0
d_5265,49,0
d_5266,36,0
d_5267,3,0
d_5268,36,0
d_5269,25,0
d_527,7,0
d_5270,25,0
d_5271,31,0
d_5272,3,0
d_5273,31,0
d_5274,31,0
d_5275,3,0
d_5276,31,0
d_5277,25,0
d_5278,49,0
d_5279,36,0
d_528,7,0
d_5280,36,0
d_5281,31,0
d_5282,3,0
d_5283,10,1
d_5284,25,0
d_5285,25,0
d_5286,3,0
d_5287,10,1
d_5288,31,0
d_5289,31,0
d_529,11,0
d_5290,36,0
d_5291,25,0
d_5292,3,0
d_5293,3,0
d_5294,36,0
d_5295,3,0
d_5296,3,0
d_5297,31,0
d_5298,25,0
d_5299,49,0
d_53,29,0
d_530,11,0
d_5300,36,0
d_5301,36,0
d_5302,3,0
d_5303,25,0
d_5304,49,0
d_5305,25,0
d_5306,25,0
d_5307,36,0
d_5308,31,0
d_5309,31,0
d_531,29,0
d_5310,36,0
d_5311,3,0
d_5312,25,0
d_5313,36,0
d_5314,49,0
d_5315,25,0
d_5316,36,0
d_5317,36,0
d_5318,36,0
d_5319,25,0
d_532,7,0
d_5320,36,0
d_5321,31,0
d_5322,49,0
d_5323,36,0
d_5324,31,0
d_5325,25,0
d_5326,36,0
d_5327,3,0
d_5328,31,0
d_5329,25,0
d_533,11,0
d_5330,31,0
d_5331,31,0
d_5332,25,0
d_5333,3,0
d_5334,31,0
d_5335,36,0
d_5336,25,0
d_5337,36,0
d_5338,3,0
d_5339,49,0
d_534,11,0
d_5340,3,0
d_5341,3,0
d_5342,25,0
d_5343,25,0
d_5344,3,0
d_5345,10,1
d_5346,3,0
d_5347,3,0
d_5348,31,0
d_5349,3,0
d_535,11,0
d_5350,3,0
d_5351,3,0
d_5352,3,0
d_5353,49,0
d_5354,49,0
d_5355,3,0
d_5356,36,0
d_5357,36,0
d_5358,49,0
d_5359,49,0
d_536,29,0
d_5360,25,0
d_5361,25,0
d_5362,25,0
d_5363,36,0
d_5364,25,0
d_5365,3,0
d_5366,36,0
d_5367,25,0
d_5368,36,0
d_5369,49,0
d_537,11,0
d_5370,25,0
d_5371,3,0
d_5372,25,0
d_5373,36,0
d_5374,25,0
d_5375,3,0
d_5376,49,0
d_5377,3,0
d_5378,3,0
d_5379,31,0
d_538,7,0
d_5380,31,0
d_5381,49,0
d_5382,3,0
d_5383,31,0
d_5384,49,0
d_5385,3,0
d_5386,3,0
d_5387,25,0
d_5388,25,0
d_5389,31,0
d_539,44,0
d_5390,31,0
d_5391,25,0
d_5392,25,0
d_5393,49,0
d_5394,25,0
d_5395,10,1
d_5396,25,0
d_5397,25,0
d_5398,36,0
d_5399,36,0
d_54,11,0
d_540,7,0
d_5400,31,0
d_5401,10,1
d_5402,31,0
d_5403,49,0
d_5404,36,0
d_5405,3,0
d_5406,25,0
d_5407,36,0
d_5408,49,0
d_5409,31,0
d_541,29,0
d_5410,36,0
d_5411,36,0
d_5412,49,0
d_5413,31,0
d_5414,49,0
d_5415,49,0
d_5416,36,0
d_5417,36,0
d_5418,3,0
d_5419,25,0
d_542,29,0
d_5420,25,0
d_5421,49,0
d_5422,3,0
d_5423,36,0
d_5424,31,0
d_5425,3,0
d_5426,49,0
d_5427,25,0
d_5428,36,0
d_5429,36,0
d_543,29,0
d_5430,25,0
d_5431,3,0
d_5432,36,0
d_5433,49,0
d_5434,25,0
d_5435,3,0
d_5436,31,0
d_5437,25,0
d_5438,10,1
d_5439,25,0
d_544,11,0
d_5440,49,0
d_5441,3,0
d_5442,25,0
d_5443,36,0
d_5444,3,0
d_5445,31,0
d_5446,49,0
d_5447,36,0
d_5448,25,0
d_5449,3,0
d_545,7,0
d_5450,36,0
d_5451,25,0
d_5452,25,0
d_5453,36,0
d_5454,25,0
d_5455,36,0
d_5456,36,0
d_5457,3,0
d_5458,36,0
d_5459,25,0
d_546,44,0
d_5460,49,0
d_5461,31,0
d_5462,25,0
d_5463,25,0
d_5464,36,0
d_5465,49,0
d_5466,3,0
d_5467,25,0
d_5468,3,0
d_5469,36,0
d_547,11,0
d_5470,3,0
d_5471,3,0
d_5472,31,0
d_5473,25,0
d_5474,3,0
d_5475,3,0
d_5476,31,0
d_5477,36,0
d_5478,3,0
d_5479,25,0
d_548,7,0
d_5480,25,0
d_5481,49,0
d_5482,3,0
d_5483,31,0
d_5484,49,0
d_5485,31,0
d_5486,49,0
d_5487,10,1
d_5488,36,0
d_5489,49,0
d_549,29,0
d_5490,25,0
d_5491,36,0
d_5492,49,0
d_5493,36,0
d_5494,31,0
d_5495,25,0
d_5496,3,0
d_5497,25,0
d_5498,36,0
d_5499,36,0
d_55,29,0
d_550,11,0
d_5500,31,0
d_5501,49,0
d_5502,49,0
d_5503,31,0
d_5504,25,0
d_5505,36,0
d_5506,31,0
d_5507,36,0
d_5508,3,0
d_5509,25,0
d_551,11,0
d_5510,31,0
d_5511,3,0
d_5512,25,0
d_5513,31,0
d_5514,25,0
d_5515,10,1
d_5516,31,0
d_5517,3,0
d_5518,25,0
d_5519,36,0
d_552,44,0
d_5520,36,0
d_5521,36,0
d_5522,31,0
d_5523,36,0
d_5524,3,0
d_5525,10,1
d_5526,49,0
d_5527,31,0
d_5528,31,0
d_5529,25,0
d_553,11,0
d_5530,36,0
d_5531,25,0
d_5532,3,0
d_5533,3,0
d_5534,25,0
d_5535,25,0
d_5536,3,0
d_5537,31,0
d_5538,31,0
d_5539,25,0
d_554,29,0
d_5540,36,0
d_5541,49,0
d_5542,49,0
d_5543,49,0
d_5544,49,0
d_5545,36,0
d_5546,49,0
d_5547,49,0
d_5548,3,0
d_5549,36,0
d_555,7,0
d_5550,31,0
d_5551,31,0
d_5552,31,0
d_5553,36,0
d_5554,36,0
d_5555,3,0
d_5556,36,0
d_5557,31,0
d_5558,31,0
d_5559,31,0
d_556,29,0
d_5560,36,0
d_5561,10,1
d_5562,10,1
d_5563,3,0
d_5564,3,0
d_5565,25,0
d_5566,36,0
d_5567,3,0
d_5568,25,0
d_5569,3,0
d_557,7,0
d_5570,31,0
d_5571,31,0
d_5572,31,0
d_5573,25,0
d_5574,3,0
d_5575,25,0
d_5576,25,0
d_5577,36,0
d_5578,49,0
d_5579,25,0
d_558,7,0
d_5580,36,0
d_5581,36,0
d_5582,49,0
d_5583,25,0
d_5584,36,0
d_5585,31,0
d_5586,31,0
d_5587,49,0
d_5588,25,0
d_5589,36,0
d_559,7,0
d_5590,3,0
d_5591,3,0
d_5592,31,0
d_5593,3,0
d_5594,36,0
d_5595,36,0
d_5596,36,0
d_5597,49,0
d_5598,3,0
d_5599,31,0
d_56,7,0
d_560,7,0
d_5600,25,0
d_5601,25,0
d_5602,36,0
d_5603,3,0
d_5604,31,0
d_5605,49,0
d_5606,25,0
d_5607,36,0
d_5608,3,0
d_5609,3,0
d_561,7,0
d_5610,49,0
d_5611,36,0
d_5612,3,0
d_5613,49,0
d_5614,36,0
d_5615,25,0
d_5616,25,0
d_5617,3,0
d_5618,25,0
d_5619,31,0
d_562,44,0
d_5620,3,0
d_5621,25,0
d_5622,3,0
d_5623,3,0
d_5624,36,0
d_5625,25,0
d_5626,36,0
d_5627,36,0
d_5628,3,0
d_5629,49,0
d_563,7,0
d_5630,25,0
d_5631,36,0
d_5632,49,0
d_5633,31,0
d_5634,49,0
d_5635,3,0
d_5636,31,0
d_5637,25,0
d_5638,31,0
d_5639,25,0
d_564,29,0
d_5640,49,0
d_5641,3,0
d_5642,36,0
d_5643,3,0
d_5644,3,0
d_5645,25,0
d_5646,3,0
d_5647,36,0
d_5648,3,0
d_5649,25,0
d_565,44,0
d_5650,3,0
d_5651,31,0
d_5652,36,0
d_5653,25,0
d_5654,36,0
d_5655,31,0
d_5656,31,0
d_5657,25,0
d_5658,3,0
d_5659,31,0
d_566,29,0
d_5660,36,0
d_5661,31,0
d_5662,25,0
d_5663,25,0
d_5664,3,0
d_5665,3,0
d_5666,49,0
d_5667,36,0
d_5668,25,0
d_5669,31,0
d_567,11,0
d_5670,36,0
d_5671,49,0
d_5672,3,0
d_5673,36,0
d_5674,3,0
d_5675,36,0
d_5676,3,0
d_5677,49,0
d_5678,3,0
d_5679,31,0
d_568,29,0
d_5680,36,0
d_5681,31,0
d_5682,31,0
d_5683,36,0
d_5684,36,0
d_5685,36,0
d_5686,25,0
d_5687,25,0
d_5688,25,0
d_5689,25,0
d_569,7,0
d_5690,36,0
d_5691,3,0
d_5692,3,0
d_5693,31,0
d_5694,3,0
d_5695,25,0
d_5696,3,0
d_5697,36,0
d_5698,31,0
d_5699,31,0
d_57,29,0
d_570,29,0
d_5700,49,0
d_5701,3,0
d_5702,25,0
d_5703,3,0
d_5704,31,0
d_5705,31,0
d_5706,3,0
d_5707,3,0
d_5708,25,0
d_5709,49,0
d_571,11,0
d_5710,49,0
d_5711,31,0
d_5712,31,0
d_5713,36,0
d_5714,36,0
d_5715,3,0
d_5716,25,0
d_5717,36,0
d_5718,36,0
d_5719,3,0
d_572,7,0
d_5720,36,0
d_5721,3,0
d_5722,25,0
d_5723,31,0
d_5724,3,0
d_5725,36,0
d_5726,36,0
d_5727,36,0
d_5728,3,0
d_5729,49,0
d_573,11,0
d_5730,3,0
d_5731,31,0
d_5732,3,0
d_5733,31,0
d_5734,25,0
d_5735,36,0
d_5736,36,0
d_5737,31,0
d_5738,36,0
d_5739,3,0
d_574,29,0
d_5740,36,0
d_5741,36,0
d_5742,25,0
d_5743,10,1
d_5744,36,0
d_5745,25,0
d_5746,3,0
d_5747,31,0
d_5748,3,0
d_5749,31,0
d_575,11,0
d_5750,36,0
d_5751,25,0
d_5752,3,0
d_5753,31,0
d_5754,36,0
d_5755,31,0
d_5756,31,0
d_5757,49,0
d_5758,31,0
d_5759,3,0
d_576,11,0
d_5760,25,0
d_5761,49,0
d_5762,3,0
d_5763,25,0
d_5764,25,0
d_5765,36,0
d_5766,31,0
d_5767,36,0
d_5768,25,0
d_5769,25,0
d_577,29,0
d_5770,3,0
d_5771,25,0
d_5772,49,0
d_5773,25,0
d_5774,25,0
d_5775,3,0
d_5776,25,0
d_5777,36,0
d_5778,36,0
d_5779,25,0
d_578,29,0
d_5780,36,0
d_5781,49,0
d_5782,25,0
d_5783,36,0
d_5784,36,0
d_5785,49,0
d_5786,36,0
d_5787,3,0
d_5788,36,0
d_5789,25,0
d_579,11,0
d_5790,36,0
d_5791,3,0
d_5792,10,1
d_5793,25,0
d_5794,31,0
d_5795,3,0
d_5796,25,0
d_5797,36,0
d_5798,31,0
d_5799,3,0
d_58,11,0
d_580,29,0
d_5800,10,1
d_5801,36,0
d_5802,25,0
d_5803,3,0
d_5804,3,0
d_5805,36,0
d_5806,36,0
d_5807,31,0
d_5808,31,0
d_5809,25,0
d_581,7,0
d_5810,36,0
d_5811,25,0
d_5812,31,0
d_5813,31,0
d_5814,36,0
d_5815,49,0
d_5816,3,0
d_5817,31,0
d_5818,31,0
d_5819,36,0
d_582,29,0
d_5820,3,0
d_5821,25,0
d_5822,3,0
d_5823,25,0
d_5824,31,0
d_5825,31,0
d_5826,3,0
d_5827,3,0
d_5828,25,0
d_5829,3,0
d_583,11,0
d_5830,36,0
d_5831,36,0
d_5832,36,0
d_5833,3,0
d_5834,36,0
d_5835,3,0
d_5836,31,0
d_5837,3,0
d_5838,36,0
d_5839,3,0
d_584,11,0
d_5840,36,0
d_5841,3,0
d_5842,31,0
d_5843,25,0
d_5844,36,0
d_5845,49,0
d_5846,3,0
d_5847,49,0
d_5848,3,0
d_5849,25,0
d_585,29,0
d_5850,36,0
d_5851,3,0
d_5852,3,0
d_5853,49,0
d_5854,3,0
d_5855,3,0
d_5856,3,0
d_5857,31,0
d_5858,31,0
d_5859,31,0
d_586,7,0
d_5860,31,0
d_5861,25,0
d_5862,3,0
d_5863,3,0
d_5864,3,0
d_5865,3,0
d_5866,25,0
d_5867,36,0
d_5868,3,0
d_5869,31,0
d_587,11,0
d_5870,36,0
d_5871,36,0
d_5872,31,0
d_5873,31,0
d_5874,36,0
d_5875,31,0
d_5876,3,0
d_5877,3,0
d_5878,36,0
d_5879,25,0
d_588,7,0
d_5880,36,0
d_5881,25,0
d_5882,25,0
d_5883,3,0
d_5884,36,0
d_5885,31,0
d_5886,3,0
d_5887,31,0
d_5888,10,1
d_5889,36,0
d_589,29,0
d_5890,36,0
d_5891,31,0
d_5892,49,0
d_5893,49,0
d_5894,25,0
d_5895,36,0
d_5896,3,0
d_5897,25,0
d_5898,25,0
d_5899,31,0
d_59,11,0
d_590,44,0
d_5900,31,0
d_5901,10,1
d_5902,36,0
d_5903,31,0
d_5904,49,0
d_5905,25,0
d_5906,36,0
d_5907,36,0
d_5908,3,0
d_5909,3,0
d_591,7,0
d_5910,31,0
d_5911,3,0
d_5912,25,0
d_5913,3,0
d_5914,3,0
d_5915,36,0
d_5916,25,0
d_5917,31,0
d_5918,3,0
d_5919,25,0
d_592,11,0
d_5920,3,0
d_5921,3,0
d_5922,3,0
d_5923,31,0
d_5924,36,0
d_5925,3,0
d_5926,36,0
d_5927,36,0
d_5928,49,0
d_5929,10,1
d_593,29,0
d_5930,49,0
d_5931,36,0
d_5932,49,0
d_5933,3,0
d_5934,25,0
d_5935,10,1
d_5936,36,0
d_5937,36,0
d_5938,36,0
d_5939,36,0
d_594,11,0
d_5940,36,0
d_5941,3,0
d_5942,3,0
d_5943,3,0
d_5944,31,0
d_5945,25,0
d_5946,3,0
d_5947,49,0
d_5948,3,0
d_5949,31,0
d_595,7,0
d_5950,36,0
d_5951,36,0
d_5952,31,0
d_5953,36,0
d_5954,36,0
d_5955,25,0
d_5956,25,0
d_5957,49,0
d_5958,31,0
d_5959,49,0
d_596,44,0
d_5960,49,0
d_5961,36,0
d_5962,36,0
d_5963,36,0
d_5964,36,0
d_5965,3,0
d_5966,25,0
d_5967,3,0
d_5968,3,0
d_5969,36,0
d_597,7,0
d_5970,36,0
d_5971,36,0
d_5972,3,0
d_5973,49,0
d_5974,25,0
d_5975,36,0
d_5976,36,0
d_5977,25,0
d_5978,25,0
d_5979,25,0
d_598,7,0
d_5980,25,0
d_5981,3,0
d_5982,25,0
d_5983,3,0
d_5984,31,0
d_5985,3,0
d_5986,31,0
d_5987,3,0
d_5988,25,0
d_5989,3,0
d_599,44,0
d_5990,3,0
d_5991,31,0
d_5992,36,0
d_5993,3,0
d_5994,25,0
d_5995,25,0
d_5996,36,0
d_5997,3,0
d_5998,3,0
d_5999,25,0
d_6,2,0
d_60,7,0
d_600,11,0
d_6000,3,0
d_6001,36,0
d_6002,3,0
d_6003,31,0
d_6004,3,0
d_6005,25,0
d_6006,31,0
d_6007,49,0
d_6008,36,0
d_6009,31,0
d_601,11,0
d_6010,46,1
d_6011,31,0
d_6012,3,0
d_6013,31,0
d_6014,36,0
d_6015,25,0
d_6016,31,0
d_6017,25,0
d_6018,25,0
d_6019,25,0
d_602,11,0
d_6020,3,0
d_6021,3,0
d_6022,36,0
d_6023,25,0
d_6024,3,0
d_6025,3,0
d_6026,10,1
d_6027,3,0
d_6028,36,0
d_6029,31,0
d_603,7,0
d_6030,31,0
d_6031,25,0
d_6032,49,0
d_6033,31,0
d_6034,25,0
d_6035,36,0
d_6036,25,0
d_6037,25,0
d_6038,31,0
d_6039,36,0
d_604,7,0
d_6040,25,0
d_6041,36,0
d_6042,10,1
d_6043,36,0
d_6044,36,0
d_6045,25,0
d_6046,36,0
d_6047,3,0
d_6048,25,0
d_6049,49,0
d_605,7,0
d_6050,31,0
d_6051,36,0
d_6052,25,0
d_6053,25,0
d_6054,31,0
d_6055,36,0
d_6056,10,1
d_6057,31,0
d_6058,31,0
d_6059,36,0
d_606,29,0
d_6060,36,0
d_6061,31,0
d_6062,25,0
d_6063,36,0
d_6064,25,0
d_6065,49,0
d_6066,25,0
d_6067,25,0
d_6068,36,0
d_6069,49,0
d_607,29,0
d_6070,3,0
d_6071,3,0
d_6072,3,0
d_6073,31,0
d_6074,25,0
d_6075,3,0
d_6076,36,0
d_6077,49,0
d_6078,25,0
d_6079,36,0
d_608,11,0
d_6080,3,0
d_6081,31,0
d_6082,31,0
d_6083,25,0
d_6084,31,0
d_6085,49,0
d_6086,31,0
d_6087,3,0
d_6088,3,0
d_6089,25,0
d_609,11,0
d_6090,36,0
d_6091,49,0
d_6092,31,0
d_6093,3,0
d_6094,25,0
d_6095,31,0
d_6096,36,0
d_6097,36,0
d_6098,36,0
d_6099,3,0
d_61,44,0
d_610,11,0
d_6100,3,0
d_6101,25,0
d_6102,3,0
d_6103,31,0
d_6104,25,0
d_6105,31,0
d_6106,49,0
d_6107,3,0
d_6108,36,0
d_6109,25,0
d_611,29,0
d_6110,3,0
d_6111,3,0
d_6112,49,0
d_6113,25,0
d_6114,25,0
d_6115,25,0
d_6116,25,0
d_6117,25,0
d_6118,3,0
d_6119,36,0
d_612,29,0
d_6120,36,0
d_6121,36,0
d_6122,3,0
d_6123,49,0
d_6124,36,0
d_6125,3,0
d_6126,36,0
d_6127,25,0
d_6128,25,0
d_6129,49,0
d_613,7,0
d_6130,25,0
d_6131,25,0
d_6132,25,0
d_6133,31,0
d_6134,36,0
d_6135,3,0
d_6136,3,0
d_6137,3,0
d_6138,36,0
d_6139,36,0
d_614,11,0
d_6140,31,0
d_6141,25,0
d_6142,31,0
d_6143,31,0
d_6144,49,0
d_6145,36,0
d_6146,3,0
d_6147,25,0
d_6148,25,0
d_6149,49,0
d_615,29,0
d_6150,3,0
d_6151,25,0
d_6152,31,0
d_6153,36,0
d_6154,3,0
d_6155,31,0
d_6156,25,0
d_6157,25,0
d_6158,49,0
d_6159,25,0
d_616,7,0
d_6160,31,0
d_6161,3,0
d_6162,25,0
d_6163,36,0
d_6164,25,0
d_6165,36,0
d_6166,49,0
d_6167,25,0
d_6168,3,0
d_6169,3,0
d_617,2,0
d_6170,3,0
d_6171,3,0
d_6172,3,0
d_6173,25,0
d_6174,3,0
d_6175,31,0
d_6176,25,0
d_6177,36,0
d_6178,36,0
d_6179,31,0
d_618,11,0
d_6180,31,0
d_6181,3,0
d_6182,25,0
d_6183,36,0
d_6184,25,0
d_6185,3,0
d_6186,36,0
d_6187,3,0
d_6188,31,0
d_6189,25,0
d_619,7,0
d_6190,36,0
d_6191,3,0
d_6192,36,0
d_6193,36,0
d_6194,49,0
d_6195,31,0
d_6196,25,0
d_6197,31,0
d_6198,31,0
d_6199,36,0
d_62,29,0
d_620,11,0
d_6200,36,0
d_6201,3,0
d_6202,36,0
d_6203,31,0
d_6204,25,0
d_6205,31,0
d_6206,3,0
d_6207,25,0
d_6208,25,0
d_6209,3,0
d_621,44,0
d_6210,3,0
d_6211,25,0
d_6212,3,0
d_6213,3,0
d_6214,25,0
d_6215,3,0
d_6216,25,0
d_6217,36,0
d_6218,31,0
d_6219,36,0
d_622,2,0
d_6220,31,0
d_6221,31,0
d_6222,36,0
d_6223,10,1
d_6224,3,0
d_6225,36,0
d_6226,25,0
d_6227,3,0
d_6228,3,0
d_6229,25,0
d_623,29,0
d_6230,31,0
d_6231,25,0
d_6232,3,0
d_6233,3,0
d_6234,36,0
d_6235,25,0
d_6236,36,0
d_6237,3,0
d_6238,31,0
d_6239,36,0
d_624,44,0
d_6240,10,1
d_6241,31,0
d_6242,3,0
d_6243,25,0
d_6244,36,0
d_6245,25,0
d_6246,36,0
d_6247,25,0
d_6248,3,0
d_6249,49,0
d_625,29,0
d_6250,36,0
d_6251,36,0
d_6252,3,0
d_6253,3,0
d_6254,3,0
d_6255,36,0
d_6256,31,0
d_6257,49,0
d_6258,36,0
d_6259,3,0
d_626,7,0
d_6260,36,0
d_6261,36,0
d_6262,10,1
d_6263,31,0
d_6264,49,0
d_6265,36,0
d_6266,36,0
d_6267,36,0
d_6268,10,1
d_6269,25,0
d_627,7,0
d_6270,10,1
d_6271,25,0
d_6272,31,0
d_6273,36,0
d_6274,25,0
d_6275,25,0
d_6276,31,0
d_6277,36,0
d_6278,25,0
d_6279,36,0
d_628,2,0
d_6280,10,1
d_6281,3,0
d_6282,3,0
d_6283,36,0
d_6284,36,0
d_6285,49,0
d_6286,25,0
d_6287,25,0
d_6288,25,0
d_6289,36,0
d_629,11,0
d_6290,31,0
d_6291,3,0
d_6292,31,0
d_6293,36,0
d_6294,25,0
d_6295,25,0
d_6296,36,0
d_6297,31,0
d_6298,36,0
d_6299,49,0
d_63,11,0
d_630,11,0
d_6300,36,0
d_6301,36,0
d_6302,36,0
d_6303,49,0
d_6304,10,1
d_6305,25,0
d_6306,10,1
d_6307,3,0
d_6308,36,0
d_6309,25,0
d_631,7,0
d_6310,36,0
d_6311,31,0
d_6312,3,0
d_6313,31,0
d_6314,36,0
d_6315,49,0
d_6316,25,0
d_6317,31,0
d_6318,25,0
d_6319,31,0
d_632,7,0
d_6320,36,0
d_6321,36,0
d_6322,10,1
d_6323,25,0
d_6324,3,0
d_6325,3,0
d_6326,10,1
d_6327,36,0
d_6328,3,0
d_6329,36,0
d_633,11,0
d_6330,25,0
d_6331,25,0
d_6332,36,0
d_6333,25,0
d_6334,36,0
d_6335,25,0
d_6336,25,0
d_6337,36,0
d_6338,3,0
d_6339,49,0
d_634,29,0
d_6340,31,0
d_6341,31,0
d_6342,49,0
d_6343,31,0
d_6344,25,0
d_6345,3,0
d_6346,36,0
d_6347,10,1
d_6348,25,0
d_6349,3,0
d_635,11,0
d_6350,25,0
d_6351,36,0
d_6352,25,0
d_6353,25,0
d_6354,25,0
d_6355,31,0
d_6356,31,0
d_6357,3,0
d_6358,3,0
d_6359,31,0
d_636,2,0
d_6360,36,0
d_6361,3,0
d_6362,31,0
d_6363,36,0
d_6364,3,0
d_6365,3,0
d_6366,3,0
d_6367,36,0
d_6368,36,0
d_6369,31,0
d_637,44,0
d_6370,36,0
d_6371,3,0
d_6372,36,0
d_6373,3,0
d_6374,36,0
d_6375,31,0
d_6376,3,0
d_6377,36,0
d_6378,36,0
d_6379,3,0
d_638,11,0
d_6380,36,0
d_6381,36,0
d_6382,31,0
d_6383,36,0
d_6384,36,0
d_6385,31,0
d_6386,3,0
d_6387,25,0
d_6388,25,0
d_6389,25,0
d_639,11,0
d_6390,25,0
d_6391,25,0
d_6392,25,0
d_6393,3,0
d_6394,31,0
d_6395,25,0
d_6396,3,0
d_6397,31,0
d_6398,3,0
d_6399,36,0
d_64,11,0
d_640,2,0
d_6400,31,0
d_6401,25,0
d_6402,3,0
d_6403,10,1
d_6404,10,1
d_6405,36,0
d_6406,3,0
d_6407,25,0
d_6408,3,0
d_6409,36,0
d_641,44,0
d_6410,25,0
d_6411,10,1
d_6412,49,0
d_6413,3,0
d_6414,31,0
d_6415,31,0
d_6416,10,1
d_6417,25,0
d_6418,49,0
d_6419,10,1
d_642,11,0
d_6420,25,0
d_6421,25,0
d_6422,36,0
d_6423,3,0
d_6424,3,0
d_6425,49,0
d_6426,49,0
d_6427,3,0
d_6428,25,0
d_6429,3,0
d_643,29,0
d_6430,36,0
d_6431,31,0
d_6432,10,1
d_6433,36,0
d_6434,31,0
d_6435,25,0
d_6436,25,0
d_6437,25,0
d_6438,3,0
d_6439,36,0
d_644,29,0
d_6440,36,0
d_6441,36,0
d_6442,49,0
d_6443,3,0
d_6444,3,0
d_6445,25,0
d_6446,3,0
d_6447,3,0
d_6448,36,0
d_6449,3,0
d_645,2,0
d_6450,25,0
d_6451,31,0
d_6452,49,0
d_6453,25,0
d_6454,3,0
d_6455,31,0
d_6456,3,0
d_6457,25,0
d_6458,3,0
d_6459,31,0
d_646,29,0
d_6460,25,0
d_6461,25,0
d_6462,31,0
d_6463,36,0
d_6464,10,1
d_6465,3,0
d_6466,36,0
d_6467,25,0
d_6468,49,0
d_6469,36,0
d_647,29,0
d_6470,49,0
d_6471,25,0
d_6472,31,0
d_6473,3,0
d_6474,31,0
d_6475,36,0
d_6476,36,0
d_6477,49,0
d_6478,36,0
d_6479,25,0
d_648,7,0
d_6480,36,0
d_6481,25,0
d_6482,36,0
d_6483,3,0
d_6484,3,0
d_6485,36,0
d_6486,3,0
d_6487,31,0
d_6488,31,0
d_6489,36,0
d_649,2,0
d_6490,31,0
d_6491,3,0
d_6492,36,0
d_6493,31,0
d_6494,10,1
d_6495,31,0
d_6496,25,0
d_6497,3,0
d_6498,25,0
d_6499,10,1
d_65,11,0
d_650,11,0
d_6500,36,0
d_6501,31,0
d_6502,31,0
d_6503,36,0
d_6504,25,0
d_6505,25,0
d_6506,3,0
d_6507,3,0
d_6508,31,0
d_6509,31,0
d_651,7,0
d_6510,25,0
d_6511,3,0
d_6512,3,0
d_6513,25,0
d_6514,25,0
d_6515,25,0
d_6516,25,0
d_6517,25,0
d_6518,3,0
d_6519,3,0
d_652,11,0
d_6520,36,0
d_6521,25,0
d_6522,25,0
d_6523,25,0
d_6524,25,0
d_6525,31,0
d_6526,31,0
d_6527,25,0
d_6528,3,0
d_6529,36,0
d_653,2,0
d_6530,49,0
d_6531,31,0
d_6532,3,0
d_6533,25,0
d_6534,3,0
d_6535,25,0
d_6536,3,0
d_6537,3,0
d_6538,49,0
d_6539,3,0
d_654,11,0
d_6540,25,0
d_6541,49,0
d_6542,49,0
d_6543,36,0
d_6544,49,0
d_6545,25,0
d_6546,3,0
d_6547,36,0
d_6548,3,0
d_6549,31,0
d_655,11,0
d_6550,3,0
d_6551,3,0
d_6552,31,0
d_6553,36,0
d_6554,25,0
d_6555,25,0
d_6556,25,0
d_6557,36,0
d_6558,49,0
d_6559,3,0
d_656,11,0
d_6560,36,0
d_6561,36,0
d_6562,25,0
d_6563,3,0
d_6564,3,0
d_6565,3,0
d_6566,36,0
d_6567,3,0
d_6568,3,0
d_6569,3,0
d_657,29,0
d_6570,3,0
d_6571,49,0
d_6572,36,0
d_6573,36,0
d_6574,49,0
d_6575,36,0
d_6576,49,0
d_6577,36,0
d_6578,3,0
d_6579,3,0
d_658,29,0
d_6580,36,0
d_6581,31,0
d_6582,36,0
d_6583,31,0
d_6584,36,0
d_6585,25,0
d_6586,36,0
d_6587,3,0
d_6588,25,0
d_6589,36,0
d_659,29,0
d_6590,10,1
d_6591,3,0
d_6592,25,0
d_6593,3,0
d_6594,25,0
d_6595,3,0
d_6596,25,0
d_6597,36,0
d_6598,25,0
d_6599,3,0
d_66,11,0
d_660,11,0
d_6600,49,0
d_6601,25,0
d_6602,10,1
d_6603,31,0
d_6604,3,0
d_6605,25,0
d_6606,25,0
d_6607,25,0
d_6608,36,0
d_6609,31,0
d_661,2,0
d_6610,36,0
d_6611,36,0
d_6612,49,0
d_6613,3,0
d_6614,31,0
d_6615,25,0
d_6616,25,0
d_6617,36,0
d_6618,3,0
d_6619,36,0
d_662,7,0
d_6620,36,0
d_6621,3,0
d_6622,10,1
d_6623,31,0
d_6624,36,0
d_6625,36,0
d_6626,25,0
d_6627,25,0
d_6628,3,0
d_6629,25,0
d_663,11,0
d_6630,31,0
d_6631,31,0
d_6632,25,0
d_6633,25,0
d_6634,31,0
d_6635,25,0
d_6636,31,0
d_6637,36,0
d_6638,31,0
d_6639,25,0
d_664,11,0
d_6640,25,0
d_6641,36,0
d_6642,36,0
d_6643,3,0
d_6644,31,0
d_6645,31,0
d_6646,36,0
d_6647,31,0
d_6648,31,0
d_6649,36,0
d_665,7,0
d_6650,25,0
d_6651,31,0
d_6652,25,0
d_6653,25,0
d_6654,25,0
d_6655,36,0
d_6656,25,0
d_6657,3,0
d_6658,25,0
d_6659,36,0
d_666,29,0
d_6660,25,0
d_6661,3,0
d_6662,3,0
d_6663,25,0
d_6664,25,0
d_6665,10,1
d_6666,36,0
d_6667,25,0
d_6668,49,0
d_6669,31,0
d_667,29,0
d_6670,25,0
d_6671,31,0
d_6672,3,0
d_6673,25,0
d_6674,25,0
d_6675,36,0
d_6676,3,0
d_6677,25,0
d_6678,25,0
d_6679,25,0
d_668,44,0
d_6680,3,0
d_6681,3,0
d_6682,49,0
d_6683,49,0
d_6684,3,0
d_6685,31,0
d_6686,36,0
d_6687,36,0
d_6688,49,0
d_6689,25,0
d_669,29,0
d_6690,49,0
d_6691,31,0
d_6692,3,0
d_6693,25,0
d_6694,36,0
d_6695,25,0
d_6696,36,0
d_6697,49,0
d_6698,49,0
d_6699,31,0
d_67,29,0
d_670,29,0
d_6700,3,0
d_6701,36,0
d_6702,31,0
d_6703,25,0
d_6704,25,0
d_6705,36,0
d_6706,36,0
d_6707,36,0
d_6708,31,0
d_6709,36,0
d_671,29,0
d_6710,3,0
d_6711,36,0
d_6712,3,0
d_6713,25,0
d_6714,31,0
d_6715,36,0
d_6716,10,1
d_6717,25,0
d_6718,36,0
d_6719,31,0
d_672,2,0
d_6720,25,0
d_6721,36,0
d_6722,3,0
d_6723,31,0
d_6724,10,1
d_6725,25,0
d_6726,36,0
d_6727,25,0
d_6728,3,0
d_6729,25,0
d_673,11,0
d_6730,25,0
d_6731,36,0
d_6732,3,0
d_6733,3,0
d_6734,25,0
d_6735,49,0
d_6736,36,0
d_6737,31,0
d_6738,25,0
d_6739,49,0
d_674,29,0
d_6740,3,0
d_6741,36,0
d_6742,36,0
d_6743,36,0
d_6744,49,0
d_6745,3,0
d_6746,3,0
d_6747,31,0
d_6748,25,0
d_6749,3,0
d_675,11,0
d_6750,36,0
d_6751,25,0
d_6752,3,0
d_6753,3,0
d_6754,49,0
d_6755,3,0
d_6756,36,0
d_6757,3,0
d_6758,25,0
d_6759,36,0
d_676,29,0
d_6760,3,0
d_6761,25,0
d_6762,10,1
d_6763,25,0
d_6764,36,0
d_6765,36,0
d_6766,36,0
d_6767,3,0
d_6768,25,0
d_6769,31,0
d_677,7,0
d_6770,25,0
d_6771,25,0
d_6772,25,0
d_6773,31,0
d_6774,36,0
d_6775,10,1
d_6776,36,0
d_6777,25,0
d_6778,36,0
d_6779,3,0
d_678,44,0
d_6780,31,0
d_6781,25,0
d_6782,25,0
d_6783,31,0
d_6784,25,0
d_6785,36,0
d_6786,31,0
d_6787,10,1
d_6788,3,0
d_6789,25,0
d_679,7,0
d_6790,36,0
d_6791,36,0
d_6792,31,0
d_6793,36,0
d_6794,31,0
d_6795,36,0
d_6796,36,0
d_6797,25,0
d_6798,3,0
d_6799,3,0
d_68,11,0
d_680,44,0
d_6800,36,0
d_6801,36,0
d_6802,25,0
d_6803,36,0
d_6804,25,0
d_6805,49,0
d_6806,36,0
d_6807,31,0
d_6808,25,0
d_6809,3,0
d_681,2,0
d_6810,36,0
d_6811,36,0
d_6812,36,0
d_6813,49,0
d_6814,31,0
d_6815,49,0
d_6816,3,0
d_6817,3,0
d_6818,25,0
d_6819,3,0
d_682,29,0
d_6820,3,0
d_6821,3,0
d_6822,3,0
d_6823,36,0
d_6824,31,0
d_6825,3,0
d_6826,31,0
d_6827,31,0
d_6828,36,0
d_6829,25,0
d_683,7,0
d_6830,36,0
d_6831,49,0
d_6832,31,0
d_6833,25,0
d_6834,36,0
d_6835,25,0
d_6836,3,0
d_6837,25,0
d_6838,36,0
d_6839,36,0
d_684,11,0
d_6840,3,0
d_6841,25,0
d_6842,31,0
d_6843,36,0
d_6844,36,0
d_6845,36,0
d_6846,25,0
d_6847,3,0
d_6848,25,0
d_6849,3,0
d_685,11,0
d_6850,36,0
d_6851,36,0
d_6852,25,0
d_6853,10,1
d_6854,25,0
d_6855,36,0
d_6856,3,0
d_6857,3,0
d_6858,36,0
d_6859,31,0
d_686,29,0
d_6860,49,0
d_6861,31,0
d_6862,36,0
d_6863,25,0
d_6864,3,0
d_6865,49,0
d_6866,31,0
d_6867,36,0
d_6868,3,0
d_6869,36,0
d_687,29,0
d_6870,3,0
d_6871,36,0
d_6872,3,0
d_6873,25,0
d_6874,31,0
d_6875,36,0
d_6876,25,0
d_6877,36,0
d_6878,31,0
d_6879,31,0
d_688,2,0
d_6880,36,0
d_6881,36,0
d_6882,25,0
d_6883,31,0
d_6884,3,0
d_6885,36,0
d_6886,25,0
d_6887,3,0
d_6888,49,0
d_6889,31,0
d_689,29,0
d_6890,36,0
d_6891,25,0
d_6892,31,0
d_6893,31,0
d_6894,36,0
d_6895,36,0
d_6896,25,0
d_6897,25,0
d_6898,36,0
d_6899,36,0
d_69,11,0
d_690,29,0
d_6900,3,0
d_6901,49,0
d_6902,36,0
d_6903,25,0
d_6904,36,0
d_6905,25,0
d_6906,3,0
d_6907,25,0
d_6908,49,0
d_6909,36,0
d_691,2,0
d_6910,3,0
d_6911,49,0
d_6912,3,0
d_6913,36,0
d_6914,36,0
d_6915,31,0
d_6916,31,0
d_6917,31,0
d_6918,25,0
d_6919,49,0
d_692,29,0
d_6920,25,0
d_6921,3,0
d_6922,36,0
d_6923,3,0
d_6924,31,0
d_6925,25,0
d_6926,25,0
d_6927,10,1
d_6928,31,0
d_6929,36,0
d_693,29,0
d_6930,36,0
d_6931,31,0
d_6932,3,0
d_6933,25,0
d_6934,10,1
d_6935,36,0
d_6936,36,0
d_6937,31,0
d_6938,25,0
d_6939,36,0
d_694,29,0
d_6940,3,0
d_6941,3,0
d_6942,36,0
d_6943,36,0
d_6944,3,0
d_6945,25,0
d_6946,25,0
d_6947,31,0
d_6948,3,0
d_6949,3,0
d_695,7,0
d_6950,10,1
d_6951,25,0
d_6952,3,0
d_6953,3,0
d_6954,31,0
d_6955,31,0
d_6956,31,0
d_6957,49,0
d_6958,3,0
d_6959,36,0
d_696,29,0
d_6960,10,1
d_6961,49,0
d_6962,10,1
d_6963,36,0
d_6964,3,0
d_6965,31,0
d_6966,25,0
d_6967,25,0
d_6968,31,0
d_6969,25,0
d_697,7,0
d_6970,31,0
d_6971,36,0
d_6972,25,0
d_6973,25,0
d_6974,25,0
d_6975,31,0
d_6976,25,0
d_6977,31,0
d_6978,36,0
d_6979,36,0
d_698,7,0
d_6980,25,0
d_6981,25,0
d_6982,36,0
d_6983,36,0
d_6984,3,0
d_6985,25,0
d_6986,25,0
d_6987,3,0
d_6988,3,0
d_6989,36,0
d_699,44,0
d_6990,36,0
d_6991,36,0
d_6992,31,0
d_6993,31,0
d_6994,49,0
d_6995,3,0
d_6996,25,0
d_6997,36,0
d_6998,25,0
d_6999,3,0
d_7,11,0
d_70,29,0
d_700,44,0
d_7000,31,0
d_7001,49,0
d_7002,3,0
d_7003,36,0
d_7004,36,0
d_7005,49,0
d_7006,25,0
d_7007,25,0
d_7008,25,0
d_7009,25,0
d_701,2,0
d_7010,3,0
d_7011,31,0
d_7012,49,0
d_7013,36,0
d_7014,36,0
d_7015,31,0
d_7016,31,0
d_7017,25,0
d_7018,31,0
d_7019,3,0
d_702,7,0
d_7020,25,0
d_7021,25,0
d_7022,49,0
d_7023,3,0
d_7024,36,0
d_7025,3,0
d_7026,49,0
d_7027,49,0
d_7028,31,0
d_7029,3,0
d_703,29,0
d_7030,31,0
d_7031,49,0
d_7032,31,0
d_7033,36,0
d_7034,3,0
d_7035,31,0
d_7036,25,0
d_7037,3,0
d_7038,3,0
d_7039,36,0
d_704,29,0
d_7040,3,0
d_7041,31,0
d_7042,3,0
d_7043,25,0
d_7044,3,0
d_7045,31,0
d_7046,36,0
d_7047,25,0
d_7048,10,1
d_7049,3,0
d_705,2,0
d_7050,36,0
d_7051,36,0
d_7052,25,0
d_7053,3,0
d_7054,49,0
d_7055,49,0
d_7056,25,0
d_7057,31,0
d_7058,31,0
d_7059,36,0
d_706,29,0
d_7060,31,0
d_7061,3,0
d_7062,36,0
d_7063,31,0
d_7064,25,0
d_7065,3,0
d_7066,25,0
d_7067,25,0
d_7068,25,0
d_7069,3,0
d_707,7,0
d_7070,31,0
d_7071,49,0
d_7072,3,0
d_7073,25,0
d_7074,3,0
d_7075,36,0
d_7076,36,0
d_7077,25,0
d_7078,36,0
d_7079,25,0
d_708,2,0
d_7080,3,0
d_7081,31,0
d_7082,36,0
d_7083,49,0
d_7084,3,0
d_7085,49,0
d_7086,25,0
d_7087,25,0
d_7088,3,0
d_7089,25,0
d_709,11,0
d_7090,3,0
d_7091,36,0
d_7092,36,0
d_7093,25,0
d_7094,3,0
d_7095,3,0
d_7096,25,0
d_7097,36,0
d_7098,36,0
d_7099,3,0
d_71,11,0
d_710,11,0
d_7100,31,0
d_7101,25,0
d_7102,31,0
d_7103,31,0
d_7104,36,0
d_7105,36,0
d_7106,36,0
d_7107,36,0
d_7108,3,0
d_7109,3,0
d_711,29,0
d_7110,31,0
d_7111,25,0
d_7112,36,0
d_7113,36,0
d_7114,25,0
d_7115,3,0
d_7116,31,0
d_7117,31,0
d_7118,3,0
d_7119,36,0
d_712,29,0
d_7120,3,0
d_7121,25,0
d_7122,25,0
d_7123,3,0
d_7124,31,0
d_7125,36,0
d_7126,49,0
d_7127,10,1
d_7128,49,0
d_7129,31,0
d_713,7,0
d_7130,25,0
d_7131,3,0
d_7132,25,0
d_7133,25,0
d_7134,25,0
d_7135,25,0
d_7136,36,0
d_7137,31,0
d_7138,31,0
d_7139,36,0
d_714,2,0
d_7140,36,0
d_7141,3,0
d_7142,31,0
d_7143,25,0
d_7144,3,0
d_7145,3,0
d_7146,49,0
d_7147,3,0
d_7148,3,0
d_7149,3,0
d_715,11,0
d_7150,25,0
d_7151,25,0
d_7152,3,0
d_7153,31,0
d_7154,31,0
d_7155,36,0
d_7156,49,0
d_7157,25,0
d_7158,10,1
d_7159,49,0
d_716,7,0
d_7160,49,0
d_7161,36,0
d_7162,31,0
d_7163,31,0
d_7164,36,0
d_7165,36,0
d_7166,49,0
d_7167,25,0
d_7168,36,0
d_7169,3,0
d_717,29,0
d_7170,25,0
d_7171,31,0
d_7172,36,0
d_7173,49,0
d_7174,31,0
d_7175,25,0
d_7176,31,0
d_7177,25,0
d_7178,25,0
d_7179,25,0
d_718,11,0
d_7180,36,0
d_7181,25,0
d_7182,31,0
d_7183,3,0
d_7184,25,0
d_7185,3,0
d_7186,3,0
d_7187,31,0
d_7188,3,0
d_7189,3,0
d_719,7,0
d_7190,3,0
d_7191,36,0
d_7192,31,0
d_7193,49,0
d_7194,25,0
d_7195,49,0
d_7196,36,0
d_7197,49,0
d_7198,25,0
d_7199,3,0
d_72,11,0
d_720,7,0
d_7200,25,0
d_7201,3,0
d_7202,10,1
d_7203,3,0
d_7204,36,0
d_7205,36,0
d_7206,36,0
d_7207,31,0
d_7208,36,0
d_7209,25,0
d_721,11,0
d_7210,3,0
d_7211,36,0
d_7212,3,0
d_7213,49,0
d_7214,3,0
d_7215,3,0
d_7216,31,0
d_7217,3,0
d_7218,25,0
d_7219,36,0
d_722,2,0
d_7220,36,0
d_7221,3,0
d_7222,31,0
d_7223,49,0
d_7224,3,0
d_7225,36,0
d_7226,10,1
d_7227,31,0
d_7228,3,0
d_7229,36,0
d_723,7,0
d_7230,49,0
d_7231,3,0
d_7232,25,0
d_7233,3,0
d_7234,36,0
d_7235,3,0
d_7236,36,0
d_7237,36,0
d_7238,25,0
d_7239,36,0
d_724,11,0
d_7240,49,0
d_7241,31,0
d_7242,3,0
d_7243,25,0
d_7244,31,0
d_7245,31,0
d_7246,10,1
d_7247,25,0
d_7248,49,0
d_7249,25,0
d_725,11,0
d_7250,25,0
d_7251,49,0
d_7252,36,0
d_7253,36,0
d_7254,25,0
d_7255,25,0
d_7256,3,0
d_7257,49,0
d_7258,36,0
d_7259,49,0
d_726,11,0
d_7260,36,0
d_7261,10,1
d_7262,31,0
d_7263,31,0
d_7264,36,0
d_7265,31,0
d_7266,31,0
d_7267,25,0
d_7268,3,0
d_7269,36,0
d_727,11,0
d_7270,31,0
d_7271,3,0
d_7272,31,0
d_7273,3,0
d_7274,31,0
d_7275,3,0
d_7276,25,0
d_7277,3,0
d_7278,36,0
d_7279,3,0
d_728,29,0
d_7280,31,0
d_7281,10,1
d_7282,3,0
d_7283,36,0
d_7284,25,0
d_7285,36,0
d_7286,31,0
d_7287,25,0
d_7288,36,0
d_7289,36,0
d_729,11,0
d_7290,3,0
d_7291,25,0
d_7292,3,0
d_7293,3,0
d_7294,25,0
d_7295,3,0
d_7296,31,0
d_7297,49,0
d_7298,25,0
d_7299,3,0
d_73,7,0
d_730,7,0
d_7300,25,0
d_7301,3,0
d_7302,10,1
d_7303,49,0
d_7304,36,0
d_7305,25,0
d_7306,36,0
d_7307,25,0
d_7308,25,0
d_7309,49,0
d_731,29,0
d_7310,36,0
d_7311,10,1
d_7312,3,0
d_7313,36,0
d_7314,25,0
d_7315,3,0
d_7316,31,0
d_7317,36,0
d_7318,49,0
d_7319,25,0
d_732,11,0
d_7320,49,0
d_7321,49,0
d_7322,36,0
d_7323,25,0
d_7324,25,0
d_7325,3,0
d_7326,25,0
d_7327,31,0
d_7328,36,0
d_7329,31,0
d_733,44,0
d_7330,3,0
d_7331,3,0
d_7332,31,0
d_7333,25,0
d_7334,36,0
d_7335,25,0
d_7336,25,0
d_7337,36,0
d_7338,31,0
d_7339,31,0
d_734,2,0
d_7340,36,0
d_7341,3,0
d_7342,3,0
d_7343,25,0
d_7344,25,0
d_7345,3,0
d_7346,25,0
d_7347,31,0
d_7348,25,0
d_7349,25,0
d_735,44,0
d_7350,25,0
d_7351,3,0
d_7352,36,0
d_7353,36,0
d_7354,3,0
d_7355,36,0
d_7356,25,0
d_7357,3,0
d_7358,36,0
d_7359,36,0
d_736,11,0
d_7360,36,0
d_7361,36,0
d_7362,36,0
d_7363,31,0
d_7364,3,0
d_7365,46,1
d_7366,3,0
d_7367,49,0
d_7368,49,0
d_7369,25,0
d_737,29,0
d_7370,25,0
d_7371,3,0
d_7372,31,0
d_7373,3,0
d_7374,31,0
d_7375,31,0
d_7376,3,0
d_7377,25,0
d_7378,36,0
d_7379,25,0
d_738,11,0
d_7380,3,0
d_7381,25,0
d_7382,25,0
d_7383,3,0
d_7384,49,0
d_7385,10,1
d_7386,25,0
d_7387,3,0
d_7388,31,0
d_7389,3,0
d_739,29,0
d_7390,3,0
d_7391,49,0
d_7392,25,0
d_7393,10,1
d_7394,36,0
d_7395,31,0
d_7396,49,0
d_7397,3,0
d_7398,3,0
d_7399,31,0
d_74,11,0
d_740,7,0
d_7400,25,0
d_7401,3,0
d_7402,3,0
d_7403,31,0
d_7404,3,0
d_7405,3,0
d_7406,25,0
d_7407,31,0
d_7408,36,0
d_7409,31,0
d_741,7,0
d_7410,25,0
d_7411,25,0
d_7412,31,0
d_7413,36,0
d_7414,3,0
d_7415,36,0
d_7416,31,0
d_7417,36,0
d_7418,25,0
d_7419,31,0
d_742,7,0
d_7420,31,0
d_7421,36,0
d_7422,31,0
d_7423,3,0
d_7424,3,0
d_7425,31,0
d_7426,25,0
d_7427,31,0
d_7428,25,0
d_7429,31,0
d_743,29,0
d_7430,36,0
d_7431,3,0
d_7432,31,0
d_7433,10,1
d_7434,31,0
d_7435,25,0
d_7436,3,0
d_7437,36,0
d_7438,3,0
d_7439,25,0
d_744,29,0
d_7440,36,0
d_7441,3,0
d_7442,49,0
d_7443,36,0
d_7444,3,0
d_7445,31,0
d_7446,36,0
d_7447,3,0
d_7448,31,0
d_7449,31,0
d_745,11,0
d_7450,25,0
d_7451,25,0
d_7452,25,0
d_7453,25,0
d_7454,3,0
d_7455,3,0
d_7456,3,0
d_7457,3,0
d_7458,31,0
d_7459,10,1
d_746,11,0
d_7460,31,0
d_7461,3,0
d_7462,3,0
d_7463,25,0
d_7464,31,0
d_7465,10,1
d_7466,49,0
d_7467,25,0
d_7468,31,0
d_7469,49,0
d_747,7,0
d_7470,3,0
d_7471,36,0
d_7472,36,0
d_7473,25,0
d_7474,3,0
d_7475,36,0
d_7476,36,0
d_7477,3,0
d_7478,31,0
d_7479,36,0
d_748,29,0
d_7480,25,0
d_7481,3,0
d_7482,36,0
d_7483,3,0
d_7484,31,0
d_7485,3,0
d_7486,10,1
d_7487,31,0
d_7488,31,0
d_7489,36,0
d_749,7,0
d_7490,3,0
d_7491,36,0
d_7492,25,0
d_7493,31,0
d_7494,49,0
d_7495,49,0
d_7496,49,0
d_7497,36,0
d_7498,49,0
d_7499,25,0
d_75,7,0
d_750,2,0
d_7500,25,0
d_7501,49,0
d_7502,36,0
d_7503,31,0
d_7504,31,0
d_7505,31,0
d_7506,36,0
d_7507,36,0
d_7508,3,0
d_7509,31,0
d_751,7,0
d_7510,36,0
d_7511,25,0
d_7512,3,0
d_7513,3,0
d_7514,3,0
d_7515,25,0
d_7516,10,1
d_7517,31,0
d_7518,49,0
d_7519,31,0
d_752,44,0
d_7520,3,0
d_7521,36,0
d_7522,36,0
d_7523,3,0
d_7524,25,0
d_7525,36,0
d_7526,25,0
d_7527,25,0
d_7528,31,0
d_7529,31,0
d_753,7,0
d_7530,3,0
d_7531,36,0
d_7532,36,0
d_7533,25,0
d_7534,25,0
d_7535,36,0
d_7536,36,0
d_7537,36,0
d_7538,31,0
d_7539,3,0
d_754,44,0
d_7540,3,0
d_7541,31,0
d_7542,31,0
d_7543,25,0
d_7544,49,0
d_7545,25,0
d_7546,25,0
d_7547,25,0
d_7548,25,0
d_7549,31,0
d_755,11,0
d_7550,31,0
d_7551,36,0
d_7552,36,0
d_7553,31,0
d_7554,49,0
d_7555,3,0
d_7556,25,0
d_7557,25,0
d_7558,25,0
d_7559,49,0
d_756,2,0
d_7560,3,0
d_7561,36,0
d_7562,3,0
d_7563,31,0
d_7564,31,0
d_7565,25,0
d_7566,25,0
d_7567,3,0
d_7568,3,0
d_7569,10,1
d_757,7,0
d_7570,3,0
d_7571,25,0
d_7572,3,0
d_7573,3,0
d_7574,31,0
d_7575,31,0
d_7576,36,0
d_7577,25,0
d_7578,25,0
d_7579,31,0
d_758,44,0
d_7580,31,0
d_7581,36,0
d_7582,25,0
d_7583,36,0
d_7584,25,0
d_7585,3,0
d_7586,49,0
d_7587,25,0
d_7588,31,0
d_7589,25,0
d_759,29,0
d_7590,31,0
d_7591,25,0
d_7592,25,0
d_7593,49,0
d_7594,25,0
d_7595,36,0
d_7596,25,0
d_7597,3,0
d_7598,25,0
d_7599,3,0
d_76,11,0
d_760,11,0
d_7600,36,0
d_7601,25,0
d_7602,3,0
d_7603,25,0
d_7604,36,0
d_7605,25,0
d_7606,25,0
d_7607,25,0
d_7608,49,0
d_7609,49,0
d_761,11,0
d_7610,25,0
d_7611,31,0
d_7612,49,0
d_7613,25,0
d_7614,25,0
d_7615,25,0
d_7616,49,0
d_7617,25,0
d_7618,10,1
d_7619,36,0
d_762,11,0
d_7620,31,0
d_7621,49,0
d_7622,36,0
d_7623,3,0
d_7624,36,0
d_7625,31,0
d_7626,10,1
d_7627,25,0
d_7628,25,0
d_7629,25,0
d_763,29,0
d_7630,25,0
d_7631,3,0
d_7632,3,0
d_7633,3,0
d_7634,25,0
d_7635,3,0
d_7636,25,0
d_7637,36,0
d_7638,3,0
d_7639,31,0
d_764,11,0
d_7640,25,0
d_7641,31,0
d_7642,25,0
d_7643,49,0
d_7644,31,0
d_7645,36,0
d_7646,31,0
d_7647,36,0
d_7648,36,0
d_7649,31,0
d_765,44,0
d_7650,25,0
d_7651,3,0
d_7652,3,0
d_7653,3,0
d_7654,31,0
d_7655,10,1
d_7656,25,0
d_7657,36,0
d_7658,3,0
d_7659,49,0
d_766,29,0
d_7660,49,0
d_7661,36,0
d_7662,25,0
d_7663,31,0
d_7664,25,0
d_7665,3,0
d_7666,3,0
d_7667,25,0
d_7668,25,0
d_7669,25,0
d_767,29,0
d_7670,31,0
d_7671,36,0
d_7672,31,0
d_7673,25,0
d_7674,3,0
d_7675,31,0
d_7676,36,0
d_7677,36,0
d_7678,3,0
d_7679,31,0
d_768,11,0
d_7680,3,0
d_7681,49,0
d_7682,31,0
d_7683,25,0
d_7684,36,0
d_7685,31,0
d_7686,31,0
d_7687,31,0
d_7688,36,0
d_7689,3,0
d_769,44,0
d_7690,25,0
d_7691,31,0
d_7692,36,0
d_7693,31,0
d_7694,31,0
d_7695,25,0
d_7696,3,0
d_7697,3,0
d_7698,25,0
d_7699,31,0
d_77,29,0
d_770,7,0
d_7700,36,0
d_7701,49,0
d_7702,25,0
d_7703,25,0
d_7704,25,0
d_7705,49,0
d_7706,3,0
d_7707,49,0
d_7708,49,0
d_7709,25,0
d_771,2,0
d_7710,3,0
d_7711,25,0
d_7712,36,0
d_7713,36,0
d_7714,36,0
d_7715,36,0
d_7716,36,0
d_7717,3,0
d_7718,31,0
d_7719,49,0
d_772,7,0
d_7720,31,0
d_7721,25,0
d_7722,25,0
d_7723,25,0
d_7724,31,0
d_7725,36,0
d_7726,36,0
d_7727,25,0
d_7728,25,0
d_7729,25,0
d_773,7,0
d_7730,36,0
d_7731,3,0
d_7732,3,0
d_7733,31,0
d_7734,25,0
d_7735,10,1
d_7736,25,0
d_7737,10,1
d_7738,25,0
d_7739,36,0
d_774,11,0
d_7740,31,0
d_7741,3,0
d_7742,49,0
d_7743,36,0
d_7744,3,0
d_7745,49,0
d_7746,36,0
d_7747,3,0
d_7748,49,0
d_7749,36,0
d_775,29,0
d_7750,49,0
d_7751,25,0
d_7752,36,0
d_7753,36,0
d_7754,3,0
d_7755,36,0
d_7756,31,0
d_7757,25,0
d_7758,3,0
d_7759,25,0
d_776,44,0
d_7760,3,0
d_7761,25,0
d_7762,25,0
d_7763,25,0
d_7764,10,1
d_7765,3,0
d_7766,49,0
d_7767,36,0
d_7768,36,0
d_7769,3,0
d_777,29,0
d_7770,3,0
d_7771,3,0
d_7772,31,0
d_7773,3,0
d_7774,36,0
d_7775,36,0
d_7776,3,0
d_7777,3,0
d_7778,31,0
d_7779,25,0
d_778,7,0
d_7780,25,0
d_7781,25,0
d_7782,25,0
d_7783,49,0
d_7784,36,0
d_7785,3,0
d_7786,31,0
d_7787,31,0
d_7788,3,0
d_7789,25,0
d_779,2,0
d_7790,25,0
d_7791,36,0
d_7792,49,0
d_7793,36,0
d_7794,31,0
d_7795,31,0
d_7796,31,0
d_7797,36,0
d_7798,25,0
d_7799,25,0
d_78,2,0
d_780,7,0
d_7800,36,0
d_7801,36,0
d_7802,25,0
d_7803,3,0
d_7804,10,1
d_7805,31,0
d_7806,31,0
d_7807,3,0
d_7808,31,0
d_7809,49,0
d_781,11,0
d_7810,10,1
d_7811,3,0
d_7812,49,0
d_7813,36,0
d_7814,25,0
d_7815,36,0
d_7816,36,0
d_7817,36,0
d_7818,3,0
d_7819,31,0
d_782,11,0
d_7820,3,0
d_7821,3,0
d_7822,25,0
d_7823,36,0
d_7824,25,0
d_7825,25,0
d_7826,3,0
d_7827,25,0
d_7828,49,0
d_7829,25,0
d_783,29,0
d_7830,36,0
d_7831,49,0
d_7832,36,0
d_7833,36,0
d_7834,36,0
d_7835,36,0
d_7836,36,0
d_7837,36,0
d_7838,25,0
d_7839,36,0
d_784,11,0
d_7840,25,0
d_7841,25,0
d_7842,49,0
d_7843,31,0
d_7844,46,1
d_7845,31,0
d_7846,3,0
d_7847,31,0
d_7848,31,0
d_7849,25,0
d_785,11,0
d_7850,25,0
d_7851,25,0
d_7852,36,0
d_7853,31,0
d_7854,31,0
d_7855,3,0
d_7856,25,0
d_7857,31,0
d_7858,49,0
d_7859,36,0
d_786,7,0
d_7860,3,0
d_7861,3,0
d_7862,25,0
d_7863,10,1
d_7864,31,0
d_7865,31,0
d_7866,10,1
d_7867,36,0
d_7868,36,0
d_7869,36,0
d_787,44,0
d_7870,36,0
d_7871,49,0
d_7872,3,0
d_7873,3,0
d_7874,36,0
d_7875,36,0
d_7876,49,0
d_7877,31,0
d_7878,3,0
d_7879,3,0
d_788,2,0
d_7880,3,0
d_7881,31,0
d_7882,25,0
d_7883,10,1
d_7884,36,0
d_7885,36,0
d_7886,36,0
d_7887,3,0
d_7888,31,0
d_7889,3,0
d_789,2,0
d_7890,25,0
d_7891,31,0
d_7892,36,0
d_7893,3,0
d_7894,25,0
d_7895,25,0
d_7896,31,0
d_7897,36,0
d_7898,25,0
d_7899,36,0
d_79,2,0
d_790,11,0
d_7900,3,0
d_7901,31,0
d_7902,31,0
d_7903,10,1
d_7904,25,0
d_7905,25,0
d_7906,25,0
d_7907,49,0
d_7908,3,0
d_7909,25,0
d_791,44,0
d_7910,31,0
d_7911,36,0
d_7912,3,0
d_7913,36,0
d_7914,31,0
d_7915,25,0
d_7916,36,0
d_7917,36,0
d_7918,25,0
d_7919,3,0
d_792,11,0
d_7920,31,0
d_7921,31,0
d_7922,25,0
d_7923,3,0
d_7924,25,0
d_7925,36,0
d_7926,31,0
d_7927,31,0
d_7928,3,0
d_7929,36,0
d_793,7,0
d_7930,36,0
d_7931,25,0
d_7932,31,0
d_7933,3,0
d_7934,36,0
d_7935,25,0
d_7936,3,0
d_7937,3,0
d_7938,49,0
d_7939,36,0
d_794,11,0
d_7940,31,0
d_7941,25,0
d_7942,25,0
d_7943,36,0
d_7944,49,0
d_7945,31,0
d_7946,36,0
d_7947,10,1
d_7948,3,0
d_7949,3,0
d_795,7,0
d_7950,25,0
d_7951,49,0
d_7952,3,0
d_7953,25,0
d_7954,36,0
d_7955,3,0
d_7956,49,0
d_7957,25,0
d_7958,31,0
d_7959,36,0
d_796,2,0
d_7960,31,0
d_7961,36,0
d_7962,31,0
d_7963,31,0
d_7964,36,0
d_7965,10,1
d_7966,31,0
d_7967,49,0
d_7968,31,0
d_7969,31,0
d_797,11,0
d_7970,3,0
d_7971,25,0
d_7972,31,0
d_7973,3,0
d_7974,25,0
d_7975,36,0
d_7976,25,0
d_7977,3,0
d_7978,31,0
d_7979,36,0
d_798,11,0
d_7980,31,0
d_7981,36,0
d_7982,3,0
d_7983,10,1
d_7984,25,0
d_7985,25,0
d_7986,31,0
d_7987,25,0
d_7988,31,0
d_7989,3,0
d_799,2,0
d_7990,25,0
d_7991,25,0
d_7992,36,0
d_7993,3,0
d_7994,31,0
d_7995,10,1
d_7996,31,0
d_7997,31,0
d_7998,36,0
d_7999,3,0
d_8,11,0
d_80,11,0
d_800,11,0
d_8000,49,0
d_801,44,0
d_802,11,0
d_803,29,0
d_804,44,0
d_805,2,0
d_806,29,0
d_807,7,0
d_808,11,0
d_809,29,0
d_81,7,0
d_810,2,0
d_811,44,0
d_812,29,0
d_813,44,0
d_814,7,0
d_815,2,0
d_816,2,0
d_817,7,0
d_818,11,0
d_819,7,0
d_82,11,0
d_820,11,0
d_821,2,0
d_822,29,0
d_823,7,0
d_824,11,0
d_825,29,0
d_826,44,0
d_827,29,0
d_828,29,0
d_829,7,0
d_83,29,0
d_830,11,0
d_831,11,0
d_832,11,0
d_833,11,0
d_834,7,0
d_835,11,0
d_836,2,0
d_837,29,0
d_838,11,0
d_839,29,0
d_84,7,0
d_840,29,0
d_841,29,0
d_842,11,0
d_843,44,0
d_844,11,0
d_845,7,0
d_846,29,0
d_847,2,0
d_848,11,0
d_849,7,0
d_85,7,0
d_850,2,0
d_851,11,0
d_852,11,0
d_853,29,0
d_854,11,0
d_855,29,0
d_856,29,0
d_857,11,0
d_858,7,0
d_859,7,0
d_86,11,0
d_860,11,0
d_861,29,0
d_862,7,0
d_863,44,0
d_864,44,0
d_865,7,0
d_866,7,0
d_867,11,0
d_868,2,0
d_869,7,0
d_87,7,0
d_870,7,0
d_871,7,0
d_872,7,0
d_873,7,0
d_874,11,0
d_875,44,0
d_876,29,0
d_877,7,0
d_878,7,0
d_879,7,0
d_88,7,0
d_880,11,0
d_881,11,0
d_882,11,0
d_883,7,0
d_884,29,0
d_885,11,0
d_886,11,0
d_887,29,0
d_888,11,0
d_889,2,0
d_89,11,0
d_890,11,0
d_891,11,0
d_892,11,0
d_893,11,0
d_894,7,0
d_895,7,0
d_896,7,0
d_897,11,0
d_898,2,0
d_899,11,0
d_9,11,0
d_90,11,0
d_900,2,0
d_901,7,0
d_902,29,0
d_903,2,0
d_904,2,0
d_905,7,0
d_906,29,0
d_907,29,0
d_908,29,0
d_909,7,0
d_91,11,0
d_910,44,0
d_911,44,0
d_912,29,0
d_913,2,0
d_914,29,0
d_915,11,0
d_916,11,0
d_917,29,0
d_918,7,0
d_919,29,0
d_92,11,0
d_920,29,0
d_921,49,0
d_922,7,0
d_923,29,0
d_924,7,0
d_925,29,0
d_926,11,0
d_927,29,0
d_928,29,0
d_929,11,0
d_93,11,0
d_930,29,0
d_931,11,0
d_932,7,0
d_933,11,0
d_934,7,0
d_935,11,0
d_936,11,0
d_937,11,0
d_938,2,0
d_939,7,0
d_94,7,0
d_940,7,0
d_941,11,0
d_942,7,0
d_943,29,0
d_944,11,0
d_945,29,0
d_946,11,0
d_947,11,0
d_948,29,0
d_949,29,0
d_95,29,0
d_950,2,0
d_951,7,0
d_952,2,0
d_953,11,0
d_954,29,0
d_955,29,0
d_956,29,0
d_957,11,0
d_958,11,0
d_959,29,0
d_96,2,0
d_960,29,0
d_961,2,0
d_962,2,0
d_963,29,0
d_964,7,0
d_965,44,0
d_966,44,0
d_967,44,0
d_968,11,0
d_969,29,0
d_97,7,0
d_970,11,0
d_971,11,0
d_972,44,0
d_973,2,0
d_974,2,0
d_975,44,0
d_976,11,0
d_977,11,0
d_978,11,0
d_979,29,0
d_98,29,0
d_980,11,0
d_981,7,0
d_982,7,0
d_983,2,0
d_984,7,0
d_985,7,0
d_986,29,0
d_987,11,0
d_988,11,0
d_989,44,0
d_99,44,0
d_990,11,0
d_991,7,0
d_992,11,0
d_993,7,0
d_994,29,0
d_995,29,0
d_996,29,0
d_997,7,0
d_998,7,0
d_999,29,0
e_1,12,0
e_10,12,0
e_100,32,0
e_1000,12,0
e_1001,32,0
e_1002,32,0
e_1003,12,0
e_1004,12,0
e_1005,32,0
e_1006,12,0
e_1007,12,0
e_1008,32,0
e_1009,32,0
e_101,12,0
e_1010,12,0
e_1011,32,0
e_1012,12,0
e_1013,12,0
e_1014,32,0
e_1015,12,0
e_1016,32,0
e_1017,32,0
e_1018,12,0
e_1019,12,0
e_102,12,0
e_1020,12,0
e_1021,32,0
e_1022,12,0
e_1023,12,0
e_1024,32,0
e_1025,12,0
e_1026,32,0
e_1027,12,0
e_1028,32,0
e_1029,12,0
e_103,12,0
e_1030,12,0
e_1031,32,0
e_1032,32,0
e_1033,32,0
e_1034,12,0
e_1035,32,0
e_1036,12,0
e_1037,12,0
e_1038,32,0
e_1039,32,0
e_104,32,0
e_1040,32,0
e_1041,32,0
e_1042,32,0
e_1043,12,0
e_1044,12,0
e_1045,32,0
e_1046,32,0
e_1047,12,0
e_1048,32,0
e_1049,32,0
e_105,32,0
e_1050,12,0
e_1051,32,0
e_1052,32,0
e_1053,12,0
e_1054,32,0
e_1055,12,0
e_1056,32,0
e_1057,32,0
e_1058,32,0
e_1059,32,0
e_106,12,0
e_1060,12,0
e_1061,12,0
e_1062,12,0
e_1063,12,0
e_1064,32,0
e_1065,12,0
e_1066,12,0
e_1067,12,0
e_1068,12,0
e_1069,12,0
e_107,12,0
e_1070,32,0
e_1071,32,0
e_1072,12,0
e_1073,32,0
e_1074,32,0
e_1075,32,0
e_1076,12,0
e_1077,12,0
e_1078,32,0
e_1079,12,0
e_108,12,0
e_1080,12,0
e_1081,32,0
e_1082,32,0
e_1083,12,0
e_1084,12,0
e_1085,32,0
e_1086,12,0
e_1087,32,0
e_1088,32,0
e_1089,32,0
e_109,32,0
e_1090,32,0
e_1091,32,0
e_1092,32,0
e_1093,32,0
e_1094,12,0
e_1095,32,0
e_1096,12,0
e_1097,12,0
e_1098,12,0
e_1099,32,0
e_11,12,0
e_110,32,0
e_1100,12,0
e_1101,12,0
e_1102,32,0
e_1103,12,0
e_1104,12,0
e_1105,32,0
e_1106,12,0
e_1107,32,0
e_1108,12,0
e_1109,32,0
e_111,12,0
e_1110,32,0
e_1111,32,0
e_1112,12,0
e_1113,32,0
e_1114,32,0
e_1115,12,0
e_1116,12,0
e_1117,32,0
e_1118,12,0
e_1119,12,0
e_112,32,0
e_1120,32,0
e_1121,12,0
e_1122,32,0
e_1123,12,0
e_1124,12,0
e_1125,32,0
e_1126,32,0
e_1127,32,0
e_1128,12,0
e_1129,12,0
e_113,12,0
e_1130,32,0
e_1131,32,0
e_1132,12,0
e_1133,32,0
e_1134,32,0
e_1135,12,0
e_1136,12,0
e_1137,32,0
e_1138,12,0
e_1139,32,0
e_114,12,0
e_1140,12,0
e_1141,12,0
e_1142,12,0
e_1143,32,0
e_1144,12,0
e_1145,32,0
e_1146,32,0
e_1147,32,0
e_1148,32,0
e_1149,32,0
e_115,32,0
e_1150,12,0
e_1151,32,0
e_1152,32,0
e_1153,32,0
e_1154,32,0
e_1155,12,0
e_1156,32,0
e_1157,32,0
e_1158,32,0
e_1159,32,0
e_116,32,0
e_1160,32,0
e_1161,12,0
e_1162,32,0
e_1163,12,0
e_1164,32,0
e_1165,12,0
e_1166,12,0
e_1167,32,0
e_1168,32,0
e_1169,32,0
e_117,12,0
e_1170,12,0
e_1171,32,0
e_1172,12,0
e_1173,12,0
e_1174,32,0
e_1175,32,0
e_1176,32,0
e_1177,12,0
e_1178,12,0
e_1179,12,0
e_118,32,0
e_1180,12,0
e_1181,12,0
e_1182,32,0
e_1183,12,0
e_1184,12,0
e_1185,32,0
e_1186,32,0
e_1187,12,0
e_1188,12,0
e_1189,12,0
e_119,12,0
e_1190,32,0
e_1191,12,0
e_1192,12,0
e_1193,32,0
e_1194,32,0
e_1195,12,0
e_1196,12,0
e_1197,12,0
e_1198,32,0
e_1199,12,0
e_12,32,0
e_120,12,0
e_1200,32,0
e_1201,12,0
e_1202,12,0
e_1203,32,0
e_1204,32,0
e_1205,12,0
e_1206,12,0
e_1207,32,0
e_1208,32,0
e_1209,12,0
e_121,32,0
e_1210,12,0
e_1211,12,0
e_1212,32,0
e_1213,32,0
e_1214,32,0
e_1215,12,0
e_1216,12,0
e_1217,32,0
e_1218,32,0
e_1219,32,0
e_122,32,0
e_1220,32,0
e_1221,12,0
e_1222,12,0
e_1223,32,0
e_1224,12,0
e_1225,32,0
e_1226,32,0
e_1227,12,0
e_1228,12,0
e_1229,32,0
e_123,32,0
e_1230,32,0
e_1231,12,0
e_1232,32,0
e_1233,32,0
e_1234,32,0
e_1235,12,0
e_1236,12,0
e_1237,32,0
e_1238,32,0
e_1239,32,0
e_124,32,0
e_1240,32,0
e_1241,32,0
e_1242,12,0
e_1243,12,0
e_1244,12,0
e_1245,12,0
e_1246,32,0
e_1247,12,0
e_1248,32,0
e_1249,12,0
e_125,12,0
e_1250,12,0
e_1251,32,0
e_1252,12,0
e_1253,12,0
e_1254,12,0
e_1255,32,0
e_1256,32,0
e_1257,12,0
e_1258,12,0
e_1259,12,0
e_126,32,0
e_1260,32,0
e_1261,32,0
e_1262,32,0
e_1263,32,0
e_1264,12,0
e_1265,32,0
e_1266,12,0
e_1267,32,0
e_1268,12,0
e_1269,32,0
e_127,32,0
e_1270,12,0
e_1271,12,0
e_1272,12,0
e_1273,12,0
e_1274,32,0
e_1275,12,0
e_1276,12,0
e_1277,32,0
e_1278,32,0
e_1279,32,0
e_128,32,0
e_1280,12,0
e_1281,32,0
e_1282,32,0
e_1283,12,0
e_1284,12,0
e_1285,12,0
e_1286,32,0
e_1287,32,0
e_1288,12,0
e_1289,12,0
e_129,12,0
e_1290,12,0
e_1291,12,0
e_1292,12,0
e_1293,32,0
e_1294,32,0
e_1295,12,0
e_1296,32,0
e_1297,12,0
e_1298,12,0
e_1299,32,0
e_13,32,0
e_130,12,0
e_1300,32,0
e_1301,32,0
e_1302,32,0
e_1303,32,0
e_1304,32,0
e_1305,32,0
e_1306,32,0
e_1307,12,0
e_1308,12,0
e_1309,12,0
e_131,12,0
e_1310,12,0
e_1311,32,0
e_1312,32,0
e_1313,32,0
e_1314,32,0
e_1315,12,0
e_1316,32,0
e_1317,12,0
e_1318,12,0
e_1319,12,0
e_132,12,0
e_1320,12,0
e_1321,32,0
e_1322,12,0
e_1323,32,0
e_1324,12,0
e_1325,12,0
e_1326,32,0
e_1327,32,0
e_1328,32,0
e_1329,32,0
e_133,12,0
e_1330,12,0
e_1331,32,0
e_1332,12,0
e_1333,32,0
e_1334,12,0
e_1335,32,0
e_1336,32,0
e_1337,12,0
e_1338,12,0
e_1339,32,0
e_134,12,0
e_1340,32,0
e_1341,12,0
e_1342,32,0
e_1343,12,0
e_1344,32,0
e_1345,12,0
e_1346,12,0
e_1347,12,0
e_1348,32,0
e_1349,32,0
e_135,12,0
e_1350,32,0
e_1351,12,0
e_1352,32,0
e_1353,32,0
e_1354,12,0
e_1355,32,0
e_1356,12,0
e_1357,32,0
e_1358,12,0
e_1359,32,0
e_136,32,0
e_1360,12,0
e_1361,12,0
e_1362,12,0
e_1363,32,0
e_1364,12,0
e_1365,12,0
e_1366,32,0
e_1367,32,0
e_1368,12,0
e_1369,32,0
e_137,12,0
e_1370,32,0
e_1371,32,0
e_1372,32,0
e_1373,32,0
e_1374,32,0
e_1375,32,0
e_1376,12,0
e_1377,12,0
e_1378,32,0
e_1379,32,0
e_138,12,0
e_1380,12,0
e_1381,12,0
e_1382,12,0
e_1383,32,0
e_1384,12,0
e_1385,12,0
e_1386,12,0
e_1387,12,0
e_1388,32,0
e_1389,12,0
e_139,12,0
e_1390,32,0
e_1391,12,0
e_1392,12,0
e_1393,12,0
e_1394,12,0
e_1395,32,0
e_1396,12,0
e_1397,32,0
e_1398,32,0
e_1399,32,0
e_14,12,0
e_140,12,0
e_1400,32,0
e_1401,32,0
e_1402,12,0
e_1403,32,0
e_1404,12,0
e_1405,12,0
e_1406,12,0
e_1407,32,0
e_1408,32,0
e_1409,32,0
e_141,12,0
e_1410,32,0
e_1411,32,0
e_1412,12,0
e_1413,32,0
e_1414,12,0
e_1415,32,0
e_1416,12,0
e_1417,12,0
e_1418,12,0
e_1419,12,0
e_142,32,0
e_1420,12,0
e_1421,12,0
e_1422,12,0
e_1423,32,0
e_1424,32,0
e_1425,32,0
e_1426,32,0
e_1427,32,0
e_1428,32,0
e_1429,12,0
e_143,12,0
e_1430,32,0
e_1431,12,0
e_1432,32,0
e_1433,32,0
e_1434,32,0
e_1435,12,0
e_1436,32,0
e_1437,12,0
e_1438,32,0
e_1439,32,0
e_144,32,0
e_1440,32,0
e_1441,32,0
e_1442,32,0
e_1443,12,0
e_1444,12,0
e_1445,12,0
e_1446,12,0
e_1447,12,0
e_1448,32,0
e_1449,32,0
e_145,12,0
e_1450,32,0
e_1451,12,0
e_1452,32,0
e_1453,32,0
e_1454,32,0
e_1455,32,0
e_1456,32,0
e_1457,32,0
e_1458,32,0
e_1459,12,0
e_146,12,0
e_1460,32,0
e_1461,32,0
e_1462,12,0
e_1463,32,0
e_1464,12,0
e_1465,12,0
e_1466,32,0
e_1467,12,0
e_1468,12,0
e_1469,32,0
e_147,12,0
e_1470,32,0
e_1471,12,0
e_1472,12,0
e_1473,32,0
e_1474,32,0
e_1475,32,0
e_1476,32,0
e_1477,32,0
e_1478,12,0
e_1479,32,0
e_148,12,0
e_1480,12,0
e_1481,32,0
e_1482,32,0
e_1483,12,0
e_1484,12,0
e_1485,12,0
e_1486,32,0
e_1487,12,0
e_1488,12,0
e_1489,12,0
e_149,32,0
e_1490,32,0
e_1491,32,0
e_1492,32,0
e_1493,32,0
e_1494,32,0
e_1495,32,0
e_1496,32,0
e_1497,32,0
e_1498,12,0
e_1499,32,0
e_15,12,0
e_150,12,0
e_1500,32,0
e_1501,32,0
e_1502,32,0
e_1503,32,0
e_1504,12,0
e_1505,32,0
e_1506,12,0
e_1507,12,0
e_1508,12,0
e_1509,12,0
e_151,12,0
e_1510,12,0
e_1511,12,0
e_1512,12,0
e_1513,12,0
e_1514,32,0
e_1515,32,0
e_1516,12,0
e_1517,32,0
e_1518,12,0
e_1519,32,0
e_152,32,0
e_1520,32,0
e_1521,32,0
e_1522,12,0
e_1523,32,0
e_1524,12,0
e_1525,32,0
e_1526,32,0
e_1527,32,0
e_1528,32,0
e_1529,12,0
e_153,12,0
e_1530,12,0
e_1531,12,0
e_1532,12,0
e_1533,12,0
e_1534,12,0
e_1535,12,0
e_1536,12,0
e_1537,12,0
e_1538,12,0
e_1539,32,0
e_154,12,0
e_1540,12,0
e_1541,12,0
e_1542,32,0
e_1543,32,0
e_1544,32,0
e_1545,12,0
e_1546,32,0
e_1547,32,0
e_1548,32,0
e_1549,32,0
e_155,12,0
e_1550,32,0
e_1551,12,0
e_1552,32,0
e_1553,32,0
e_1554,32,0
e_1555,32,0
e_1556,12,0
e_1557,32,0
e_1558,12,0
e_1559,32,0
e_156,12,0
e_1560,12,0
e_1561,12,0
e_1562,12,0
e_1563,12,0
e_1564,12,0
e_1565,32,0
e_1566,32,0
e_1567,32,0
e_1568,12,0
e_1569,12,0
e_157,32,0
e_1570,12,0
e_1571,32,0
e_1572,32,0
e_1573,32,0
e_1574,12,0
e_1575,32,0
e_1576,32,0
e_1577,12,0
e_1578,12,0
e_1579,32,0
e_158,12,0
e_1580,12,0
e_1581,12,0
e_1582,12,0
e_1583,32,0
e_1584,32,0
e_1585,32,0
e_1586,12,0
e_1587,12,0
e_1588,12,0
e_1589,32,0
e_159,12,0
e_1590,32,0
e_1591,12,0
e_1592,32,0
e_1593,12,0
e_1594,32,0
e_1595,12,0
e_1596,12,0
e_1597,32,0
e_1598,32,0
e_1599,12,0
e_16,12,0
e_160,12,0
e_1600,32,0
e_1601,32,0
e_1602,32,0
e_1603,32,0
e_1604,12,0
e_1605,12,0
e_1606,32,0
e_1607,32,0
e_1608,12,0
e_1609,12,0
e_161,32,0
e_1610,32,0
e_1611,12,0
e_1612,32,0
e_1613,12,0
e_1614,32,0
e_1615,12,0
e_1616,12,0
e_1617,39,1
e_1618,32,0
e_1619,32,0
e_162,32,0
e_1620,32,0
e_1621,12,0
e_1622,32,0
e_1623,32,0
e_1624,32,0
e_1625,32,0
e_1626,12,0
e_1627,32,0
e_1628,12,0
e_1629,12,0
e_163,32,0
e_1630,12,0
e_1631,32,0
e_1632,32,0
e_1633,12,0
e_1634,32,0
e_1635,12,0
e_1636,32,0
e_1637,12,0
e_1638,12,0
e_1639,12,0
e_164,32,0
e_1640,12,0
e_1641,32,0
e_1642,12,0
e_1643,32,0
e_1644,12,0
e_1645,12,0
e_1646,32,0
e_1647,12,0
e_1648,32,0
e_1649,12,0
e_165,32,0
e_1650,12,0
e_1651,12,0
e_1652,32,0
e_1653,32,0
e_1654,12,0
e_1655,12,0
e_1656,12,0
e_1657,32,0
e_1658,32,0
e_1659,32,0
e_166,12,0
e_1660,32,0
e_1661,32,0
e_1662,32,0
e_1663,32,0
e_1664,12,0
e_1665,12,0
e_1666,12,0
e_1667,32,0
e_1668,32,0
e_1669,12,0
e_167,32,0
e_1670,32,0
e_1671,32,0
e_1672,12,0
e_1673,12,0
e_1674,32,0
e_1675,32,0
e_1676,32,0
e_1677,32,0
e_1678,32,0
e_1679,12,0
e_168,32,0
e_1680,12,0
e_1681,32,0
e_1682,32,0
e_1683,12,0
e_1684,12,0
e_1685,12,0
e_1686,12,0
e_1687,12,0
e_1688,12,0
e_1689,12,0
e_169,12,0
e_1690,32,0
e_1691,32,0
e_1692,32,0
e_1693,12,0
e_1694,12,0
e_1695,12,0
e_1696,12,0
e_1697,32,0
e_1698,12,0
e_1699,12,0
e_17,12,0
e_170,12,0
e_1700,12,0
e_1701,32,0
e_1702,32,0
e_1703,32,0
e_1704,32,0
e_1705,12,0
e_1706,32,0
e_1707,32,0
e_1708,32,0
e_1709,32,0
e_171,32,0
e_1710,32,0
e_1711,12,0
e_1712,32,0
e_1713,12,0
e_1714,32,0
e_1715,32,0
e_1716,12,0
e_1717,32,0
e_1718,12,0
e_1719,32,0
e_172,32,0
e_1720,12,0
e_1721,12,0
e_1722,12,0
e_1723,32,0
e_1724,12,0
e_1725,12,0
e_1726,12,0
e_1727,32,0
e_1728,32,0
e_1729,12,0
e_173,32,0
e_1730,32,0
e_1731,12,0
e_1732,32,0
e_1733,32,0
e_1734,12,0
e_1735,12,0
e_1736,12,0
e_1737,32,0
e_1738,32,0
e_1739,32,0
e_174,32,0
e_1740,12,0
e_1741,12,0
e_1742,12,0
e_1743,12,0
e_1744,32,0
e_1745,32,0
e_1746,12,0
e_1747,12,0
e_1748,12,0
e_1749,32,0
e_175,12,0
e_1750,32,0
e_1751,32,0
e_1752,12,0
e_1753,32,0
e_1754,12,0
e_1755,32,0
e_1756,12,0
e_1757,32,0
e_1758,12,0
e_1759,12,0
e_176,12,0
e_1760,32,0
e_1761,32,0
e_1762,12,0
e_1763,12,0
e_1764,12,0
e_1765,12,0
e_1766,32,0
e_1767,12,0
e_1768,12,0
e_1769,32,0
e_177,32,0
e_1770,32,0
e_1771,32,0
e_1772,12,0
e_1773,32,0
e_1774,32,0
e_1775,12,0
e_1776,12,0
e_1777,12,0
e_1778,12,0
e_1779,32,0
e_178,32,0
e_1780,12,0
e_1781,32,0
e_1782,12,0
e_1783,32,0
e_1784,32,0
e_1785,32,0
e_1786,12,0
e_1787,32,0
e_1788,12,0
e_1789,32,0
e_179,32,0
e_1790,32,0
e_1791,12,0
e_1792,12,0
e_1793,12,0
e_1794,12,0
e_1795,32,0
e_1796,12,0
e_1797,32,0
e_1798,12,0
e_1799,32,0
e_18,12,0
e_180,12,0
e_1800,32,0
e_1801,12,0
e_1802,32,0
e_1803,12,0
e_1804,12,0
e_1805,32,0
e_1806,32,0
e_1807,32,0
e_1808,12,0
e_1809,12,0
e_181,12,0
e_1810,32,0
e_1811,32,0
e_1812,32,0
e_1813,12,0
e_1814,32,0
e_1815,12,0
e_1816,12,0
e_1817,32,0
e_1818,32,0
e_1819,12,0
e_182,32,0
e_1820,12,0
e_1821,12,0
e_1822,12,0
e_1823,32,0
e_1824,12,0
e_1825,12,0
e_1826,32,0
e_1827,12,0
e_1828,12,0
e_1829,32,0
e_183,32,0
e_1830,12,0
e_1831,32,0
e_1832,12,0
e_1833,12,0
e_1834,32,0
e_1835,12,0
e_1836,32,0
e_1837,32,0
e_1838,32,0
e_1839,32,0
e_184,32,0
e_1840,12,0
e_1841,32,0
e_1842,32,0
e_1843,32,0
e_1844,32,0
e_1845,32,0
e_1846,32,0
e_1847,32,0
e_1848,32,0
e_1849,12,0
e_185,32,0
e_1850,32,0
e_1851,12,0
e_1852,12,0
e_1853,32,0
e_1854,12,0
e_1855,12,0
e_1856,12,0
e_1857,32,0
e_1858,32,0
e_1859,32,0
e_186,12,0
e_1860,12,0
e_1861,12,0
e_1862,32,0
e_1863,12,0
e_1864,12,0
e_1865,12,0
e_1866,12,0
e_1867,12,0
e_1868,12,0
e_1869,32,0
e_187,32,0
e_1870,32,0
e_1871,32,0
e_1872,12,0
e_1873,32,0
e_1874,12,0
e_1875,12,0
e_1876,12,0
e_1877,12,0
e_1878,12,0
e_1879,12,0
e_188,12,0
e_1880,32,0
e_1881,12,0
e_1882,32,0
e_1883,32,0
e_1884,12,0
e_1885,12,0
e_1886,12,0
e_1887,12,0
e_1888,32,0
e_1889,32,0
e_189,32,0
e_1890,32,0
e_1891,32,0
e_1892,32,0
e_1893,32,0
e_1894,12,0
e_1895,12,0
e_1896,32,0
e_1897,32,0
e_1898,32,0
e_1899,32,0
e_19,12,0
e_190,32,0
e_1900,12,0
e_1901,32,0
e_1902,32,0
e_1903,32,0
e_1904,12,0
e_1905,32,0
e_1906,12,0
e_1907,12,0
e_1908,32,0
e_1909,32,0
e_191,32,0
e_1910,32,0
e_1911,12,0
e_1912,12,0
e_1913,32,0
e_1914,12,0
e_1915,12,0
e_1916,12,0
e_1917,32,0
e_1918,12,0
e_1919,12,0
e_192,32,0
e_1920,32,0
e_1921,12,0
e_1922,32,0
e_1923,12,0
e_1924,32,0
e_1925,32,0
e_1926,32,0
e_1927,32,0
e_1928,32,0
e_1929,12,0
e_193,12,0
e_1930,12,0
e_1931,32,0
e_1932,32,0
e_1933,32,0
e_1934,32,0
e_1935,12,0
e_1936,12,0
e_1937,32,0
e_1938,32,0
e_1939,12,0
e_194,32,0
e_1940,32,0
e_1941,12,0
e_1942,12,0
e_1943,32,0
e_1944,32,0
e_1945,12,0
e_1946,32,0
e_1947,12,0
e_1948,32,0
e_1949,12,0
e_195,12,0
e_1950,12,0
e_1951,12,0
e_1952,32,0
e_1953,12,0
e_1954,32,0
e_1955,32,0
e_1956,12,0
e_1957,12,0
e_1958,32,0
e_1959,12,0
e_196,12,0
e_1960,32,0
e_1961,32,0
e_1962,32,0
e_1963,12,0
e_1964,12,0
e_1965,32,0
e_1966,12,0
e_1967,32,0
e_1968,32,0
e_1969,12,0
e_197,32,0
e_1970,12,0
e_1971,12,0
e_1972,12,0
e_1973,32,0
e_1974,32,0
e_1975,12,0
e_1976,32,0
e_1977,32,0
e_1978,32,0
e_1979,32,0
e_198,12,0
e_1980,32,0
e_1981,12,0
e_1982,32,0
e_1983,12,0
e_1984,32,0
e_1985,12,0
e_1986,32,0
e_1987,32,0
e_1988,32,0
e_1989,12,0
e_199,32,0
e_1990,12,0
e_1991,32,0
e_1992,32,0
e_1993,32,0
e_1994,12,0
e_1995,12,0
e_1996,32,0
e_1997,12,0
e_1998,32,0
e_1999,12,0
e_2,32,0
e_20,32,0
e_200,32,0
e_2000,32,0
e_2001,32,0
e_2002,32,0
e_2003,32,0
e_2004,32,0
e_2005,12,0
e_2006,32,0
e_2007,12,0
e_2008,32,0
e_2009,12,0
e_201,12,0
e_2010,12,0
e_2011,12,0
e_2012,12,0
e_2013,32,0
e_2014,12,0
e_2015,12,0
e_2016,12,0
e_2017,12,0
e_2018,32,0
e_2019,32,0
e_202,12,0
e_2020,12,0
e_2021,12,0
e_2022,12,0
e_2023,32,0
e_2024,32,0
e_2025,12,0
e_2026,32,0
e_2027,32,0
e_2028,12,0
e_2029,32,0
e_203,12,0
e_2030,32,0
e_2031,12,0
e_2032,12,0
e_2033,12,0
e_2034,32,0
e_2035,32,0
e_2036,32,0
e_2037,32,0
e_2038,12,0
e_2039,12,0
e_204,12,0
e_2040,12,0
e_2041,12,0
e_2042,12,0
e_2043,12,0
e_2044,12,0
e_2045,12,0
e_2046,32,0
e_2047,32,0
e_2048,32,0
e_2049,12,0
e_205,12,0
e_2050,12,0
e_2051,12,0
e_2052,32,0
e_2053,32,0
e_2054,12,0
e_2055,12,0
e_2056,12,0
e_2057,12,0
e_2058,32,0
e_2059,32,0
e_206,32,0
e_2060,32,0
e_2061,12,0
e_2062,32,0
e_2063,32,0
e_2064,32,0
e_2065,32,0
e_2066,12,0
e_2067,12,0
e_2068,12,0
e_2069,12,0
e_207,32,0
e_2070,12,0
e_2071,12,0
e_2072,32,0
e_2073,32,0
e_2074,32,0
e_2075,32,0
e_2076,32,0
e_2077,12,0
e_2078,12,0
e_2079,12,0
e_208,32,0
e_2080,12,0
e_2081,32,0
e_2082,32,0
e_2083,32,0
e_2084,12,0
e_2085,12,0
e_2086,12,0
e_2087,32,0
e_2088,12,0
e_2089,32,0
e_209,32,0
e_2090,12,0
e_2091,32,0
e_2092,32,0
e_2093,12,0
e_2094,12,0
e_2095,32,0
e_2096,32,0
e_2097,12,0
e_2098,32,0
e_2099,32,0
e_21,12,0
e_210,32,0
e_2100,32,0
e_2101,12,0
e_2102,12,0
e_2103,32,0
e_2104,12,0
e_2105,12,0
e_2106,32,0
e_2107,12,0
e_2108,12,0
e_2109,12,0
e_211,32,0
e_2110,32,0
e_2111,32,0
e_2112,32,0
e_2113,32,0
e_2114,12,0
e_2115,12,0
e_2116,12,0
e_2117,12,0
e_2118,32,0
e_2119,32,0
e_212,12,0
e_2120,32,0
e_2121,12,0
e_2122,32,0
e_2123,12,0
e_2124,32,0
e_2125,32,0
e_2126,12,0
e_2127,12,0
e_2128,32,0
e_2129,12,0
e_213,12,0
e_2130,12,0
e_2131,32,0
e_2132,12,0
e_2133,32,0
e_2134,12,0
e_2135,12,0
e_2136,12,0
e_2137,32,0
e_2138,32,0
e_2139,32,0
e_214,32,0
e_2140,12,0
e_2141,12,0
e_2142,32,0
e_2143,12,0
e_2144,12,0
e_2145,32,0
e_2146,32,0
e_2147,32,0
e_2148,32,0
e_2149,12,0
e_215,32,0
e_2150,12,0
e_2151,32,0
e_2152,12,0
e_2153,32,0
e_2154,12,0
e_2155,32,0
e_2156,12,0
e_2157,12,0
e_2158,32,0
e_2159,32,0
e_216,32,0
e_2160,32,0
e_2161,12,0
e_2162,32,0
e_2163,12,0
e_2164,32,0
e_2165,12,0
e_2166,32,0
e_2167,12,0
e_2168,12,0
e_2169,12,0
e_217,12,0
e_2170,12,0
e_2171,12,0
e_2172,32,0
e_2173,12,0
e_2174,32,0
e_2175,32,0
e_2176,32,0
e_2177,12,0
e_2178,32,0
e_2179,12,0
e_218,12,0
e_2180,12,0
e_2181,12,0
e_2182,12,0
e_2183,32,0
e_2184,12,0
e_2185,32,0
e_2186,12,0
e_2187,12,0
e_2188,32,0
e_2189,12,0
e_219,12,0
e_2190,12,0
e_2191,32,0
e_2192,12,0
e_2193,32,0
e_2194,12,0
e_2195,32,0
e_2196,12,0
e_2197,32,0
e_2198,12,0
e_2199,12,0
e_22,12,0
e_220,12,0
e_2200,32,0
e_2201,32,0
e_2202,32,0
e_2203,12,0
e_2204,12,0
e_2205,32,0
e_2206,32,0
e_2207,12,0
e_2208,32,0
e_2209,12,0
e_221,12,0
e_2210,32,0
e_2211,32,0
e_2212,12,0
e_2213,12,0
e_2214,32,0
e_2215,12,0
e_2216,32,0
e_2217,12,0
e_2218,12,0
e_2219,32,0
e_222,12,0
e_2220,12,0
e_2221,12,0
e_2222,32,0
e_2223,12,0
e_2224,12,0
e_2225,32,0
e_2226,32,0
e_2227,12,0
e_2228,12,0
e_2229,12,0
e_223,12,0
e_2230,32,0
e_2231,32,0
e_2232,12,0
e_2233,12,0
e_2234,32,0
e_2235,12,0
e_2236,32,0
e_2237,32,0
e_2238,12,0
e_2239,12,0
e_224,12,0
e_2240,32,0
e_2241,12,0
e_2242,32,0
e_2243,12,0
e_2244,32,0
e_2245,12,0
e_2246,32,0
e_2247,32,0
e_2248,12,0
e_2249,12,0
e_225,12,0
e_2250,32,0
e_2251,32,0
e_2252,32,0
e_2253,12,0
e_2254,32,0
e_2255,32,0
e_2256,12,0
e_2257,32,0
e_2258,32,0
e_2259,32,0
e_226,32,0
e_2260,12,0
e_2261,12,0
e_2262,12,0
e_2263,32,0
e_2264,12,0
e_2265,32,0
e_2266,32,0
e_2267,32,0
e_2268,32,0
e_2269,12,0
e_227,32,0
e_2270,12,0
e_2271,32,0
e_2272,12,0
e_2273,32,0
e_2274,12,0
e_2275,12,0
e_2276,12,0
e_2277,12,0
e_2278,32,0
e_2279,12,0
e_228,32,0
e_2280,12,0
e_2281,12,0
e_2282,12,0
e_2283,12,0
e_2284,12,0
e_2285,12,0
e_2286,32,0
e_2287,32,0
e_2288,12,0
e_2289,12,0
e_229,12,0
e_2290,32,0
e_2291,12,0
e_2292,32,0
e_2293,12,0
e_2294,12,0
e_2295,32,0
e_2296,12,0
e_2297,12,0
e_2298,12,0
e_2299,32,0
e_23,12,0
e_230,12,0
e_2300,12,0
e_2301,12,0
e_2302,12,0
e_2303,12,0
e_2304,12,0
e_2305,32,0
e_2306,12,0
e_2307,12,0
e_2308,12,0
e_2309,12,0
e_231,12,0
e_2310,32,0
e_2311,12,0
e_2312,12,0
e_2313,32,0
e_2314,12,0
e_2315,32,0
e_2316,32,0
e_2317,32,0
e_2318,12,0
e_2319,32,0
e_232,12,0
e_2320,12,0
e_2321,12,0
e_2322,12,0
e_2323,12,0
e_2324,12,0
e_2325,12,0
e_2326,12,0
e_2327,32,0
e_2328,12,0
e_2329,12,0
e_233,32,0
e_2330,12,0
e_2331,12,0
e_2332,32,0
e_2333,12,0
e_2334,32,0
e_2335,12,0
e_2336,32,0
e_2337,32,0
e_2338,32,0
e_2339,32,0
e_234,32,0
e_2340,12,0
e_2341,12,0
e_2342,12,0
e_2343,32,0
e_2344,12,0
e_2345,32,0
e_2346,12,0
e_2347,32,0
e_2348,12,0
e_2349,32,0
e_235,32,0
e_2350,32,0
e_2351,12,0
e_2352,12,0
e_2353,12,0
e_2354,32,0
e_2355,12,0
e_2356,32,0
e_2357,12,0
e_2358,32,0
e_2359,32,0
e_236,32,0
e_2360,12,0
e_2361,12,0
e_2362,12,0
e_2363,12,0
e_2364,39,1
e_2365,32,0
e_2366,12,0
e_2367,32,0
e_2368,12,0
e_2369,32,0
e_237,12,0
e_2370,12,0
e_2371,12,0
e_2372,12,0
e_2373,32,0
e_2374,32,0
e_2375,32,0
e_2376,12,0
e_2377,12,0
e_2378,32,0
e_2379,12,0
e_238,12,0
e_2380,32,0
e_2381,32,0
e_2382,32,0
e_2383,12,0
e_2384,12,0
e_2385,32,0
e_2386,32,0
e_2387,12,0
e_2388,12,0
e_2389,32,0
e_239,12,0
e_2390,12,0
e_2391,32,0
e_2392,12,0
e_2393,32,0
e_2394,12,0
e_2395,12,0
e_2396,12,0
e_2397,32,0
e_2398,12,0
e_2399,32,0
e_24,12,0
e_240,32,0
e_2400,12,0
e_2401,32,0
e_2402,32,0
e_2403,12,0
e_2404,32,0
e_2405,32,0
e_2406,12,0
e_2407,12,0
e_2408,12,0
e_2409,32,0
e_241,32,0
e_2410,32,0
e_2411,12,0
e_2412,32,0
e_2413,12,0
e_2414,32,0
e_2415,12,0
e_2416,12,0
e_2417,12,0
e_2418,12,0
e_2419,12,0
e_242,12,0
e_2420,12,0
e_2421,32,0
e_2422,32,0
e_2423,32,0
e_2424,12,0
e_2425,32,0
e_2426,12,0
e_2427,32,0
e_2428,32,0
e_2429,12,0
e_243,32,0
e_2430,32,0
e_2431,12,0
e_2432,12,0
e_2433,32,0
e_2434,32,0
e_2435,32,0
e_2436,32,0
e_2437,32,0
e_2438,32,0
e_2439,12,0
e_244,32,0
e_2440,32,0
e_2441,32,0
e_2442,32,0
e_2443,32,0
e_2444,12,0
e_2445,32,0
e_2446,32,0
e_2447,32,0
e_2448,12,0
e_2449,12,0
e_245,32,0
e_2450,12,0
e_2451,12,0
e_2452,32,0
e_2453,12,0
e_2454,32,0
e_2455,12,0
e_2456,32,0
e_2457,12,0
e_2458,32,0
e_2459,12,0
e_246,32,0
e_2460,32,0
e_2461,12,0
e_2462,32,0
e_2463,12,0
e_2464,12,0
e_2465,32,0
e_2466,32,0
e_2467,12,0
e_2468,12,0
e_2469,32,0
e_247,32,0
e_2470,12,0
e_2471,32,0
e_2472,32,0
e_2473,32,0
e_2474,12,0
e_2475,12,0
e_2476,32,0
e_2477,32,0
e_2478,32,0
e_2479,12,0
e_248,12,0
e_2480,32,0
e_2481,12,0
e_2482,32,0
e_2483,32,0
e_2484,12,0
e_2485,32,0
e_2486,32,0
e_2487,12,0
e_2488,32,0
e_2489,12,0
e_249,12,0
e_2490,12,0
e_2491,12,0
e_2492,12,0
e_2493,12,0
e_2494,32,0
e_2495,12,0
e_2496,32,0
e_2497,32,0
e_2498,12,0
e_2499,32,0
e_25,12,0
e_250,32,0
e_2500,12,0
e_2501,32,0
e_2502,12,0
e_2503,12,0
e_2504,32,0
e_2505,12,0
e_2506,32,0
e_2507,12,0
e_2508,32,0
e_2509,32,0
e_251,12,0
e_2510,32,0
e_2511,32,0
e_2512,32,0
e_2513,32,0
e_2514,32,0
e_2515,12,0
e_2516,32,0
e_2517,32,0
e_2518,32,0
e_2519,12,0
e_252,32,0
e_2520,32,0
e_2521,32,0
e_2522,12,0
e_2523,12,0
e_2524,32,0
e_2525,12,0
e_2526,32,0
e_2527,12,0
e_2528,32,0
e_2529,32,0
e_253,32,0
e_2530,12,0
e_2531,12,0
e_2532,12,0
e_2533,12,0
e_2534,32,0
e_2535,32,0
e_2536,12,0
e_2537,32,0
e_2538,12,0
e_2539,12,0
e_254,12,0
e_2540,12,0
e_2541,12,0
e_2542,12,0
e_2543,32,0
e_2544,12,0
e_2545,32,0
e_2546,12,0
e_2547,32,0
e_2548,32,0
e_2549,12,0
e_255,32,0
e_2550,32,0
e_2551,12,0
e_2552,12,0
e_2553,32,0
e_2554,12,0
e_2555,12,0
e_2556,12,0
e_2557,12,0
e_2558,12,0
e_2559,12,0
e_256,32,0
e_2560,32,0
e_2561,32,0
e_2562,32,0
e_2563,32,0
e_2564,32,0
e_2565,32,0
e_2566,12,0
e_2567,12,0
e_2568,32,0
e_2569,12,0
e_257,12,0
e_2570,32,0
e_2571,12,0
e_2572,32,0
e_2573,32,0
e_2574,12,0
e_2575,32,0
e_2576,12,0
e_2577,32,0
e_2578,32,0
e_2579,32,0
e_258,12,0
e_2580,32,0
e_2581,12,0
e_2582,12,0
e_2583,12,0
e_2584,12,0
e_2585,12,0
e_2586,32,0
e_2587,12,0
e_2588,32,0
e_2589,12,0
e_259,12,0
e_2590,32,0
e_2591,32,0
e_2592,12,0
e_2593,12,0
e_2594,32,0
e_2595,32,0
e_2596,12,0
e_2597,12,0
e_2598,32,0
e_2599,32,0
e_26,12,0
e_260,32,0
e_2600,32,0
e_2601,12,0
e_2602,12,0
e_2603,32,0
e_2604,12,0
e_2605,32,0
e_2606,32,0
e_2607,12,0
e_2608,12,0
e_2609,12,0
e_261,32,0
e_2610,12,0
e_2611,12,0
e_2612,12,0
e_2613,32,0
e_2614,12,0
e_2615,32,0
e_2616,12,0
e_2617,12,0
e_2618,12,0
e_2619,12,0
e_262,12,0
e_2620,12,0
e_2621,12,0
e_2622,12,0
e_2623,32,0
e_2624,32,0
e_2625,32,0
e_2626,32,0
e_2627,32,0
e_2628,32,0
e_2629,32,0
e_263,32,0
e_2630,32,0
e_2631,32,0
e_2632,32,0
e_2633,12,0
e_2634,12,0
e_2635,32,0
e_2636,12,0
e_2637,12,0
e_2638,32,0
e_2639,12,0
e_264,12,0
e_2640,32,0
e_2641,12,0
e_2642,32,0
e_2643,12,0
e_2644,32,0
e_2645,32,0
e_2646,12,0
e_2647,12,0
e_2648,12,0
e_2649,32,0
e_265,32,0
e_2650,32,0
e_2651,12,0
e_2652,12,0
e_2653,32,0
e_2654,32,0
e_2655,12,0
e_2656,12,0
e_2657,32,0
e_2658,32,0
e_2659,12,0
e_266,32,0
e_2660,32,0
e_2661,32,0
e_2662,32,0
e_2663,32,0
e_2664,32,0
e_2665,32,0
e_2666,32,0
e_2667,32,0
e_2668,32,0
e_2669,32,0
e_267,32,0
e_2670,12,0
e_2671,12,0
e_2672,32,0
e_2673,12,0
e_2674,12,0
e_2675,12,0
e_2676,32,0
e_2677,12,0
e_2678,32,0
e_2679,12,0
e_268,12,0
e_2680,12,0
e_2681,12,0
e_2682,32,0
e_2683,32,0
e_2684,12,0
e_2685,12,0
e_2686,32,0
e_2687,12,0
e_2688,12,0
e_2689,32,0
e_269,32,0
e_2690,32,0
e_2691,12,0
e_2692,32,0
e_2693,32,0
e_2694,12,0
e_2695,12,0
e_2696,32,0
e_2697,12,0
e_2698,12,0
e_2699,12,0
e_27,32,0
e_270,12,0
e_2700,12,0
e_2701,32,0
e_2702,32,0
e_2703,32,0
e_2704,32,0
e_2705,12,0
e_2706,12,0
e_2707,12,0
e_2708,12,0
e_2709,12,0
e_271,12,0
e_2710,32,0
e_2711,32,0
e_2712,12,0
e_2713,12,0
e_2714,32,0
e_2715,12,0
e_2716,32,0
e_2717,32,0
e_2718,12,0
e_2719,32,0
e_272,12,0
e_2720,32,0
e_2721,12,0
e_2722,12,0
e_2723,12,0
e_2724,12,0
e_2725,12,0
e_2726,12,0
e_2727,12,0
e_2728,12,0
e_2729,12,0
e_273,12,0
e_2730,12,0
e_2731,12,0
e_2732,12,0
e_2733,32,0
e_2734,32,0
e_2735,32,0
e_2736,32,0
e_2737,32,0
e_2738,32,0
e_2739,32,0
e_274,12,0
e_2740,12,0
e_2741,12,0
e_2742,12,0
e_2743,32,0
e_2744,12,0
e_2745,32,0
e_2746,32,0
e_2747,32,0
e_2748,32,0
e_2749,12,0
e_275,32,0
e_2750,12,0
e_2751,12,0
e_2752,12,0
e_2753,12,0
e_2754,32,0
e_2755,12,0
e_2756,12,0
e_2757,32,0
e_2758,12,0
e_2759,12,0
e_276,12,0
e_2760,12,0
e_2761,12,0
e_2762,12,0
e_2763,12,0
e_2764,12,0
e_2765,12,0
e_2766,12,0
e_2767,32,0
e_2768,32,0
e_2769,32,0
e_277,32,0
e_2770,32,0
e_2771,12,0
e_2772,32,0
e_2773,12,0
e_2774,12,0
e_2775,12,0
e_2776,12,0
e_2777,32,0
e_2778,32,0
e_2779,12,0
e_278,12,0
e_2780,32,0
e_2781,12,0
e_2782,32,0
e_2783,12,0
e_2784,32,0
e_2785,32,0
e_2786,12,0
e_2787,12,0
e_2788,12,0
e_2789,32,0
e_279,32,0
e_2790,32,0
e_2791,12,0
e_2792,32,0
e_2793,12,0
e_2794,32,0
e_2795,12,0
e_2796,32,0
e_2797,32,0
e_2798,32,0
e_2799,32,0
e_28,32,0
e_280,12,0
e_2800,12,0
e_2801,32,0
e_2802,12,0
e_2803,12,0
e_2804,32,0
e_2805,32,0
e_2806,12,0
e_2807,32,0
e_2808,32,0
e_2809,32,0
e_281,32,0
e_2810,32,0
e_2811,32,0
e_2812,12,0
e_2813,32,0
e_2814,12,0
e_2815,12,0
e_2816,32,0
e_2817,32,0
e_2818,12,0
e_2819,12,0
e_282,12,0
e_2820,12,0
e_2821,32,0
e_2822,32,0
e_2823,12,0
e_2824,12,0
e_2825,32,0
e_2826,12,0
e_2827,32,0
e_2828,32,0
e_2829,32,0
e_283,12,0
e_2830,32,0
e_2831,32,0
e_2832,32,0
e_2833,32,0
e_2834,32,0
e_2835,12,0
e_2836,32,0
e_2837,32,0
e_2838,12,0
e_2839,32,0
e_284,32,0
e_2840,12,0
e_2841,32,0
e_2842,12,0
e_2843,12,0
e_2844,32,0
e_2845,12,0
e_2846,32,0
e_2847,32,0
e_2848,32,0
e_2849,32,0
e_285,32,0
e_2850,12,0
e_2851,12,0
e_2852,32,0
e_2853,12,0
e_2854,12,0
e_2855,32,0
e_2856,12,0
e_2857,12,0
e_2858,12,0
e_2859,12,0
e_286,32,0
e_2860,32,0
e_2861,32,0
e_2862,12,0
e_2863,12,0
e_2864,32,0
e_2865,32,0
e_2866,32,0
e_2867,32,0
e_2868,32,0
e_2869,12,0
e_287,12,0
e_2870,12,0
e_2871,12,0
e_2872,12,0
e_2873,32,0
e_2874,32,0
e_2875,12,0
e_2876,32,0
e_2877,12,0
e_2878,32,0
e_2879,32,0
e_288,12,0
e_2880,12,0
e_2881,32,0
e_2882,32,0
e_2883,32,0
e_2884,12,0
e_2885,32,0
e_2886,12,0
e_2887,12,0
e_2888,12,0
e_2889,12,0
e_289,12,0
e_2890,12,0
e_2891,12,0
e_2892,32,0
e_2893,12,0
e_2894,32,0
e_2895,12,0
e_2896,12,0
e_2897,12,0
e_2898,12,0
e_2899,32,0
e_29,32,0
e_290,12,0
e_2900,32,0
e_2901,32,0
e_2902,32,0
e_2903,32,0
e_2904,32,0
e_2905,32,0
e_2906,32,0
e_2907,12,0
e_2908,32,0
e_2909,12,0
e_291,12,0
e_2910,12,0
e_2911,12,0
e_2912,12,0
e_2913,32,0
e_2914,32,0
e_2915,12,0
e_2916,12,0
e_2917,32,0
e_2918,32,0
e_2919,12,0
e_292,12,0
e_2920,32,0
e_2921,12,0
e_2922,12,0
e_2923,32,0
e_2924,12,0
e_2925,32,0
e_2926,12,0
e_2927,32,0
e_2928,12,0
e_2929,32,0
e_293,12,0
e_2930,12,0
e_2931,12,0
e_2932,12,0
e_2933,12,0
e_2934,32,0
e_2935,12,0
e_2936,32,0
e_2937,32,0
e_2938,12,0
e_2939,12,0
e_294,12,0
e_2940,12,0
e_2941,12,0
e_2942,12,0
e_2943,12,0
e_2944,32,0
e_2945,12,0
e_2946,12,0
e_2947,12,0
e_2948,32,0
e_2949,32,0
e_295,32,0
e_2950,32,0
e_2951,12,0
e_2952,32,0
e_2953,32,0
e_2954,12,0
e_2955,32,0
e_2956,12,0
e_2957,12,0
e_2958,32,0
e_2959,32,0
e_296,32,0
e_2960,32,0
e_2961,32,0
e_2962,12,0
e_2963,32,0
e_2964,12,0
e_2965,12,0
e_2966,32,0
e_2967,12,0
e_2968,32,0
e_2969,32,0
e_297,32,0
e_2970,12,0
e_2971,12,0
e_2972,32,0
e_2973,12,0
e_2974,12,0
e_2975,12,0
e_2976,12,0
e_2977,32,0
e_2978,32,0
e_2979,32,0
e_298,12,0
e_2980,12,0
e_2981,12,0
e_2982,12,0
e_2983,32,0
e_2984,32,0
e_2985,12,0
e_2986,32,0
e_2987,32,0
e_2988,12,0
e_2989,32,0
e_299,32,0
e_2990,12,0
e_2991,32,0
e_2992,12,0
e_2993,32,0
e_2994,12,0
e_2995,32,0
e_2996,12,0
e_2997,32,0
e_2998,12,0
e_2999,32,0
e_3,12,0
e_30,12,0
e_300,32,0
e_3000,12,0
e_3001,32,0
e_3002,12,0
e_3003,32,0
e_3004,12,0
e_3005,32,0
e_3006,12,0
e_3007,32,0
e_3008,12,0
e_3009,12,0
e_301,12,0
e_3010,32,0
e_3011,32,0
e_3012,12,0
e_3013,12,0
e_3014,32,0
e_3015,12,0
e_3016,32,0
e_3017,32,0
e_3018,12,0
e_3019,12,0
e_302,32,0
e_3020,12,0
e_3021,12,0
e_3022,32,0
e_3023,32,0
e_3024,12,0
e_3025,12,0
e_3026,12,0
e_3027,32,0
e_3028,32,0
e_3029,32,0
e_303,12,0
e_3030,12,0
e_3031,32,0
e_3032,32,0
e_3033,12,0
e_3034,12,0
e_3035,12,0
e_3036,32,0
e_3037,12,0
e_3038,12,0
e_3039,12,0
e_304,32,0
e_3040,32,0
e_3041,12,0
e_3042,32,0
e_3043,32,0
e_3044,32,0
e_3045,32,0
e_3046,32,0
e_3047,12,0
e_3048,32,0
e_3049,12,0
e_305,12,0
e_3050,32,0
e_3051,32,0
e_3052,12,0
e_3053,32,0
e_3054,32,0
e_3055,32,0
e_3056,32,0
e_3057,12,0
e_3058,32,0
e_3059,32,0
e_306,12,0
e_3060,12,0
e_3061,32,0
e_3062,32,0
e_3063,32,0
e_3064,32,0
e_3065,32,0
e_3066,12,0
e_3067,12,0
e_3068,12,0
e_3069,32,0
e_307,32,0
e_3070,32,0
e_3071,12,0
e_3072,32,0
e_3073,32,0
e_3074,32,0
e_3075,12,0
e_3076,12,0
e_3077,12,0
e_3078,12,0
e_3079,12,0
e_308,32,0
e_3080,32,0
e_3081,32,0
e_3082,12,0
e_3083,32,0
e_3084,12,0
e_3085,32,0
e_3086,12,0
e_3087,32,0
e_3088,12,0
e_3089,12,0
e_309,32,0
e_3090,12,0
e_3091,12,0
e_3092,32,0
e_3093,12,0
e_3094,12,0
e_3095,32,0
e_3096,12,0
e_3097,32,0
e_3098,32,0
e_3099,32,0
e_31,32,0
e_310,12,0
e_3100,12,0
e_3101,12,0
e_3102,12,0
e_3103,32,0
e_3104,32,0
e_3105,12,0
e_3106,32,0
e_3107,32,0
e_3108,32,0
e_3109,32,0
e_311,12,0
e_3110,12,0
e_3111,12,0
e_3112,32,0
e_3113,32,0
e_3114,32,0
e_3115,32,0
e_3116,32,0
e_3117,32,0
e_3118,12,0
e_3119,12,0
e_312,32,0
e_3120,12,0
e_3121,32,0
e_3122,12,0
e_3123,32,0
e_3124,32,0
e_3125,12,0
e_3126,12,0
e_3127,32,0
e_3128,12,0
e_3129,12,0
e_313,12,0
e_3130,12,0
e_3131,32,0
e_3132,32,0
e_3133,12,0
e_3134,12,0
e_3135,12,0
e_3136,12,0
e_3137,12,0
e_3138,32,0
e_3139,12,0
e_314,32,0
e_3140,12,0
e_3141,32,0
e_3142,12,0
e_3143,32,0
e_3144,12,0
e_3145,32,0
e_3146,12,0
e_3147,32,0
e_3148,12,0
e_3149,12,0
e_315,32,0
e_3150,32,0
e_3151,12,0
e_3152,12,0
e_3153,12,0
e_3154,12,0
e_3155,32,0
e_3156,32,0
e_3157,32,0
e_3158,12,0
e_3159,32,0
e_316,12,0
e_3160,32,0
e_3161,12,0
e_3162,32,0
e_3163,12,0
e_3164,12,0
e_3165,12,0
e_3166,12,0
e_3167,12,0
e_3168,32,0
e_3169,32,0
e_317,32,0
e_3170,12,0
e_3171,12,0
e_3172,12,0
e_3173,12,0
e_3174,32,0
e_3175,12,0
e_3176,12,0
e_3177,32,0
e_3178,12,0
e_3179,12,0
e_318,32,0
e_3180,12,0
e_3181,32,0
e_3182,12,0
e_3183,12,0
e_3184,32,0
e_3185,12,0
e_3186,32,0
e_3187,32,0
e_3188,32,0
e_3189,32,0
e_319,32,0
e_3190,12,0
e_3191,12,0
e_3192,32,0
e_3193,32,0
e_3194,12,0
e_3195,12,0
e_3196,32,0
e_3197,32,0
e_3198,12,0
e_3199,12,0
e_32,32,0
e_320,32,0
e_3200,32,0
e_3201,12,0
e_3202,12,0
e_3203,32,0
e_3204,32,0
e_3205,12,0
e_3206,12,0
e_3207,32,0
e_3208,12,0
e_3209,32,0
e_321,32,0
e_3210,32,0
e_3211,32,0
e_3212,12,0
e_3213,12,0
e_3214,12,0
e_3215,12,0
e_3216,12,0
e_3217,12,0
e_3218,12,0
e_3219,12,0
e_322,32,0
e_3220,12,0
e_3221,32,0
e_3222,32,0
e_3223,12,0
e_3224,32,0
e_3225,12,0
e_3226,32,0
e_3227,12,0
e_3228,32,0
e_3229,12,0
e_323,12,0
e_3230,32,0
e_3231,12,0
e_3232,32,0
e_3233,32,0
e_3234,32,0
e_3235,12,0
e_3236,32,0
e_3237,12,0
e_3238,12,0
e_3239,32,0
e_324,12,0
e_3240,32,0
e_3241,32,0
e_3242,12,0
e_3243,32,0
e_3244,12,0
e_3245,32,0
e_3246,12,0
e_3247,32,0
e_3248,32,0
e_3249,32,0
e_325,12,0
e_3250,32,0
e_3251,32,0
e_3252,12,0
e_3253,32,0
e_3254,12,0
e_3255,32,0
e_3256,12,0
e_3257,32,0
e_3258,12,0
e_3259,32,0
e_326,12,0
e_3260,32,0
e_3261,12,0
e_3262,12,0
e_3263,12,0
e_3264,32,0
e_3265,32,0
e_3266,32,0
e_3267,12,0
e_3268,12,0
e_3269,32,0
e_327,32,0
e_3270,32,0
e_3271,12,0
e_3272,32,0
e_3273,32,0
e_3274,32,0
e_3275,32,0
e_3276,32,0
e_3277,32,0
e_3278,32,0
e_3279,12,0
e_328,32,0
e_3280,32,0
e_3281,32,0
e_3282,32,0
e_3283,12,0
e_3284,32,0
e_3285,32,0
e_3286,12,0
e_3287,12,0
e_3288,32,0
e_3289,12,0
e_329,32,0
e_3290,12,0
e_3291,32,0
e_3292,12,0
e_3293,32,0
e_3294,32,0
e_3295,32,0
e_3296,32,0
e_3297,32,0
e_3298,32,0
e_3299,12,0
e_33,32,0
e_330,32,0
e_3300,12,0
e_3301,32,0
e_3302,12,0
e_3303,12,0
e_3304,12,0
e_3305,32,0
e_3306,32,0
e_3307,12,0
e_3308,32,0
e_3309,12,0
e_331,32,0
e_3310,12,0
e_3311,12,0
e_3312,32,0
e_3313,32,0
e_3314,12,0
e_3315,32,0
e_3316,32,0
e_3317,32,0
e_3318,32,0
e_3319,12,0
e_332,12,0
e_3320,12,0
e_3321,32,0
e_3322,32,0
e_3323,12,0
e_3324,12,0
e_3325,32,0
e_3326,12,0
e_3327,32,0
e_3328,12,0
e_3329,12,0
e_333,32,0
e_3330,32,0
e_3331,12,0
e_3332,12,0
e_3333,12,0
e_3334,32,0
e_3335,32,0
e_3336,12,0
e_3337,12,0
e_3338,12,0
e_3339,12,0
e_334,12,0
e_3340,32,0
e_3341,12,0
e_3342,12,0
e_3343,32,0
e_3344,12,0
e_3345,12,0
e_3346,32,0
e_3347,32,0
e_3348,12,0
e_3349,12,0
e_335,12,0
e_3350,32,0
e_3351,12,0
e_3352,12,0
e_3353,32,0
e_3354,32,0
e_3355,12,0
e_3356,12,0
e_3357,12,0
e_3358,12,0
e_3359,12,0
e_336,32,0
e_3360,12,0
e_3361,12,0
e_3362,32,0
e_3363,12,0
e_3364,32,0
e_3365,32,0
e_3366,12,0
e_3367,32,0
e_3368,32,0
e_3369,12,0
e_337,12,0
e_3370,32,0
e_3371,12,0
e_3372,32,0
e_3373,32,0
e_3374,32,0
e_3375,12,0
e_3376,12,0
e_3377,12,0
e_3378,12,0
e_3379,32,0
e_338,12,0
e_3380,12,0
e_3381,12,0
e_3382,32,0
e_3383,12,0
e_3384,32,0
e_3385,12,0
e_3386,12,0
e_3387,32,0
e_3388,32,0
e_3389,12,0
e_339,12,0
e_3390,32,0
e_3391,12,0
e_3392,32,0
e_3393,12,0
e_3394,12,0
e_3395,32,0
e_3396,12,0
e_3397,32,0
e_3398,12,0
e_3399,32,0
e_34,32,0
e_340,12,0
e_3400,32,0
e_3401,12,0
e_3402,12,0
e_3403,12,0
e_3404,32,0
e_3405,12,0
e_3406,12,0
e_3407,32,0
e_3408,12,0
e_3409,32,0
e_341,32,0
e_3410,12,0
e_3411,32,0
e_3412,12,0
e_3413,12,0
e_3414,32,0
e_3415,12,0
e_3416,32,0
e_3417,32,0
e_3418,32,0
e_3419,32,0
e_342,12,0
e_3420,32,0
e_3421,32,0
e_3422,32,0
e_3423,32,0
e_3424,32,0
e_3425,32,0
e_3426,12,0
e_3427,32,0
e_3428,12,0
e_3429,12,0
e_343,12,0
e_3430,32,0
e_3431,32,0
e_3432,12,0
e_3433,12,0
e_3434,32,0
e_3435,32,0
e_3436,12,0
e_3437,32,0
e_3438,32,0
e_3439,12,0
e_344,32,0
e_3440,32,0
e_3441,12,0
e_3442,12,0
e_3443,12,0
e_3444,12,0
e_3445,32,0
e_3446,12,0
e_3447,12,0
e_3448,32,0
e_3449,12,0
e_345,12,0
e_3450,32,0
e_3451,32,0
e_3452,32,0
e_3453,32,0
e_3454,32,0
e_3455,32,0
e_3456,12,0
e_3457,12,0
e_3458,12,0
e_3459,32,0
e_346,12,0
e_3460,12,0
e_3461,12,0
e_3462,32,0
e_3463,12,0
e_3464,12,0
e_3465,12,0
e_3466,12,0
e_3467,32,0
e_3468,12,0
e_3469,12,0
e_347,32,0
e_3470,32,0
e_3471,12,0
e_3472,12,0
e_3473,12,0
e_3474,12,0
e_3475,32,0
e_3476,12,0
e_3477,12,0
e_3478,12,0
e_3479,32,0
e_348,32,0
e_3480,32,0
e_3481,12,0
e_3482,32,0
e_3483,12,0
e_3484,12,0
e_3485,32,0
e_3486,12,0
e_3487,32,0
e_3488,32,0
e_3489,32,0
e_349,32,0
e_3490,12,0
e_3491,12,0
e_3492,32,0
e_3493,12,0
e_3494,12,0
e_3495,12,0
e_3496,32,0
e_3497,32,0
e_3498,12,0
e_3499,32,0
e_35,12,0
e_350,12,0
e_3500,12,0
e_3501,12,0
e_3502,32,0
e_3503,32,0
e_3504,32,0
e_3505,32,0
e_3506,32,0
e_3507,32,0
e_3508,32,0
e_3509,32,0
e_351,32,0
e_3510,12,0
e_3511,12,0
e_3512,32,0
e_3513,12,0
e_3514,12,0
e_3515,12,0
e_3516,32,0
e_3517,12,0
e_3518,32,0
e_3519,32,0
e_352,32,0
e_3520,32,0
e_3521,32,0
e_3522,32,0
e_3523,32,0
e_3524,32,0
e_3525,32,0
e_3526,12,0
e_3527,32,0
e_3528,12,0
e_3529,32,0
e_353,32,0
e_3530,32,0
e_3531,32,0
e_3532,32,0
e_3533,12,0
e_3534,12,0
e_3535,12,0
e_3536,32,0
e_3537,32,0
e_3538,32,0
e_3539,32,0
e_354,32,0
e_3540,32,0
e_3541,12,0
e_3542,32,0
e_3543,32,0
e_3544,32,0
e_3545,32,0
e_3546,32,0
e_3547,12,0
e_3548,12,0
e_3549,12,0
e_355,32,0
e_3550,12,0
e_3551,32,0
e_3552,32,0
e_3553,12,0
e_3554,12,0
e_3555,32,0
e_3556,12,0
e_3557,12,0
e_3558,32,0
e_3559,12,0
e_356,32,0
e_3560,12,0
e_3561,12,0
e_3562,12,0
e_3563,32,0
e_3564,12,0
e_3565,32,0
e_3566,12,0
e_3567,32,0
e_3568,12,0
e_3569,32,0
e_357,12,0
e_3570,32,0
e_3571,12,0
e_3572,32,0
e_3573,32,0
e_3574,32,0
e_3575,12,0
e_3576,32,0
e_3577,32,0
e_3578,12,0
e_3579,32,0
e_358,12,0
e_3580,12,0
e_3581,12,0
e_3582,12,0
e_3583,12,0
e_3584,32,0
e_3585,32,0
e_3586,12,0
e_3587,32,0
e_3588,12,0
e_3589,12,0
e_359,12,0
e_3590,32,0
e_3591,12,0
e_3592,12,0
e_3593,32,0
e_3594,32,0
e_3595,12,0
e_3596,12,0
e_3597,12,0
e_3598,12,0
e_3599,32,0
e_36,12,0
e_360,12,0
e_3600,12,0
e_3601,12,0
e_3602,32,0
e_3603,12,0
e_3604,32,0
e_3605,12,0
e_3606,32,0
e_3607,12,0
e_3608,12,0
e_3609,32,0
e_361,12,0
e_3610,32,0
e_3611,12,0
e_3612,32,0
e_3613,32,0
e_3614,12,0
e_3615,12,0
e_3616,32,0
e_3617,12,0
e_3618,12,0
e_3619,12,0
e_362,32,0
e_3620,12,0
e_3621,12,0
e_3622,32,0
e_3623,12,0
e_3624,32,0
e_3625,12,0
e_3626,32,0
e_3627,32,0
e_3628,32,0
e_3629,32,0
e_363,32,0
e_3630,12,0
e_3631,12,0
e_3632,12,0
e_3633,32,0
e_3634,12,0
e_3635,12,0
e_3636,32,0
e_3637,12,0
e_3638,12,0
e_3639,32,0
e_364,32,0
e_3640,32,0
e_3641,12,0
e_3642,32,0
e_3643,32,0
e_3644,32,0
e_3645,32,0
e_3646,12,0
e_3647,12,0
e_3648,32,0
e_3649,32,0
e_365,12,0
e_3650,32,0
e_3651,32,0
e_3652,12,0
e_3653,12,0
e_3654,12,0
e_3655,12,0
e_3656,32,0
e_3657,32,0
e_3658,32,0
e_3659,32,0
e_366,12,0
e_3660,12,0
e_3661,32,0
e_3662,12,0
e_3663,12,0
e_3664,12,0
e_3665,12,0
e_3666,12,0
e_3667,32,0
e_3668,32,0
e_3669,12,0
e_367,32,0
e_3670,12,0
e_3671,32,0
e_3672,12,0
e_3673,32,0
e_3674,32,0
e_3675,32,0
e_3676,32,0
e_3677,12,0
e_3678,32,0
e_3679,32,0
e_368,12,0
e_3680,12,0
e_3681,32,0
e_3682,32,0
e_3683,12,0
e_3684,32,0
e_3685,32,0
e_3686,32,0
e_3687,32,0
e_3688,32,0
e_3689,32,0
e_369,12,0
e_3690,12,0
e_3691,32,0
e_3692,12,0
e_3693,32,0
e_3694,12,0
e_3695,12,0
e_3696,32,0
e_3697,12,0
e_3698,12,0
e_3699,12,0
e_37,32,0
e_370,12,0
e_3700,12,0
e_3701,12,0
e_3702,32,0
e_3703,12,0
e_3704,32,0
e_3705,12,0
e_3706,32,0
e_3707,32,0
e_3708,12,0
e_3709,12,0
e_371,12,0
e_3710,32,0
e_3711,12,0
e_3712,32,0
e_3713,12,0
e_3714,32,0
e_3715,32,0
e_3716,32,0
e_3717,12,0
e_3718,12,0
e_3719,12,0
e_372,32,0
e_3720,32,0
e_3721,12,0
e_3722,12,0
e_3723,12,0
e_3724,32,0
e_3725,32,0
e_3726,12,0
e_3727,12,0
e_3728,12,0
e_3729,32,0
e_373,32,0
e_3730,32,0
e_3731,12,0
e_3732,12,0
e_3733,32,0
e_3734,12,0
e_3735,12,0
e_3736,32,0
e_3737,12,0
e_3738,12,0
e_3739,32,0
e_374,12,0
e_3740,32,0
e_3741,32,0
e_3742,12,0
e_3743,32,0
e_3744,32,0
e_3745,32,0
e_3746,32,0
e_3747,12,0
e_3748,12,0
e_3749,12,0
e_375,32,0
e_3750,32,0
e_3751,32,0
e_3752,32,0
e_3753,32,0
e_3754,32,0
e_3755,32,0
e_3756,32,0
e_3757,32,0
e_3758,12,0
e_3759,32,0
e_376,32,0
e_3760,12,0
e_3761,32,0
e_3762,12,0
e_3763,12,0
e_3764,12,0
e_3765,12,0
e_3766,12,0
e_3767,12,0
e_3768,32,0
e_3769,32,0
e_377,32,0
e_3770,12,0
e_3771,32,0
e_3772,12,0
e_3773,12,0
e_3774,32,0
e_3775,12,0
e_3776,32,0
e_3777,12,0
e_3778,12,0
e_3779,32,0
e_378,32,0
e_3780,12,0
e_3781,12,0
e_3782,32,0
e_3783,32,0
e_3784,12,0
e_3785,12,0
e_3786,32,0
e_3787,32,0
e_3788,12,0
e_3789,32,0
e_379,12,0
e_3790,32,0
e_3791,32,0
e_3792,12,0
e_3793,32,0
e_3794,12,0
e_3795,32,0
e_3796,32,0
e_3797,12,0
e_3798,32,0
e_3799,32,0
e_38,32,0
e_380,12,0
e_3800,32,0
e_3801,32,0
e_3802,32,0
e_3803,12,0
e_3804,32,0
e_3805,32,0
e_3806,32,0
e_3807,32,0
e_3808,12,0
e_3809,32,0
e_381,32,0
e_3810,32,0
e_3811,12,0
e_3812,32,0
e_3813,32,0
e_3814,32,0
e_3815,12,0
e_3816,32,0
e_3817,32,0
e_3818,12,0
e_3819,12,0
e_382,32,0
e_3820,32,0
e_3821,12,0
e_3822,32,0
e_3823,12,0
e_3824,12,0
e_3825,12,0
e_3826,32,0
e_3827,12,0
e_3828,12,0
e_3829,32,0
e_383,12,0
e_3830,32,0
e_3831,32,0
e_3832,12,0
e_3833,32,0
e_3834,32,0
e_3835,12,0
e_3836,12,0
e_3837,32,0
e_3838,32,0
e_3839,12,0
e_384,12,0
e_3840,12,0
e_3841,32,0
e_3842,32,0
e_3843,12,0
e_3844,12,0
e_3845,12,0
e_3846,12,0
e_3847,32,0
e_3848,12,0
e_3849,12,0
e_385,32,0
e_3850,12,0
e_3851,32,0
e_3852,12,0
e_3853,12,0
e_3854,12,0
e_3855,12,0
e_3856,12,0
e_3857,12,0
e_3858,12,0
e_3859,32,0
e_386,12,0
e_3860,12,0
e_3861,12,0
e_3862,32,0
e_3863,32,0
e_3864,32,0
e_3865,12,0
e_3866,12,0
e_3867,12,0
e_3868,32,0
e_3869,12,0
e_387,32,0
e_3870,12,0
e_3871,32,0
e_3872,12,0
e_3873,12,0
e_3874,12,0
e_3875,32,0
e_3876,12,0
e_3877,12,0
e_3878,32,0
e_3879,12,0
e_388,32,0
e_3880,32,0
e_3881,12,0
e_3882,32,0
e_3883,12,0
e_3884,32,0
e_3885,12,0
e_3886,12,0
e_3887,32,0
e_3888,12,0
e_3889,12,0
e_389,12,0
e_3890,12,0
e_3891,32,0
e_3892,32,0
e_3893,32,0
e_3894,32,0
e_3895,12,0
e_3896,12,0
e_3897,12,0
e_3898,32,0
e_3899,12,0
e_39,32,0
e_390,32,0
e_3900,12,0
e_3901,12,0
e_3902,32,0
e_3903,12,0
e_3904,32,0
e_3905,32,0
e_3906,32,0
e_3907,32,0
e_3908,12,0
e_3909,12,0
e_391,12,0
e_3910,12,0
e_3911,32,0
e_3912,12,0
e_3913,32,0
e_3914,32,0
e_3915,12,0
e_3916,32,0
e_3917,12,0
e_3918,12,0
e_3919,32,0
e_392,12,0
e_3920,32,0
e_3921,12,0
e_3922,32,0
e_3923,32,0
e_3924,12,0
e_3925,32,0
e_3926,12,0
e_3927,32,0
e_3928,32,0
e_3929,32,0
e_393,32,0
e_3930,12,0
e_3931,32,0
e_3932,32,0
e_3933,12,0
e_3934,32,0
e_3935,12,0
e_3936,12,0
e_3937,12,0
e_3938,32,0
e_3939,12,0
e_394,12,0
e_3940,12,0
e_3941,32,0
e_3942,32,0
e_3943,32,0
e_3944,32,0
e_3945,12,0
e_3946,32,0
e_3947,12,0
e_3948,12,0
e_3949,12,0
e_395,12,0
e_3950,12,0
e_3951,32,0
e_3952,32,0
e_3953,12,0
e_3954,12,0
e_3955,12,0
e_3956,32,0
e_3957,32,0
e_3958,32,0
e_3959,32,0
e_396,32,0
e_3960,12,0
e_3961,12,0
e_3962,12,0
e_3963,12,0
e_3964,32,0
e_3965,32,0
e_3966,32,0
e_3967,12,0
e_3968,12,0
e_3969,32,0
e_397,12,0
e_3970,12,0
e_3971,12,0
e_3972,32,0
e_3973,32,0
e_3974,32,0
e_3975,32,0
e_3976,32,0
e_3977,12,0
e_3978,32,0
e_3979,12,0
e_398,12,0
e_3980,32,0
e_3981,32,0
e_3982,32,0
e_3983,32,0
e_3984,32,0
e_3985,12,0
e_3986,12,0
e_3987,12,0
e_3988,12,0
e_3989,32,0
e_399,32,0
e_3990,32,0
e_3991,32,0
e_3992,12,0
e_3993,12,0
e_3994,12,0
e_3995,32,0
e_3996,12,0
e_3997,12,0
e_3998,32,0
e_3999,32,0
e_4,32,0
e_40,32,0
e_400,32,0
e_4000,32,0
e_4001,26,0
e_4002,37,0
e_4003,26,0
e_4004,37,0
e_4005,0,0
e_4006,26,0
e_4007,37,0
e_4008,37,0
e_4009,37,0
e_401,32,0
e_4010,26,0
e_4011,26,0
e_4012,37,0
e_4013,37,0
e_4014,26,0
e_4015,26,0
e_4016,26,0
e_4017,26,0
e_4018,26,0
e_4019,26,0
e_402,12,0
e_4020,37,0
e_4021,26,0
e_4022,26,0
e_4023,26,0
e_4024,26,0
e_4025,26,0
e_4026,26,0
e_4027,0,0
e_4028,0,0
e_4029,37,0
e_403,32,0
e_4030,26,0
e_4031,0,0
e_4032,37,0
e_4033,37,0
e_4034,37,0
e_4035,26,0
e_4036,26,0
e_4037,37,0
e_4038,37,0
e_4039,37,0
e_404,32,0
e_4040,37,0
e_4041,26,0
e_4042,37,0
e_4043,26,0
e_4044,0,0
e_4045,37,0
e_4046,26,0
e_4047,26,0
e_4048,37,0
e_4049,26,0
e_405,12,0
e_4050,26,0
e_4051,37,0
e_4052,37,0
e_4053,37,0
e_4054,0,0
e_4055,0,0
e_4056,37,0
e_4057,37,0
e_4058,0,0
e_4059,37,0
e_406,32,0
e_4060,0,0
e_4061,37,0
e_4062,26,0
e_4063,26,0
e_4064,37,0
e_4065,26,0
e_4066,26,0
e_4067,37,0
e_4068,37,0
e_4069,26,0
e_407,32,0
e_4070,26,0
e_4071,37,0
e_4072,26,0
e_4073,26,0
e_4074,37,0
e_4075,0,0
e_4076,26,0
e_4077,37,0
e_4078,37,0
e_4079,0,0
e_408,12,0
e_4080,26,0
e_4081,37,0
e_4082,37,0
e_4083,37,0
e_4084,26,0
e_4085,37,0
e_4086,26,0
e_4087,37,0
e_4088,37,0
e_4089,26,0
e_409,12,0
e_4090,0,0
e_4091,37,0
e_4092,26,0
e_4093,0,0
e_4094,26,0
e_4095,37,0
e_4096,37,0
e_4097,26,0
e_4098,37,0
e_4099,26,0
e_41,12,0
e_410,12,0
e_4100,37,0
e_4101,26,0
e_4102,26,0
e_4103,26,0
e_4104,37,0
e_4105,37,0
e_4106,26,0
e_4107,26,0
e_4108,26,0
e_4109,37,0
e_411,32,0
e_4110,37,0
e_4111,26,0
e_4112,37,0
e_4113,39,1
e_4114,26,0
e_4115,37,0
e_4116,39,1
e_4117,26,0
e_4118,0,0
e_4119,0,0
e_412,32,0
e_4120,26,0
e_4121,37,0
e_4122,37,0
e_4123,37,0
e_4124,37,0
e_4125,26,0
e_4126,37,0
e_4127,37,0
e_4128,37,0
e_4129,26,0
e_413,12,0
e_4130,26,0
e_4131,26,0
e_4132,0,0
e_4133,26,0
e_4134,26,0
e_4135,26,0
e_4136,37,0
e_4137,26,0
e_4138,0,0
e_4139,26,0
e_414,32,0
e_4140,26,0
e_4141,26,0
e_4142,37,0
e_4143,26,0
e_4144,37,0
e_4145,26,0
e_4146,26,0
e_4147,26,0
e_4148,0,0
e_4149,37,0
e_415,32,0
e_4150,26,0
e_4151,26,0
e_4152,37,0
e_4153,26,0
e_4154,26,0
e_4155,26,0
e_4156,0,0
e_4157,37,0
e_4158,0,0
e_4159,26,0
e_416,32,0
e_4160,26,0
e_4161,37,0
e_4162,37,0
e_4163,37,0
e_4164,37,0
e_4165,37,0
e_4166,0,0
e_4167,37,0
e_4168,37,0
e_4169,0,0
e_417,12,0
e_4170,26,0
e_4171,37,0
e_4172,37,0
e_4173,37,0
e_4174,37,0
e_4175,26,0
e_4176,26,0
e_4177,37,0
e_4178,37,0
e_4179,37,0
e_418,32,0
e_4180,26,0
e_4181,26,0
e_4182,0,0
e_4183,37,0
e_4184,37,0
e_4185,0,0
e_4186,26,0
e_4187,37,0
e_4188,26,0
e_4189,37,0
e_419,32,0
e_4190,37,0
e_4191,37,0
e_4192,37,0
e_4193,26,0
e_4194,37,0
e_4195,26,0
e_4196,26,0
e_4197,37,0
e_4198,26,0
e_4199,37,0
e_42,32,0
e_420,32,0
e_4200,0,0
e_4201,26,0
e_4202,26,0
e_4203,26,0
e_4204,26,0
e_4205,26,0
e_4206,37,0
e_4207,0,0
e_4208,0,0
e_4209,37,0
e_421,12,0
e_4210,39,1
e_4211,37,0
e_4212,26,0
e_4213,26,0
e_4214,37,0
e_4215,37,0
e_4216,37,0
e_4217,26,0
e_4218,26,0
e_4219,26,0
e_422,32,0
e_4220,26,0
e_4221,26,0
e_4222,26,0
e_4223,26,0
e_4224,26,0
e_4225,26,0
e_4226,0,0
e_4227,37,0
e_4228,37,0
e_4229,26,0
e_423,12,0
e_4230,26,0
e_4231,26,0
e_4232,26,0
e_4233,37,0
e_4234,37,0
e_4235,0,0
e_4236,37,0
e_4237,26,0
e_4238,26,0
e_4239,26,0
e_424,32,0
e_4240,37,0
e_4241,37,0
e_4242,26,0
e_4243,0,0
e_4244,37,0
e_4245,0,0
e_4246,37,0
e_4247,37,0
e_4248,26,0
e_4249,26,0
e_425,12,0
e_4250,0,0
e_4251,26,0
e_4252,37,0
e_4253,0,0
e_4254,26,0
e_4255,0,0
e_4256,37,0
e_4257,0,0
e_4258,26,0
e_4259,26,0
e_426,12,0
e_4260,37,0
e_4261,0,0
e_4262,26,0
e_4263,37,0
e_4264,0,0
e_4265,37,0
e_4266,37,0
e_4267,37,0
e_4268,26,0
e_4269,37,0
e_427,32,0
e_4270,26,0
e_4271,26,0
e_4272,26,0
e_4273,26,0
e_4274,26,0
e_4275,37,0
e_4276,0,0
e_4277,37,0
e_4278,26,0
e_4279,37,0
e_428,32,0
e_4280,26,0
e_4281,37,0
e_4282,26,0
e_4283,0,0
e_4284,37,0
e_4285,37,0
e_4286,37,0
e_4287,0,0
e_4288,26,0
e_4289,26,0
e_429,12,0
e_4290,26,0
e_4291,26,0
e_4292,26,0
e_4293,0,0
e_4294,26,0
e_4295,37,0
e_4296,37,0
e_4297,37,0
e_4298,0,0
e_4299,37,0
e_43,12,0
e_430,12,0
e_4300,37,0
e_4301,26,0
e_4302,37,0
e_4303,26,0
e_4304,37,0
e_4305,26,0
e_4306,26,0
e_4307,37,0
e_4308,37,0
e_4309,37,0
e_431,12,0
e_4310,0,0
e_4311,26,0
e_4312,37,0
e_4313,26,0
e_4314,0,0
e_4315,37,0
e_4316,26,0
e_4317,0,0
e_4318,37,0
e_4319,37,0
e_432,32,0
e_4320,37,0
e_4321,37,0
e_4322,37,0
e_4323,26,0
e_4324,0,0
e_4325,26,0
e_4326,26,0
e_4327,37,0
e_4328,37,0
e_4329,37,0
e_433,32,0
e_4330,37,0
e_4331,37,0
e_4332,26,0
e_4333,37,0
e_4334,26,0
e_4335,26,0
e_4336,0,0
e_4337,26,0
e_4338,26,0
e_4339,26,0
e_434,12,0
e_4340,26,0
e_4341,37,0
e_4342,26,0
e_4343,26,0
e_4344,37,0
e_4345,26,0
e_4346,26,0
e_4347,0,0
e_4348,37,0
e_4349,37,0
e_435,12,0
e_4350,26,0
e_4351,0,0
e_4352,0,0
e_4353,37,0
e_4354,0,0
e_4355,0,0
e_4356,37,0
e_4357,26,0
e_4358,26,0
e_4359,26,0
e_436,12,0
e_4360,26,0
e_4361,0,0
e_4362,37,0
e_4363,37,0
e_4364,37,0
e_4365,26,0
e_4366,26,0
e_4367,0,0
e_4368,26,0
e_4369,26,0
e_437,12,0
e_4370,26,0
e_4371,26,0
e_4372,37,0
e_4373,37,0
e_4374,26,0
e_4375,37,0
e_4376,0,0
e_4377,37,0
e_4378,0,0
e_4379,26,0
e_438,12,0
e_4380,26,0
e_4381,37,0
e_4382,37,0
e_4383,26,0
e_4384,26,0
e_4385,37,0
e_4386,26,0
e_4387,0,0
e_4388,37,0
e_4389,26,0
e_439,32,0
e_4390,37,0
e_4391,0,0
e_4392,26,0
e_4393,37,0
e_4394,26,0
e_4395,26,0
e_4396,37,0
e_4397,26,0
e_4398,39,1
e_4399,37,0
e_44,32,0
e_440,32,0
e_4400,37,0
e_4401,37,0
e_4402,26,0
e_4403,37,0
e_4404,37,0
e_4405,26,0
e_4406,37,0
e_4407,37,0
e_4408,26,0
e_4409,26,0
e_441,12,0
e_4410,26,0
e_4411,37,0
e_4412,37,0
e_4413,26,0
e_4414,0,0
e_4415,37,0
e_4416,37,0
e_4417,26,0
e_4418,37,0
e_4419,0,0
e_442,32,0
e_4420,37,0
e_4421,26,0
e_4422,37,0
e_4423,26,0
e_4424,37,0
e_4425,26,0
e_4426,26,0
e_4427,37,0
e_4428,37,0
e_4429,26,0
e_443,12,0
e_4430,26,0
e_4431,26,0
e_4432,37,0
e_4433,37,0
e_4434,0,0
e_4435,26,0
e_4436,39,1
e_4437,26,0
e_4438,26,0
e_4439,37,0
e_444,12,0
e_4440,37,0
e_4441,26,0
e_4442,0,0
e_4443,26,0
e_4444,26,0
e_4445,37,0
e_4446,37,0
e_4447,26,0
e_4448,37,0
e_4449,37,0
e_445,32,0
e_4450,37,0
e_4451,26,0
e_4452,0,0
e_4453,26,0
e_4454,26,0
e_4455,26,0
e_4456,26,0
e_4457,26,0
e_4458,26,0
e_4459,37,0
e_446,32,0
e_4460,0,0
e_4461,26,0
e_4462,37,0
e_4463,26,0
e_4464,26,0
e_4465,26,0
e_4466,26,0
e_4467,26,0
e_4468,37,0
e_4469,37,0
e_447,12,0
e_4470,37,0
e_4471,26,0
e_4472,37,0
e_4473,0,0
e_4474,0,0
e_4475,37,0
e_4476,26,0
e_4477,37,0
e_4478,37,0
e_4479,37,0
e_448,32,0
e_4480,37,0
e_4481,0,0
e_4482,0,0
e_4483,37,0
e_4484,26,0
e_4485,26,0
e_4486,0,0
e_4487,0,0
e_4488,0,0
e_4489,26,0
e_449,32,0
e_4490,37,0
e_4491,26,0
e_4492,37,0
e_4493,37,0
e_4494,26,0
e_4495,26,0
e_4496,26,0
e_4497,26,0
e_4498,26,0
e_4499,0,0
e_45,32,0
e_450,32,0
e_4500,37,0
e_4501,26,0
e_4502,26,0
e_4503,26,0
e_4504,37,0
e_4505,37,0
e_4506,26,0
e_4507,37,0
e_4508,26,0
e_4509,0,0
e_451,12,0
e_4510,37,0
e_4511,0,0
e_4512,37,0
e_4513,26,0
e_4514,37,0
e_4515,37,0
e_4516,26,0
e_4517,37,0
e_4518,26,0
e_4519,0,0
e_452,12,0
e_4520,26,0
e_4521,37,0
e_4522,37,0
e_4523,26,0
e_4524,26,0
e_4525,26,0
e_4526,37,0
e_4527,26,0
e_4528,37,0
e_4529,37,0
e_453,12,0
e_4530,37,0
e_4531,37,0
e_4532,37,0
e_4533,37,0
e_4534,37,0
e_4535,0,0
e_4536,0,0
e_4537,37,0
e_4538,26,0
e_4539,26,0
e_454,12,0
e_4540,26,0
e_4541,37,0
e_4542,0,0
e_4543,37,0
e_4544,37,0
e_4545,37,0
e_4546,37,0
e_4547,26,0
e_4548,37,0
e_4549,37,0
e_455,12,0
e_4550,26,0
e_4551,0,0
e_4552,0,0
e_4553,0,0
e_4554,26,0
e_4555,0,0
e_4556,37,0
e_4557,26,0
e_4558,37,0
e_4559,37,0
e_456,12,0
e_4560,37,0
e_4561,26,0
e_4562,26,0
e_4563,26,0
e_4564,0,0
e_4565,26,0
e_4566,37,0
e_4567,26,0
e_4568,37,0
e_4569,26,0
e_457,12,0
e_4570,26,0
e_4571,37,0
e_4572,26,0
e_4573,26,0
e_4574,26,0
e_4575,0,0
e_4576,37,0
e_4577,26,0
e_4578,37,0
e_4579,26,0
e_458,12,0
e_4580,26,0
e_4581,37,0
e_4582,26,0
e_4583,37,0
e_4584,0,0
e_4585,37,0
e_4586,37,0
e_4587,0,0
e_4588,37,0
e_4589,26,0
e_459,32,0
e_4590,26,0
e_4591,26,0
e_4592,26,0
e_4593,37,0
e_4594,26,0
e_4595,37,0
e_4596,26,0
e_4597,37,0
e_4598,37,0
e_4599,37,0
e_46,12,0
e_460,12,0
e_4600,26,0
e_4601,0,0
e_4602,26,0
e_4603,26,0
e_4604,37,0
e_4605,37,0
e_4606,37,0
e_4607,26,0
e_4608,26,0
e_4609,37,0
e_461,12,0
e_4610,26,0
e_4611,37,0
e_4612,37,0
e_4613,26,0
e_4614,26,0
e_4615,26,0
e_4616,37,0
e_4617,37,0
e_4618,0,0
e_4619,26,0
e_462,32,0
e_4620,26,0
e_4621,26,0
e_4622,0,0
e_4623,26,0
e_4624,37,0
e_4625,26,0
e_4626,26,0
e_4627,37,0
e_4628,26,0
e_4629,26,0
e_463,12,0
e_4630,37,0
e_4631,37,0
e_4632,26,0
e_4633,37,0
e_4634,37,0
e_4635,0,0
e_4636,26,0
e_4637,26,0
e_4638,0,0
e_4639,37,0
e_464,12,0
e_4640,37,0
e_4641,37,0
e_4642,26,0
e_4643,37,0
e_4644,26,0
e_4645,37,0
e_4646,26,0
e_4647,0,0
e_4648,37,0
e_4649,26,0
e_465,12,0
e_4650,26,0
e_4651,37,0
e_4652,37,0
e_4653,37,0
e_4654,37,0
e_4655,37,0
e_4656,26,0
e_4657,37,0
e_4658,39,1
e_4659,37,0
e_466,12,0
e_4660,26,0
e_4661,26,0
e_4662,37,0
e_4663,37,0
e_4664,37,0
e_4665,26,0
e_4666,37,0
e_4667,26,0
e_4668,26,0
e_4669,0,0
e_467,12,0
e_4670,37,0
e_4671,26,0
e_4672,37,0
e_4673,0,0
e_4674,37,0
e_4675,0,0
e_4676,26,0
e_4677,37,0
e_4678,37,0
e_4679,37,0
e_468,32,0
e_4680,26,0
e_4681,37,0
e_4682,0,0
e_4683,0,0
e_4684,26,0
e_4685,37,0
e_4686,26,0
e_4687,26,0
e_4688,0,0
e_4689,26,0
e_469,32,0
e_4690,37,0
e_4691,26,0
e_4692,37,0
e_4693,26,0
e_4694,26,0
e_4695,26,0
e_4696,37,0
e_4697,26,0
e_4698,37,0
e_4699,37,0
e_47,12,0
e_470,32,0
e_4700,26,0
e_4701,26,0
e_4702,37,0
e_4703,26,0
e_4704,26,0
e_4705,26,0
e_4706,26,0
e_4707,26,0
e_4708,37,0
e_4709,37,0
e_471,12,0
e_4710,37,0
e_4711,26,0
e_4712,26,0
e_4713,37,0
e_4714,0,0
e_4715,37,0
e_4716,0,0
e_4717,26,0
e_4718,37,0
e_4719,37,0
e_472,32,0
e_4720,26,0
e_4721,26,0
e_4722,0,0
e_4723,26,0
e_4724,37,0
e_4725,37,0
e_4726,37,0
e_4727,26,0
e_4728,0,0
e_4729,26,0
e_473,32,0
e_4730,26,0
e_4731,26,0
e_4732,26,0
e_4733,26,0
e_4734,0,0
e_4735,26,0
e_4736,26,0
e_4737,37,0
e_4738,26,0
e_4739,26,0
e_474,32,0
e_4740,0,0
e_4741,26,0
e_4742,37,0
e_4743,26,0
e_4744,37,0
e_4745,37,0
e_4746,26,0
e_4747,26,0
e_4748,39,1
e_4749,37,0
e_475,32,0
e_4750,37,0
e_4751,26,0
e_4752,37,0
e_4753,26,0
e_4754,37,0
e_4755,26,0
e_4756,26,0
e_4757,0,0
e_4758,26,0
e_4759,37,0
e_476,12,0
e_4760,26,0
e_4761,0,0
e_4762,37,0
e_4763,37,0
e_4764,37,0
e_4765,26,0
e_4766,0,0
e_4767,37,0
e_4768,39,1
e_4769,37,0
e_477,32,0
e_4770,37,0
e_4771,0,0
e_4772,26,0
e_4773,26,0
e_4774,37,0
e_4775,0,0
e_4776,26,0
e_4777,26,0
e_4778,0,0
e_4779,26,0
e_478,32,0
e_4780,0,0
e_4781,26,0
e_4782,26,0
e_4783,37,0
e_4784,0,0
e_4785,26,0
e_4786,37,0
e_4787,26,0
e_4788,37,0
e_4789,37,0
e_479,32,0
e_4790,26,0
e_4791,26,0
e_4792,37,0
e_4793,37,0
e_4794,37,0
e_4795,26,0
e_4796,26,0
e_4797,37,0
e_4798,0,0
e_4799,0,0
e_48,32,0
e_480,32,0
e_4800,26,0
e_4801,26,0
e_4802,26,0
e_4803,26,0
e_4804,26,0
e_4805,0,0
e_4806,26,0
e_4807,37,0
e_4808,37,0
e_4809,26,0
e_481,12,0
e_4810,26,0
e_4811,0,0
e_4812,26,0
e_4813,37,0
e_4814,37,0
e_4815,26,0
e_4816,37,0
e_4817,0,0
e_4818,26,0
e_4819,37,0
e_482,12,0
e_4820,26,0
e_4821,26,0
e_4822,37,0
e_4823,37,0
e_4824,37,0
e_4825,37,0
e_4826,26,0
e_4827,26,0
e_4828,26,0
e_4829,0,0
e_483,32,0
e_4830,37,0
e_4831,37,0
e_4832,37,0
e_4833,26,0
e_4834,37,0
e_4835,26,0
e_4836,0,0
e_4837,26,0
e_4838,37,0
e_4839,37,0
e_484,12,0
e_4840,26,0
e_4841,26,0
e_4842,26,0
e_4843,26,0
e_4844,0,0
e_4845,0,0
e_4846,26,0
e_4847,0,0
e_4848,37,0
e_4849,37,0
e_485,12,0
e_4850,26,0
e_4851,37,0
e_4852,37,0
e_4853,37,0
e_4854,26,0
e_4855,37,0
e_4856,0,0
e_4857,37,0
e_4858,26,0
e_4859,37,0
e_486,32,0
e_4860,37,0
e_4861,37,0
e_4862,0,0
e_4863,26,0
e_4864,37,0
e_4865,26,0
e_4866,37,0
e_4867,26,0
e_4868,0,0
e_4869,26,0
e_487,32,0
e_4870,37,0
e_4871,26,0
e_4872,37,0
e_4873,26,0
e_4874,0,0
e_4875,37,0
e_4876,26,0
e_4877,26,0
e_4878,37,0
e_4879,26,0
e_488,32,0
e_4880,26,0
e_4881,26,0
e_4882,26,0
e_4883,37,0
e_4884,37,0
e_4885,26,0
e_4886,37,0
e_4887,26,0
e_4888,26,0
e_4889,37,0
e_489,12,0
e_4890,26,0
e_4891,37,0
e_4892,26,0
e_4893,26,0
e_4894,0,0
e_4895,26,0
e_4896,26,0
e_4897,37,0
e_4898,37,0
e_4899,26,0
e_49,12,0
e_490,32,0
e_4900,37,0
e_4901,0,0
e_4902,26,0
e_4903,26,0
e_4904,0,0
e_4905,0,0
e_4906,0,0
e_4907,37,0
e_4908,26,0
e_4909,37,0
e_491,12,0
e_4910,37,0
e_4911,37,0
e_4912,26,0
e_4913,37,0
e_4914,26,0
e_4915,37,0
e_4916,26,0
e_4917,37,0
e_4918,26,0
e_4919,26,0
e_492,32,0
e_4920,37,0
e_4921,37,0
e_4922,37,0
e_4923,0,0
e_4924,37,0
e_4925,26,0
e_4926,37,0
e_4927,26,0
e_4928,0,0
e_4929,37,0
e_493,32,0
e_4930,37,0
e_4931,26,0
e_4932,37,0
e_4933,26,0
e_4934,26,0
e_4935,0,0
e_4936,37,0
e_4937,37,0
e_4938,37,0
e_4939,37,0
e_494,12,0
e_4940,26,0
e_4941,26,0
e_4942,26,0
e_4943,37,0
e_4944,0,0
e_4945,37,0
e_4946,37,0
e_4947,37,0
e_4948,37,0
e_4949,26,0
e_495,12,0
e_4950,0,0
e_4951,37,0
e_4952,26,0
e_4953,26,0
e_4954,37,0
e_4955,26,0
e_4956,39,1
e_4957,37,0
e_4958,37,0
e_4959,37,0
e_496,12,0
e_4960,37,0
e_4961,26,0
e_4962,37,0
e_4963,26,0
e_4964,0,0
e_4965,26,0
e_4966,37,0
e_4967,26,0
e_4968,26,0
e_4969,37,0
e_497,12,0
e_4970,26,0
e_4971,37,0
e_4972,26,0
e_4973,0,0
e_4974,26,0
e_4975,26,0
e_4976,26,0
e_4977,37,0
e_4978,37,0
e_4979,26,0
e_498,12,0
e_4980,26,0
e_4981,26,0
e_4982,37,0
e_4983,0,0
e_4984,0,0
e_4985,26,0
e_4986,26,0
e_4987,37,0
e_4988,26,0
e_4989,37,0
e_499,12,0
e_4990,0,0
e_4991,26,0
e_4992,0,0
e_4993,37,0
e_4994,37,0
e_4995,37,0
e_4996,37,0
e_4997,37,0
e_4998,0,0
e_4999,26,0
e_5,12,0
e_50,12,0
e_500,32,0
e_5000,26,0
e_5001,37,0
e_5002,37,0
e_5003,26,0
e_5004,26,0
e_5005,37,0
e_5006,26,0
e_5007,26,0
e_5008,37,0
e_5009,37,0
e_501,12,0
e_5010,26,0
e_5011,37,0
e_5012,0,0
e_5013,26,0
e_5014,37,0
e_5015,26,0
e_5016,37,0
e_5017,37,0
e_5018,26,0
e_5019,26,0
e_502,12,0
e_5020,26,0
e_5021,37,0
e_5022,26,0
e_5023,26,0
e_5024,37,0
e_5025,0,0
e_5026,37,0
e_5027,0,0
e_5028,37,0
e_5029,26,0
e_503,12,0
e_5030,26,0
e_5031,37,0
e_5032,37,0
e_5033,37,0
e_5034,26,0
e_5035,37,0
e_5036,26,0
e_5037,26,0
e_5038,37,0
e_5039,0,0
e_504,32,0
e_5040,37,0
e_5041,0,0
e_5042,0,0
e_5043,0,0
e_5044,26,0
e_5045,37,0
e_5046,37,0
e_5047,26,0
e_5048,0,0
e_5049,37,0
e_505,32,0
e_5050,26,0
e_5051,37,0
e_5052,0,0
e_5053,0,0
e_5054,37,0
e_5055,0,0
e_5056,37,0
e_5057,37,0
e_5058,0,0
e_5059,37,0
e_506,12,0
e_5060,0,0
e_5061,26,0
e_5062,26,0
e_5063,26,0
e_5064,37,0
e_5065,26,0
e_5066,26,0
e_5067,26,0
e_5068,26,0
e_5069,26,0
e_507,32,0
e_5070,37,0
e_5071,37,0
e_5072,26,0
e_5073,37,0
e_5074,37,0
e_5075,37,0
e_5076,26,0
e_5077,0,0
e_5078,0,0
e_5079,26,0
e_508,12,0
e_5080,26,0
e_5081,37,0
e_5082,37,0
e_5083,26,0
e_5084,0,0
e_5085,0,0
e_5086,26,0
e_5087,37,0
e_5088,37,0
e_5089,0,0
e_509,12,0
e_5090,37,0
e_5091,37,0
e_5092,37,0
e_5093,37,0
e_5094,26,0
e_5095,37,0
e_5096,26,0
e_5097,26,0
e_5098,26,0
e_5099,37,0
e_51,32,0
e_510,32,0
e_5100,26,0
e_5101,26,0
e_5102,37,0
e_5103,26,0
e_5104,26,0
e_5105,37,0
e_5106,26,0
e_5107,37,0
e_5108,26,0
e_5109,37,0
e_511,12,0
e_5110,0,0
e_5111,37,0
e_5112,26,0
e_5113,37,0
e_5114,37,0
e_5115,26,0
e_5116,0,0
e_5117,37,0
e_5118,26,0
e_5119,26,0
e_512,32,0
e_5120,37,0
e_5121,26,0
e_5122,37,0
e_5123,26,0
e_5124,26,0
e_5125,37,0
e_5126,37,0
e_5127,37,0
e_5128,26,0
e_5129,26,0
e_513,12,0
e_5130,37,0
e_5131,37,0
e_5132,26,0
e_5133,37,0
e_5134,0,0
e_5135,26,0
e_5136,26,0
e_5137,37,0
e_5138,26,0
e_5139,37,0
e_514,32,0
e_5140,26,0
e_5141,26,0
e_5142,26,0
e_5143,37,0
e_5144,26,0
e_5145,37,0
e_5146,0,0
e_5147,37,0
e_5148,37,0
e_5149,37,0
e_515,32,0
e_5150,26,0
e_5151,37,0
e_5152,37,0
e_5153,0,0
e_5154,0,0
e_5155,26,0
e_5156,37,0
e_5157,37,0
e_5158,0,0
e_5159,37,0
e_516,12,0
e_5160,0,0
e_5161,26,0
e_5162,0,0
e_5163,26,0
e_5164,37,0
e_5165,0,0
e_5166,0,0
e_5167,37,0
e_5168,37,0
e_5169,37,0
e_517,32,0
e_5170,26,0
e_5171,37,0
e_5172,26,0
e_5173,26,0
e_5174,37,0
e_5175,37,0
e_5176,37,0
e_5177,26,0
e_5178,0,0
e_5179,26,0
e_518,12,0
e_5180,26,0
e_5181,26,0
e_5182,37,0
e_5183,0,0
e_5184,26,0
e_5185,37,0
e_5186,37,0
e_5187,26,0
e_5188,26,0
e_5189,26,0
e_519,32,0
e_5190,0,0
e_5191,26,0
e_5192,26,0
e_5193,37,0
e_5194,37,0
e_5195,26,0
e_5196,26,0
e_5197,26,0
e_5198,37,0
e_5199,0,0
e_52,32,0
e_520,12,0
e_5200,37,0
e_5201,0,0
e_5202,26,0
e_5203,0,0
e_5204,0,0
e_5205,0,0
e_5206,26,0
e_5207,0,0
e_5208,37,0
e_5209,0,0
e_521,32,0
e_5210,26,0
e_5211,26,0
e_5212,0,0
e_5213,37,0
e_5214,37,0
e_5215,26,0
e_5216,26,0
e_5217,37,0
e_5218,37,0
e_5219,37,0
e_522,32,0
e_5220,37,0
e_5221,26,0
e_5222,26,0
e_5223,37,0
e_5224,26,0
e_5225,37,0
e_5226,37,0
e_5227,26,0
e_5228,26,0
e_5229,0,0
e_523,12,0
e_5230,37,0
e_5231,26,0
e_5232,37,0
e_5233,37,0
e_5234,0,0
e_5235,26,0
e_5236,26,0
e_5237,37,0
e_5238,0,0
e_5239,37,0
e_524,12,0
e_5240,37,0
e_5241,37,0
e_5242,26,0
e_5243,26,0
e_5244,26,0
e_5245,26,0
e_5246,0,0
e_5247,26,0
e_5248,37,0
e_5249,26,0
e_525,12,0
e_5250,0,0
e_5251,37,0
e_5252,26,0
e_5253,26,0
e_5254,26,0
e_5255,0,0
e_5256,37,0
e_5257,26,0
e_5258,0,0
e_5259,26,0
e_526,32,0
e_5260,37,0
e_5261,0,0
e_5262,37,0
e_5263,37,0
e_5264,26,0
e_5265,37,0
e_5266,0,0
e_5267,37,0
e_5268,26,0
e_5269,37,0
e_527,12,0
e_5270,0,0
e_5271,26,0
e_5272,26,0
e_5273,26,0
e_5274,37,0
e_5275,26,0
e_5276,0,0
e_5277,37,0
e_5278,37,0
e_5279,37,0
e_528,32,0
e_5280,0,0
e_5281,37,0
e_5282,37,0
e_5283,26,0
e_5284,26,0
e_5285,26,0
e_5286,37,0
e_5287,37,0
e_5288,26,0
e_5289,26,0
e_529,32,0
e_5290,0,0
e_5291,26,0
e_5292,26,0
e_5293,37,0
e_5294,0,0
e_5295,26,0
e_5296,37,0
e_5297,0,0
e_5298,26,0
e_5299,37,0
e_53,32,0
e_530,32,0
e_5300,37,0
e_5301,37,0
e_5302,0,0
e_5303,37,0
e_5304,37,0
e_5305,37,0
e_5306,37,0
e_5307,26,0
e_5308,26,0
e_5309,26,0
e_531,32,0
e_5310,26,0
e_5311,37,0
e_5312,37,0
e_5313,37,0
e_5314,37,0
e_5315,26,0
e_5316,37,0
e_5317,26,0
e_5318,26,0
e_5319,26,0
e_532,32,0
e_5320,26,0
e_5321,37,0
e_5322,26,0
e_5323,37,0
e_5324,26,0
e_5325,26,0
e_5326,37,0
e_5327,0,0
e_5328,37,0
e_5329,0,0
e_533,32,0
e_5330,26,0
e_5331,37,0
e_5332,26,0
e_5333,0,0
e_5334,26,0
e_5335,37,0
e_5336,0,0
e_5337,26,0
e_5338,26,0
e_5339,37,0
e_534,32,0
e_5340,37,0
e_5341,0,0
e_5342,37,0
e_5343,0,0
e_5344,0,0
e_5345,26,0
e_5346,26,0
e_5347,0,0
e_5348,37,0
e_5349,37,0
e_535,32,0
e_5350,37,0
e_5351,0,0
e_5352,37,0
e_5353,37,0
e_5354,26,0
e_5355,37,0
e_5356,26,0
e_5357,37,0
e_5358,26,0
e_5359,37,0
e_536,32,0
e_5360,26,0
e_5361,26,0
e_5362,26,0
e_5363,37,0
e_5364,26,0
e_5365,26,0
e_5366,37,0
e_5367,37,0
e_5368,0,0
e_5369,37,0
e_537,32,0
e_5370,37,0
e_5371,37,0
e_5372,37,0
e_5373,37,0
e_5374,37,0
e_5375,37,0
e_5376,26,0
e_5377,0,0
e_5378,37,0
e_5379,37,0
e_538,12,0
e_5380,26,0
e_5381,26,0
e_5382,0,0
e_5383,0,0
e_5384,26,0
e_5385,0,0
e_5386,26,0
e_5387,26,0
e_5388,37,0
e_5389,26,0
e_539,12,0
e_5390,0,0
e_5391,26,0
e_5392,26,0
e_5393,26,0
e_5394,26,0
e_5395,37,0
e_5396,26,0
e_5397,37,0
e_5398,37,0
e_5399,0,0
e_54,32,0
e_540,12,0
e_5400,37,0
e_5401,37,0
e_5402,0,0
e_5403,0,0
e_5404,26,0
e_5405,26,0
e_5406,26,0
e_5407,0,0
e_5408,37,0
e_5409,37,0
e_541,32,0
e_5410,37,0
e_5411,37,0
e_5412,26,0
e_5413,37,0
e_5414,26,0
e_5415,0,0
e_5416,0,0
e_5417,26,0
e_5418,26,0
e_5419,26,0
e_542,32,0
e_5420,26,0
e_5421,26,0
e_5422,26,0
e_5423,37,0
e_5424,37,0
e_5425,37,0
e_5426,37,0
e_5427,0,0
e_5428,37,0
e_5429,26,0
e_543,32,0
e_5430,37,0
e_5431,26,0
e_5432,37,0
e_5433,37,0
e_5434,37,0
e_5435,26,0
e_5436,37,0
e_5437,26,0
e_5438,0,0
e_5439,37,0
e_544,32,0
e_5440,37,0
e_5441,37,0
e_5442,37,0
e_5443,26,0
e_5444,26,0
e_5445,26,0
e_5446,26,0
e_5447,26,0
e_5448,37,0
e_5449,37,0
e_545,32,0
e_5450,37,0
e_5451,26,0
e_5452,37,0
e_5453,37,0
e_5454,37,0
e_5455,37,0
e_5456,0,0
e_5457,37,0
e_5458,37,0
e_5459,26,0
e_546,32,0
e_5460,37,0
e_5461,37,0
e_5462,26,0
e_5463,37,0
e_5464,26,0
e_5465,26,0
e_5466,37,0
e_5467,0,0
e_5468,26,0
e_5469,37,0
e_547,12,0
e_5470,37,0
e_5471,26,0
e_5472,26,0
e_5473,37,0
e_5474,0,0
e_5475,0,0
e_5476,37,0
e_5477,37,0
e_5478,26,0
e_5479,37,0
e_548,32,0
e_5480,26,0
e_5481,0,0
e_5482,0,0
e_5483,26,0
e_5484,0,0
e_5485,26,0
e_5486,0,0
e_5487,26,0
e_5488,26,0
e_5489,0,0
e_549,32,0
e_5490,37,0
e_5491,37,0
e_5492,37,0
e_5493,37,0
e_5494,0,0
e_5495,37,0
e_5496,37,0
e_5497,0,0
e_5498,26,0
e_5499,37,0
e_55,32,0
e_550,12,0
e_5500,37,0
e_5501,0,0
e_5502,0,0
e_5503,37,0
e_5504,26,0
e_5505,37,0
e_5506,26,0
e_5507,26,0
e_5508,26,0
e_5509,39,1
e_551,32,0
e_5510,26,0
e_5511,26,0
e_5512,26,0
e_5513,0,0
e_5514,37,0
e_5515,0,0
e_5516,26,0
e_5517,37,0
e_5518,26,0
e_5519,0,0
e_552,12,0
e_5520,0,0
e_5521,37,0
e_5522,0,0
e_5523,37,0
e_5524,26,0
e_5525,37,0
e_5526,37,0
e_5527,37,0
e_5528,37,0
e_5529,0,0
e_553,12,0
e_5530,26,0
e_5531,0,0
e_5532,0,0
e_5533,0,0
e_5534,0,0
e_5535,26,0
e_5536,26,0
e_5537,0,0
e_5538,0,0
e_5539,37,0
e_554,12,0
e_5540,26,0
e_5541,26,0
e_5542,37,0
e_5543,37,0
e_5544,37,0
e_5545,26,0
e_5546,37,0
e_5547,37,0
e_5548,37,0
e_5549,37,0
e_555,32,0
e_5550,0,0
e_5551,26,0
e_5552,0,0
e_5553,37,0
e_5554,37,0
e_5555,37,0
e_5556,26,0
e_5557,37,0
e_5558,26,0
e_5559,37,0
e_556,32,0
e_5560,26,0
e_5561,39,1
e_5562,26,0
e_5563,26,0
e_5564,26,0
e_5565,37,0
e_5566,0,0
e_5567,37,0
e_5568,26,0
e_5569,26,0
e_557,12,0
e_5570,26,0
e_5571,37,0
e_5572,37,0
e_5573,0,0
e_5574,0,0
e_5575,37,0
e_5576,37,0
e_5577,26,0
e_5578,26,0
e_5579,37,0
e_558,32,0
e_5580,26,0
e_5581,0,0
e_5582,26,0
e_5583,37,0
e_5584,37,0
e_5585,37,0
e_5586,26,0
e_5587,26,0
e_5588,26,0
e_5589,0,0
e_559,32,0
e_5590,37,0
e_5591,26,0
e_5592,37,0
e_5593,26,0
e_5594,37,0
e_5595,26,0
e_5596,26,0
e_5597,37,0
e_5598,37,0
e_5599,26,0
e_56,32,0
e_560,32,0
e_5600,37,0
e_5601,0,0
e_5602,37,0
e_5603,37,0
e_5604,26,0
e_5605,26,0
e_5606,37,0
e_5607,0,0
e_5608,26,0
e_5609,0,0
e_561,12,0
e_5610,37,0
e_5611,26,0
e_5612,37,0
e_5613,26,0
e_5614,37,0
e_5615,26,0
e_5616,26,0
e_5617,0,0
e_5618,0,0
e_5619,0,0
e_562,12,0
e_5620,37,0
e_5621,26,0
e_5622,37,0
e_5623,37,0
e_5624,37,0
e_5625,39,1
e_5626,26,0
e_5627,0,0
e_5628,26,0
e_5629,26,0
e_563,12,0
e_5630,26,0
e_5631,37,0
e_5632,37,0
e_5633,26,0
e_5634,0,0
e_5635,26,0
e_5636,37,0
e_5637,26,0
e_5638,26,0
e_5639,26,0
e_564,32,0
e_5640,26,0
e_5641,37,0
e_5642,26,0
e_5643,37,0
e_5644,0,0
e_5645,26,0
e_5646,37,0
e_5647,0,0
e_5648,37,0
e_5649,0,0
e_565,12,0
e_5650,26,0
e_5651,26,0
e_5652,37,0
e_5653,37,0
e_5654,26,0
e_5655,0,0
e_5656,26,0
e_5657,37,0
e_5658,37,0
e_5659,37,0
e_566,32,0
e_5660,37,0
e_5661,37,0
e_5662,0,0
e_5663,37,0
e_5664,26,0
e_5665,0,0
e_5666,26,0
e_5667,37,0
e_5668,37,0
e_5669,26,0
e_567,12,0
e_5670,37,0
e_5671,37,0
e_5672,26,0
e_5673,26,0
e_5674,37,0
e_5675,37,0
e_5676,37,0
e_5677,37,0
e_5678,37,0
e_5679,26,0
e_568,32,0
e_5680,26,0
e_5681,37,0
e_5682,37,0
e_5683,26,0
e_5684,0,0
e_5685,26,0
e_5686,26,0
e_5687,26,0
e_5688,26,0
e_5689,26,0
e_569,12,0
e_5690,37,0
e_5691,37,0
e_5692,37,0
e_5693,26,0
e_5694,0,0
e_5695,26,0
e_5696,26,0
e_5697,37,0
e_5698,26,0
e_5699,26,0
e_57,32,0
e_570,12,0
e_5700,26,0
e_5701,37,0
e_5702,37,0
e_5703,37,0
e_5704,0,0
e_5705,26,0
e_5706,37,0
e_5707,37,0
e_5708,37,0
e_5709,37,0
e_571,32,0
e_5710,37,0
e_5711,26,0
e_5712,37,0
e_5713,26,0
e_5714,37,0
e_5715,37,0
e_5716,26,0
e_5717,37,0
e_5718,0,0
e_5719,37,0
e_572,12,0
e_5720,26,0
e_5721,0,0
e_5722,26,0
e_5723,37,0
e_5724,26,0
e_5725,26,0
e_5726,26,0
e_5727,37,0
e_5728,0,0
e_5729,26,0
e_573,12,0
e_5730,37,0
e_5731,26,0
e_5732,0,0
e_5733,37,0
e_5734,26,0
e_5735,26,0
e_5736,26,0
e_5737,37,0
e_5738,37,0
e_5739,37,0
e_574,12,0
e_5740,26,0
e_5741,26,0
e_5742,0,0
e_5743,26,0
e_5744,37,0
e_5745,37,0
e_5746,26,0
e_5747,26,0
e_5748,26,0
e_5749,37,0
e_575,12,0
e_5750,37,0
e_5751,37,0
e_5752,26,0
e_5753,37,0
e_5754,0,0
e_5755,0,0
e_5756,26,0
e_5757,37,0
e_5758,0,0
e_5759,26,0
e_576,32,0
e_5760,37,0
e_5761,0,0
e_5762,26,0
e_5763,26,0
e_5764,26,0
e_5765,26,0
e_5766,37,0
e_5767,26,0
e_5768,26,0
e_5769,0,0
e_577,12,0
e_5770,0,0
e_5771,37,0
e_5772,26,0
e_5773,0,0
e_5774,37,0
e_5775,0,0
e_5776,26,0
e_5777,26,0
e_5778,26,0
e_5779,37,0
e_578,32,0
e_5780,26,0
e_5781,37,0
e_5782,0,0
e_5783,37,0
e_5784,37,0
e_5785,37,0
e_5786,26,0
e_5787,37,0
e_5788,26,0
e_5789,37,0
e_579,12,0
e_5790,37,0
e_5791,26,0
e_5792,26,0
e_5793,26,0
e_5794,26,0
e_5795,37,0
e_5796,0,0
e_5797,37,0
e_5798,26,0
e_5799,37,0
e_58,12,0
e_580,12,0
e_5800,37,0
e_5801,26,0
e_5802,0,0
e_5803,26,0
e_5804,0,0
e_5805,0,0
e_5806,37,0
e_5807,37,0
e_5808,26,0
e_5809,26,0
e_581,32,0
e_5810,37,0
e_5811,37,0
e_5812,37,0
e_5813,26,0
e_5814,37,0
e_5815,26,0
e_5816,26,0
e_5817,37,0
e_5818,37,0
e_5819,0,0
e_582,12,0
e_5820,26,0
e_5821,26,0
e_5822,26,0
e_5823,37,0
e_5824,26,0
e_5825,26,0
e_5826,37,0
e_5827,26,0
e_5828,26,0
e_5829,37,0
e_583,32,0
e_5830,26,0
e_5831,37,0
e_5832,26,0
e_5833,26,0
e_5834,37,0
e_5835,26,0
e_5836,37,0
e_5837,37,0
e_5838,37,0
e_5839,37,0
e_584,32,0
e_5840,26,0
e_5841,37,0
e_5842,37,0
e_5843,0,0
e_5844,37,0
e_5845,37,0
e_5846,37,0
e_5847,37,0
e_5848,37,0
e_5849,0,0
e_585,32,0
e_5850,37,0
e_5851,26,0
e_5852,26,0
e_5853,37,0
e_5854,26,0
e_5855,26,0
e_5856,26,0
e_5857,37,0
e_5858,0,0
e_5859,37,0
e_586,32,0
e_5860,26,0
e_5861,0,0
e_5862,37,0
e_5863,26,0
e_5864,26,0
e_5865,26,0
e_5866,26,0
e_5867,26,0
e_5868,26,0
e_5869,0,0
e_587,12,0
e_5870,37,0
e_5871,37,0
e_5872,26,0
e_5873,37,0
e_5874,26,0
e_5875,26,0
e_5876,0,0
e_5877,26,0
e_5878,26,0
e_5879,26,0
e_588,32,0
e_5880,37,0
e_5881,26,0
e_5882,37,0
e_5883,0,0
e_5884,26,0
e_5885,26,0
e_5886,26,0
e_5887,26,0
e_5888,37,0
e_5889,37,0
e_589,12,0
e_5890,37,0
e_5891,37,0
e_5892,37,0
e_5893,37,0
e_5894,26,0
e_5895,26,0
e_5896,37,0
e_5897,39,1
e_5898,37,0
e_5899,0,0
e_59,32,0
e_590,12,0
e_5900,26,0
e_5901,37,0
e_5902,37,0
e_5903,0,0
e_5904,26,0
e_5905,37,0
e_5906,26,0
e_5907,26,0
e_5908,37,0
e_5909,37,0
e_591,12,0
e_5910,0,0
e_5911,26,0
e_5912,0,0
e_5913,37,0
e_5914,26,0
e_5915,26,0
e_5916,0,0
e_5917,37,0
e_5918,26,0
e_5919,26,0
e_592,12,0
e_5920,37,0
e_5921,26,0
e_5922,0,0
e_5923,26,0
e_5924,37,0
e_5925,0,0
e_5926,37,0
e_5927,37,0
e_5928,37,0
e_5929,26,0
e_593,32,0
e_5930,26,0
e_5931,37,0
e_5932,37,0
e_5933,37,0
e_5934,37,0
e_5935,26,0
e_5936,0,0
e_5937,37,0
e_5938,37,0
e_5939,26,0
e_594,12,0
e_5940,37,0
e_5941,26,0
e_5942,26,0
e_5943,37,0
e_5944,37,0
e_5945,26,0
e_5946,37,0
e_5947,26,0
e_5948,37,0
e_5949,26,0
e_595,32,0
e_5950,26,0
e_5951,26,0
e_5952,0,0
e_5953,26,0
e_5954,37,0
e_5955,37,0
e_5956,0,0
e_5957,26,0
e_5958,37,0
e_5959,26,0
e_596,12,0
e_5960,0,0
e_5961,37,0
e_5962,37,0
e_5963,0,0
e_5964,26,0
e_5965,37,0
e_5966,26,0
e_5967,37,0
e_5968,37,0
e_5969,26,0
e_597,32,0
e_5970,26,0
e_5971,26,0
e_5972,26,0
e_5973,37,0
e_5974,37,0
e_5975,26,0
e_5976,37,0
e_5977,37,0
e_5978,37,0
e_5979,37,0
e_598,32,0
e_5980,37,0
e_5981,26,0
e_5982,37,0
e_5983,26,0
e_5984,37,0
e_5985,26,0
e_5986,0,0
e_5987,37,0
e_5988,0,0
e_5989,26,0
e_599,32,0
e_5990,26,0
e_5991,37,0
e_5992,37,0
e_5993,0,0
e_5994,26,0
e_5995,26,0
e_5996,37,0
e_5997,26,0
e_5998,37,0
e_5999,0,0
e_6,12,0
e_60,12,0
e_600,12,0
e_6000,37,0
e_6001,37,0
e_6002,37,0
e_6003,0,0
e_6004,37,0
e_6005,0,0
e_6006,37,0
e_6007,26,0
e_6008,37,0
e_6009,26,0
e_601,12,0
e_6010,0,0
e_6011,26,0
e_6012,26,0
e_6013,37,0
e_6014,26,0
e_6015,26,0
e_6016,26,0
e_6017,26,0
e_6018,37,0
e_6019,37,0
e_602,12,0
e_6020,26,0
e_6021,0,0
e_6022,26,0
e_6023,37,0
e_6024,37,0
e_6025,26,0
e_6026,37,0
e_6027,37,0
e_6028,39,1
e_6029,37,0
e_603,12,0
e_6030,37,0
e_6031,26,0
e_6032,26,0
e_6033,26,0
e_6034,37,0
e_6035,0,0
e_6036,0,0
e_6037,37,0
e_6038,26,0
e_6039,26,0
e_604,32,0
e_6040,0,0
e_6041,26,0
e_6042,26,0
e_6043,26,0
e_6044,0,0
e_6045,26,0
e_6046,37,0
e_6047,37,0
e_6048,0,0
e_6049,26,0
e_605,32,0
e_6050,26,0
e_6051,26,0
e_6052,37,0
e_6053,37,0
e_6054,26,0
e_6055,0,0
e_6056,26,0
e_6057,0,0
e_6058,37,0
e_6059,37,0
e_606,32,0
e_6060,37,0
e_6061,26,0
e_6062,37,0
e_6063,39,1
e_6064,37,0
e_6065,37,0
e_6066,26,0
e_6067,26,0
e_6068,0,0
e_6069,0,0
e_607,12,0
e_6070,0,0
e_6071,26,0
e_6072,37,0
e_6073,37,0
e_6074,37,0
e_6075,37,0
e_6076,37,0
e_6077,26,0
e_6078,0,0
e_6079,26,0
e_608,12,0
e_6080,0,0
e_6081,0,0
e_6082,0,0
e_6083,37,0
e_6084,26,0
e_6085,26,0
e_6086,26,0
e_6087,0,0
e_6088,26,0
e_6089,37,0
e_609,32,0
e_6090,26,0
e_6091,37,0
e_6092,37,0
e_6093,26,0
e_6094,26,0
e_6095,37,0
e_6096,37,0
e_6097,26,0
e_6098,37,0
e_6099,37,0
e_61,32,0
e_610,12,0
e_6100,37,0
e_6101,26,0
e_6102,26,0
e_6103,0,0
e_6104,26,0
e_6105,26,0
e_6106,37,0
e_6107,26,0
e_6108,26,0
e_6109,26,0
e_611,32,0
e_6110,37,0
e_6111,37,0
e_6112,37,0
e_6113,37,0
e_6114,26,0
e_6115,26,0
e_6116,26,0
e_6117,26,0
e_6118,37,0
e_6119,37,0
e_612,32,0
e_6120,37,0
e_6121,26,0
e_6122,37,0
e_6123,26,0
e_6124,37,0
e_6125,37,0
e_6126,26,0
e_6127,0,0
e_6128,37,0
e_6129,26,0
e_613,12,0
e_6130,0,0
e_6131,37,0
e_6132,26,0
e_6133,37,0
e_6134,26,0
e_6135,26,0
e_6136,26,0
e_6137,37,0
e_6138,37,0
e_6139,0,0
e_614,12,0
e_6140,26,0
e_6141,26,0
e_6142,37,0
e_6143,26,0
e_6144,26,0
e_6145,37,0
e_6146,37,0
e_6147,37,0
e_6148,37,0
e_6149,26,0
e_615,12,0
e_6150,26,0
e_6151,37,0
e_6152,26,0
e_6153,37,0
e_6154,26,0
e_6155,37,0
e_6156,26,0
e_6157,26,0
e_6158,37,0
e_6159,37,0
e_616,32,0
e_6160,37,0
e_6161,26,0
e_6162,37,0
e_6163,26,0
e_6164,0,0
e_6165,26,0
e_6166,37,0
e_6167,26,0
e_6168,26,0
e_6169,26,0
e_617,32,0
e_6170,39,1
e_6171,26,0
e_6172,37,0
e_6173,26,0
e_6174,37,0
e_6175,37,0
e_6176,37,0
e_6177,0,0
e_6178,0,0
e_6179,0,0
e_618,32,0
e_6180,26,0
e_6181,26,0
e_6182,0,0
e_6183,37,0
e_6184,26,0
e_6185,37,0
e_6186,0,0
e_6187,26,0
e_6188,37,0
e_6189,26,0
e_619,12,0
e_6190,26,0
e_6191,37,0
e_6192,26,0
e_6193,37,0
e_6194,26,0
e_6195,37,0
e_6196,26,0
e_6197,0,0
e_6198,0,0
e_6199,26,0
e_62,12,0
e_620,12,0
e_6200,37,0
e_6201,0,0
e_6202,37,0
e_6203,26,0
e_6204,26,0
e_6205,37,0
e_6206,0,0
e_6207,26,0
e_6208,37,0
e_6209,26,0
e_621,12,0
e_6210,37,0
e_6211,37,0
e_6212,26,0
e_6213,26,0
e_6214,37,0
e_6215,26,0
e_6216,37,0
e_6217,0,0
e_6218,26,0
e_6219,37,0
e_622,12,0
e_6220,26,0
e_6221,26,0
e_6222,37,0
e_6223,26,0
e_6224,26,0
e_6225,37,0
e_6226,37,0
e_6227,26,0
e_6228,0,0
e_6229,39,1
e_623,12,0
e_6230,37,0
e_6231,37,0
e_6232,26,0
e_6233,26,0
e_6234,37,0
e_6235,26,0
e_6236,37,0
e_6237,37,0
e_6238,26,0
e_6239,26,0
e_624,32,0
e_6240,37,0
e_6241,0,0
e_6242,0,0
e_6243,26,0
e_6244,37,0
e_6245,26,0
e_6246,37,0
e_6247,37,0
e_6248,26,0
e_6249,26,0
e_625,12,0
e_6250,37,0
e_6251,37,0
e_6252,37,0
e_6253,26,0
e_6254,0,0
e_6255,0,0
e_6256,26,0
e_6257,37,0
e_6258,37,0
e_6259,37,0
e_626,12,0
e_6260,26,0
e_6261,26,0
e_6262,26,0
e_6263,37,0
e_6264,26,0
e_6265,37,0
e_6266,37,0
e_6267,37,0
e_6268,37,0
e_6269,26,0
e_627,32,0
e_6270,26,0
e_6271,0,0
e_6272,26,0
e_6273,0,0
e_6274,26,0
e_6275,26,0
e_6276,26,0
e_6277,26,0
e_6278,37,0
e_6279,26,0
e_628,12,0
e_6280,26,0
e_6281,0,0
e_6282,26,0
e_6283,0,0
e_6284,26,0
e_6285,26,0
e_6286,39,1
e_6287,37,0
e_6288,26,0
e_6289,26,0
e_629,12,0
e_6290,37,0
e_6291,26,0
e_6292,37,0
e_6293,26,0
e_6294,26,0
e_6295,37,0
e_6296,26,0
e_6297,26,0
e_6298,26,0
e_6299,37,0
e_63,12,0
e_630,32,0
e_6300,26,0
e_6301,26,0
e_6302,26,0
e_6303,26,0
e_6304,26,0
e_6305,37,0
e_6306,26,0
e_6307,26,0
e_6308,26,0
e_6309,26,0
e_631,32,0
e_6310,37,0
e_6311,26,0
e_6312,26,0
e_6313,37,0
e_6314,26,0
e_6315,0,0
e_6316,0,0
e_6317,37,0
e_6318,26,0
e_6319,37,0
e_632,12,0
e_6320,26,0
e_6321,26,0
e_6322,26,0
e_6323,26,0
e_6324,26,0
e_6325,26,0
e_6326,26,0
e_6327,37,0
e_6328,26,0
e_6329,26,0
e_633,32,0
e_6330,0,0
e_6331,26,0
e_6332,37,0
e_6333,26,0
e_6334,37,0
e_6335,26,0
e_6336,37,0
e_6337,37,0
e_6338,37,0
e_6339,37,0
e_634,32,0
e_6340,26,0
e_6341,26,0
e_6342,26,0
e_6343,37,0
e_6344,26,0
e_6345,37,0
e_6346,26,0
e_6347,37,0
e_6348,26,0
e_6349,37,0
e_635,32,0
e_6350,0,0
e_6351,26,0
e_6352,26,0
e_6353,26,0
e_6354,37,0
e_6355,26,0
e_6356,37,0
e_6357,0,0
e_6358,37,0
e_6359,37,0
e_636,12,0
e_6360,26,0
e_6361,26,0
e_6362,0,0
e_6363,26,0
e_6364,37,0
e_6365,0,0
e_6366,26,0
e_6367,37,0
e_6368,26,0
e_6369,39,1
e_637,12,0
e_6370,26,0
e_6371,26,0
e_6372,26,0
e_6373,37,0
e_6374,37,0
e_6375,37,0
e_6376,26,0
e_6377,26,0
e_6378,0,0
e_6379,0,0
e_638,12,0
e_6380,0,0
e_6381,37,0
e_6382,0,0
e_6383,0,0
e_6384,26,0
e_6385,37,0
e_6386,37,0
e_6387,26,0
e_6388,26,0
e_6389,37,0
e_639,32,0
e_6390,26,0
e_6391,37,0
e_6392,26,0
e_6393,0,0
e_6394,0,0
e_6395,26,0
e_6396,26,0
e_6397,37,0
e_6398,26,0
e_6399,37,0
e_64,32,0
e_640,32,0
e_6400,26,0
e_6401,37,0
e_6402,37,0
e_6403,26,0
e_6404,37,0
e_6405,0,0
e_6406,0,0
e_6407,39,1
e_6408,26,0
e_6409,37,0
e_641,32,0
e_6410,37,0
e_6411,26,0
e_6412,0,0
e_6413,26,0
e_6414,0,0
e_6415,26,0
e_6416,26,0
e_6417,0,0
e_6418,26,0
e_6419,26,0
e_642,12,0
e_6420,26,0
e_6421,37,0
e_6422,37,0
e_6423,37,0
e_6424,26,0
e_6425,0,0
e_6426,26,0
e_6427,37,0
e_6428,0,0
e_6429,0,0
e_643,32,0
e_6430,37,0
e_6431,26,0
e_6432,26,0
e_6433,37,0
e_6434,37,0
e_6435,37,0
e_6436,37,0
e_6437,0,0
e_6438,37,0
e_6439,26,0
e_644,12,0
e_6440,37,0
e_6441,37,0
e_6442,0,0
e_6443,0,0
e_6444,26,0
e_6445,37,0
e_6446,37,0
e_6447,37,0
e_6448,26,0
e_6449,26,0
e_645,32,0
e_6450,26,0
e_6451,26,0
e_6452,37,0
e_6453,26,0
e_6454,0,0
e_6455,26,0
e_6456,37,0
e_6457,26,0
e_6458,37,0
e_6459,0,0
e_646,12,0
e_6460,37,0
e_6461,0,0
e_6462,37,0
e_6463,26,0
e_6464,26,0
e_6465,37,0
e_6466,0,0
e_6467,26,0
e_6468,0,0
e_6469,37,0
e_647,12,0
e_6470,26,0
e_6471,37,0
e_6472,0,0
e_6473,37,0
e_6474,0,0
e_6475,26,0
e_6476,37,0
e_6477,37,0
e_6478,0,0
e_6479,26,0
e_648,32,0
e_6480,37,0
e_6481,26,0
e_6482,37,0
e_6483,37,0
e_6484,26,0
e_6485,37,0
e_6486,0,0
e_6487,0,0
e_6488,37,0
e_6489,26,0
e_649,12,0
e_6490,26,0
e_6491,26,0
e_6492,0,0
e_6493,26,0
e_6494,37,0
e_6495,0,0
e_6496,37,0
e_6497,37,0
e_6498,26,0
e_6499,0,0
e_65,12,0
e_650,12,0
e_6500,26,0
e_6501,37,0
e_6502,26,0
e_6503,26,0
e_6504,0,0
e_6505,26,0
e_6506,37,0
e_6507,0,0
e_6508,37,0
e_6509,37,0
e_651,32,0
e_6510,37,0
e_6511,37,0
e_6512,37,0
e_6513,0,0
e_6514,37,0
e_6515,26,0
e_6516,37,0
e_6517,37,0
e_6518,37,0
e_6519,0,0
e_652,32,0
e_6520,37,0
e_6521,37,0
e_6522,26,0
e_6523,26,0
e_6524,37,0
e_6525,39,1
e_6526,37,0
e_6527,26,0
e_6528,37,0
e_6529,37,0
e_653,32,0
e_6530,39,1
e_6531,26,0
e_6532,26,0
e_6533,0,0
e_6534,37,0
e_6535,37,0
e_6536,26,0
e_6537,37,0
e_6538,0,0
e_6539,26,0
e_654,32,0
e_6540,26,0
e_6541,26,0
e_6542,26,0
e_6543,37,0
e_6544,26,0
e_6545,0,0
e_6546,26,0
e_6547,37,0
e_6548,37,0
e_6549,26,0
e_655,32,0
e_6550,0,0
e_6551,26,0
e_6552,26,0
e_6553,37,0
e_6554,26,0
e_6555,26,0
e_6556,26,0
e_6557,26,0
e_6558,26,0
e_6559,26,0
e_656,12,0
e_6560,37,0
e_6561,37,0
e_6562,37,0
e_6563,37,0
e_6564,0,0
e_6565,37,0
e_6566,26,0
e_6567,0,0
e_6568,37,0
e_6569,26,0
e_657,32,0
e_6570,37,0
e_6571,26,0
e_6572,37,0
e_6573,37,0
e_6574,0,0
e_6575,37,0
e_6576,26,0
e_6577,37,0
e_6578,37,0
e_6579,37,0
e_658,12,0
e_6580,37,0
e_6581,26,0
e_6582,26,0
e_6583,26,0
e_6584,26,0
e_6585,26,0
e_6586,0,0
e_6587,0,0
e_6588,37,0
e_6589,0,0
e_659,32,0
e_6590,37,0
e_6591,37,0
e_6592,26,0
e_6593,26,0
e_6594,37,0
e_6595,37,0
e_6596,26,0
e_6597,26,0
e_6598,37,0
e_6599,37,0
e_66,12,0
e_660,12,0
e_6600,37,0
e_6601,26,0
e_6602,26,0
e_6603,37,0
e_6604,26,0
e_6605,37,0
e_6606,37,0
e_6607,26,0
e_6608,26,0
e_6609,26,0
e_661,12,0
e_6610,26,0
e_6611,26,0
e_6612,26,0
e_6613,37,0
e_6614,26,0
e_6615,39,1
e_6616,0,0
e_6617,26,0
e_6618,0,0
e_6619,26,0
e_662,32,0
e_6620,26,0
e_6621,26,0
e_6622,26,0
e_6623,37,0
e_6624,37,0
e_6625,37,0
e_6626,0,0
e_6627,37,0
e_6628,37,0
e_6629,37,0
e_663,32,0
e_6630,37,0
e_6631,0,0
e_6632,0,0
e_6633,26,0
e_6634,26,0
e_6635,37,0
e_6636,26,0
e_6637,26,0
e_6638,0,0
e_6639,26,0
e_664,32,0
e_6640,37,0
e_6641,26,0
e_6642,37,0
e_6643,26,0
e_6644,37,0
e_6645,37,0
e_6646,26,0
e_6647,0,0
e_6648,26,0
e_6649,37,0
e_665,12,0
e_6650,37,0
e_6651,26,0
e_6652,26,0
e_6653,37,0
e_6654,37,0
e_6655,0,0
e_6656,26,0
e_6657,37,0
e_6658,37,0
e_6659,26,0
e_666,32,0
e_6660,37,0
e_6661,37,0
e_6662,37,0
e_6663,37,0
e_6664,37,0
e_6665,37,0
e_6666,0,0
e_6667,37,0
e_6668,37,0
e_6669,37,0
e_667,12,0
e_6670,26,0
e_6671,26,0
e_6672,37,0
e_6673,0,0
e_6674,26,0
e_6675,26,0
e_6676,0,0
e_6677,26,0
e_6678,37,0
e_6679,26,0
e_668,12,0
e_6680,26,0
e_6681,26,0
e_6682,37,0
e_6683,37,0
e_6684,0,0
e_6685,26,0
e_6686,37,0
e_6687,26,0
e_6688,26,0
e_6689,39,1
e_669,12,0
e_6690,37,0
e_6691,26,0
e_6692,0,0
e_6693,37,0
e_6694,26,0
e_6695,0,0
e_6696,37,0
e_6697,26,0
e_6698,26,0
e_6699,26,0
e_67,32,0
e_670,32,0
e_6700,26,0
e_6701,37,0
e_6702,37,0
e_6703,0,0
e_6704,37,0
e_6705,26,0
e_6706,26,0
e_6707,26,0
e_6708,26,0
e_6709,26,0
e_671,12,0
e_6710,37,0
e_6711,37,0
e_6712,26,0
e_6713,26,0
e_6714,37,0
e_6715,26,0
e_6716,37,0
e_6717,37,0
e_6718,26,0
e_6719,37,0
e_672,32,0
e_6720,37,0
e_6721,26,0
e_6722,26,0
e_6723,26,0
e_6724,0,0
e_6725,26,0
e_6726,26,0
e_6727,0,0
e_6728,26,0
e_6729,0,0
e_673,12,0
e_6730,26,0
e_6731,26,0
e_6732,26,0
e_6733,37,0
e_6734,37,0
e_6735,37,0
e_6736,39,1
e_6737,37,0
e_6738,37,0
e_6739,0,0
e_674,32,0
e_6740,26,0
e_6741,0,0
e_6742,26,0
e_6743,0,0
e_6744,26,0
e_6745,37,0
e_6746,37,0
e_6747,0,0
e_6748,37,0
e_6749,0,0
e_675,12,0
e_6750,26,0
e_6751,26,0
e_6752,26,0
e_6753,26,0
e_6754,0,0
e_6755,0,0
e_6756,26,0
e_6757,37,0
e_6758,26,0
e_6759,26,0
e_676,12,0
e_6760,26,0
e_6761,26,0
e_6762,26,0
e_6763,26,0
e_6764,26,0
e_6765,26,0
e_6766,26,0
e_6767,37,0
e_6768,0,0
e_6769,37,0
e_677,32,0
e_6770,0,0
e_6771,26,0
e_6772,37,0
e_6773,0,0
e_6774,26,0
e_6775,26,0
e_6776,26,0
e_6777,37,0
e_6778,37,0
e_6779,26,0
e_678,32,0
e_6780,37,0
e_6781,26,0
e_6782,37,0
e_6783,26,0
e_6784,37,0
e_6785,37,0
e_6786,26,0
e_6787,26,0
e_6788,26,0
e_6789,37,0
e_679,32,0
e_6790,37,0
e_6791,26,0
e_6792,37,0
e_6793,0,0
e_6794,37,0
e_6795,26,0
e_6796,37,0
e_6797,37,0
e_6798,37,0
e_6799,37,0
e_68,32,0
e_680,12,0
e_6800,0,0
e_6801,0,0
e_6802,26,0
e_6803,26,0
e_6804,0,0
e_6805,0,0
e_6806,26,0
e_6807,39,1
e_6808,37,0
e_6809,37,0
e_681,32,0
e_6810,0,0
e_6811,37,0
e_6812,26,0
e_6813,0,0
e_6814,26,0
e_6815,0,0
e_6816,37,0
e_6817,37,0
e_6818,26,0
e_6819,26,0
e_682,32,0
e_6820,26,0
e_6821,37,0
e_6822,37,0
e_6823,26,0
e_6824,26,0
e_6825,37,0
e_6826,26,0
e_6827,37,0
e_6828,37,0
e_6829,37,0
e_683,12,0
e_6830,0,0
e_6831,37,0
e_6832,0,0
e_6833,37,0
e_6834,0,0
e_6835,26,0
e_6836,37,0
e_6837,37,0
e_6838,39,1
e_6839,37,0
e_684,12,0
e_6840,26,0
e_6841,37,0
e_6842,26,0
e_6843,26,0
e_6844,37,0
e_6845,26,0
e_6846,0,0
e_6847,37,0
e_6848,37,0
e_6849,37,0
e_685,32,0
e_6850,26,0
e_6851,26,0
e_6852,37,0
e_6853,0,0
e_6854,26,0
e_6855,37,0
e_6856,26,0
e_6857,26,0
e_6858,26,0
e_6859,0,0
e_686,12,0
e_6860,37,0
e_6861,37,0
e_6862,26,0
e_6863,26,0
e_6864,0,0
e_6865,37,0
e_6866,37,0
e_6867,0,0
e_6868,37,0
e_6869,26,0
e_687,12,0
e_6870,26,0
e_6871,26,0
e_6872,26,0
e_6873,37,0
e_6874,37,0
e_6875,26,0
e_6876,37,0
e_6877,26,0
e_6878,37,0
e_6879,37,0
e_688,32,0
e_6880,26,0
e_6881,37,0
e_6882,37,0
e_6883,37,0
e_6884,26,0
e_6885,37,0
e_6886,26,0
e_6887,26,0
e_6888,26,0
e_6889,26,0
e_689,12,0
e_6890,26,0
e_6891,26,0
e_6892,37,0
e_6893,26,0
e_6894,37,0
e_6895,0,0
e_6896,26,0
e_6897,26,0
e_6898,26,0
e_6899,37,0
e_69,12,0
e_690,32,0
e_6900,37,0
e_6901,0,0
e_6902,0,0
e_6903,0,0
e_6904,0,0
e_6905,37,0
e_6906,37,0
e_6907,26,0
e_6908,37,0
e_6909,26,0
e_691,12,0
e_6910,26,0
e_6911,26,0
e_6912,26,0
e_6913,37,0
e_6914,37,0
e_6915,26,0
e_6916,26,0
e_6917,0,0
e_6918,37,0
e_6919,26,0
e_692,32,0
e_6920,37,0
e_6921,26,0
e_6922,0,0
e_6923,37,0
e_6924,26,0
e_6925,37,0
e_6926,26,0
e_6927,37,0
e_6928,26,0
e_6929,37,0
e_693,12,0
e_6930,26,0
e_6931,26,0
e_6932,26,0
e_6933,0,0
e_6934,37,0
e_6935,0,0
e_6936,39,1
e_6937,37,0
e_6938,26,0
e_6939,26,0
e_694,12,0
e_6940,0,0
e_6941,26,0
e_6942,26,0
e_6943,0,0
e_6944,37,0
e_6945,0,0
e_6946,26,0
e_6947,26,0
e_6948,37,0
e_6949,37,0
e_695,12,0
e_6950,37,0
e_6951,26,0
e_6952,37,0
e_6953,37,0
e_6954,26,0
e_6955,37,0
e_6956,26,0
e_6957,26,0
e_6958,37,0
e_6959,37,0
e_696,32,0
e_6960,37,0
e_6961,37,0
e_6962,26,0
e_6963,37,0
e_6964,26,0
e_6965,26,0
e_6966,0,0
e_6967,0,0
e_6968,37,0
e_6969,39,1
e_697,12,0
e_6970,0,0
e_6971,0,0
e_6972,0,0
e_6973,0,0
e_6974,26,0
e_6975,26,0
e_6976,26,0
e_6977,37,0
e_6978,37,0
e_6979,0,0
e_698,32,0
e_6980,26,0
e_6981,0,0
e_6982,26,0
e_6983,37,0
e_6984,37,0
e_6985,26,0
e_6986,37,0
e_6987,37,0
e_6988,26,0
e_6989,37,0
e_699,32,0
e_6990,26,0
e_6991,0,0
e_6992,26,0
e_6993,37,0
e_6994,26,0
e_6995,37,0
e_6996,26,0
e_6997,37,0
e_6998,0,0
e_6999,0,0
e_7,32,0
e_70,12,0
e_700,12,0
e_7000,26,0
e_7001,0,0
e_7002,26,0
e_7003,37,0
e_7004,26,0
e_7005,37,0
e_7006,26,0
e_7007,0,0
e_7008,26,0
e_7009,26,0
e_701,12,0
e_7010,37,0
e_7011,37,0
e_7012,26,0
e_7013,0,0
e_7014,37,0
e_7015,26,0
e_7016,0,0
e_7017,37,0
e_7018,26,0
e_7019,26,0
e_702,32,0
e_7020,0,0
e_7021,26,0
e_7022,37,0
e_7023,0,0
e_7024,26,0
e_7025,26,0
e_7026,26,0
e_7027,0,0
e_7028,37,0
e_7029,37,0
e_703,12,0
e_7030,26,0
e_7031,37,0
e_7032,37,0
e_7033,0,0
e_7034,26,0
e_7035,26,0
e_7036,37,0
e_7037,26,0
e_7038,26,0
e_7039,26,0
e_704,12,0
e_7040,37,0
e_7041,26,0
e_7042,0,0
e_7043,37,0
e_7044,37,0
e_7045,37,0
e_7046,37,0
e_7047,26,0
e_7048,37,0
e_7049,26,0
e_705,12,0
e_7050,37,0
e_7051,0,0
e_7052,26,0
e_7053,37,0
e_7054,37,0
e_7055,37,0
e_7056,37,0
e_7057,26,0
e_7058,37,0
e_7059,37,0
e_706,12,0
e_7060,26,0
e_7061,37,0
e_7062,37,0
e_7063,37,0
e_7064,37,0
e_7065,37,0
e_7066,26,0
e_7067,26,0
e_7068,26,0
e_7069,37,0
e_707,12,0
e_7070,37,0
e_7071,26,0
e_7072,37,0
e_7073,37,0
e_7074,37,0
e_7075,0,0
e_7076,26,0
e_7077,26,0
e_7078,0,0
e_7079,26,0
e_708,32,0
e_7080,39,1
e_7081,37,0
e_7082,0,0
e_7083,37,0
e_7084,0,0
e_7085,37,0
e_7086,26,0
e_7087,37,0
e_7088,0,0
e_7089,26,0
e_709,32,0
e_7090,26,0
e_7091,26,0
e_7092,37,0
e_7093,26,0
e_7094,26,0
e_7095,37,0
e_7096,0,0
e_7097,37,0
e_7098,0,0
e_7099,37,0
e_71,32,0
e_710,32,0
e_7100,26,0
e_7101,26,0
e_7102,0,0
e_7103,37,0
e_7104,37,0
e_7105,26,0
e_7106,37,0
e_7107,37,0
e_7108,37,0
e_7109,37,0
e_711,12,0
e_7110,26,0
e_7111,26,0
e_7112,0,0
e_7113,37,0
e_7114,0,0
e_7115,0,0
e_7116,37,0
e_7117,37,0
e_7118,26,0
e_7119,26,0
e_712,12,0
e_7120,0,0
e_7121,37,0
e_7122,0,0
e_7123,37,0
e_7124,37,0
e_7125,26,0
e_7126,26,0
e_7127,37,0
e_7128,26,0
e_7129,26,0
e_713,32,0
e_7130,26,0
e_7131,37,0
e_7132,37,0
e_7133,26,0
e_7134,26,0
e_7135,39,1
e_7136,26,0
e_7137,26,0
e_7138,0,0
e_7139,26,0
e_714,32,0
e_7140,0,0
e_7141,37,0
e_7142,26,0
e_7143,0,0
e_7144,26,0
e_7145,0,0
e_7146,26,0
e_7147,37,0
e_7148,0,0
e_7149,0,0
e_715,32,0
e_7150,37,0
e_7151,0,0
e_7152,0,0
e_7153,26,0
e_7154,26,0
e_7155,37,0
e_7156,0,0
e_7157,37,0
e_7158,26,0
e_7159,0,0
e_716,32,0
e_7160,0,0
e_7161,26,0
e_7162,37,0
e_7163,26,0
e_7164,26,0
e_7165,26,0
e_7166,26,0
e_7167,0,0
e_7168,37,0
e_7169,37,0
e_717,12,0
e_7170,26,0
e_7171,0,0
e_7172,0,0
e_7173,0,0
e_7174,0,0
e_7175,26,0
e_7176,0,0
e_7177,37,0
e_7178,26,0
e_7179,26,0
e_718,32,0
e_7180,26,0
e_7181,37,0
e_7182,26,0
e_7183,0,0
e_7184,37,0
e_7185,26,0
e_7186,0,0
e_7187,37,0
e_7188,0,0
e_7189,37,0
e_719,32,0
e_7190,26,0
e_7191,0,0
e_7192,37,0
e_7193,0,0
e_7194,26,0
e_7195,0,0
e_7196,37,0
e_7197,37,0
e_7198,26,0
e_7199,26,0
e_72,12,0
e_720,12,0
e_7200,37,0
e_7201,0,0
e_7202,26,0
e_7203,0,0
e_7204,37,0
e_7205,26,0
e_7206,26,0
e_7207,37,0
e_7208,26,0
e_7209,37,0
e_721,12,0
e_7210,37,0
e_7211,37,0
e_7212,26,0
e_7213,26,0
e_7214,26,0
e_7215,26,0
e_7216,26,0
e_7217,26,0
e_7218,0,0
e_7219,26,0
e_722,32,0
e_7220,26,0
e_7221,37,0
e_7222,37,0
e_7223,26,0
e_7224,0,0
e_7225,26,0
e_7226,0,0
e_7227,26,0
e_7228,37,0
e_7229,0,0
e_723,12,0
e_7230,37,0
e_7231,26,0
e_7232,37,0
e_7233,37,0
e_7234,37,0
e_7235,39,1
e_7236,37,0
e_7237,26,0
e_7238,26,0
e_7239,37,0
e_724,32,0
e_7240,37,0
e_7241,37,0
e_7242,26,0
e_7243,37,0
e_7244,26,0
e_7245,37,0
e_7246,0,0
e_7247,37,0
e_7248,0,0
e_7249,37,0
e_725,32,0
e_7250,37,0
e_7251,37,0
e_7252,26,0
e_7253,37,0
e_7254,26,0
e_7255,37,0
e_7256,26,0
e_7257,37,0
e_7258,26,0
e_7259,39,1
e_726,32,0
e_7260,37,0
e_7261,26,0
e_7262,26,0
e_7263,26,0
e_7264,37,0
e_7265,37,0
e_7266,37,0
e_7267,26,0
e_7268,26,0
e_7269,37,0
e_727,12,0
e_7270,37,0
e_7271,26,0
e_7272,0,0
e_7273,37,0
e_7274,37,0
e_7275,37,0
e_7276,37,0
e_7277,0,0
e_7278,37,0
e_7279,26,0
e_728,12,0
e_7280,37,0
e_7281,37,0
e_7282,37,0
e_7283,0,0
e_7284,37,0
e_7285,37,0
e_7286,26,0
e_7287,26,0
e_7288,0,0
e_7289,26,0
e_729,12,0
e_7290,26,0
e_7291,0,0
e_7292,26,0
e_7293,37,0
e_7294,37,0
e_7295,37,0
e_7296,0,0
e_7297,37,0
e_7298,37,0
e_7299,0,0
e_73,12,0
e_730,12,0
e_7300,26,0
e_7301,37,0
e_7302,26,0
e_7303,0,0
e_7304,26,0
e_7305,37,0
e_7306,37,0
e_7307,26,0
e_7308,37,0
e_7309,26,0
e_731,12,0
e_7310,26,0
e_7311,26,0
e_7312,37,0
e_7313,39,1
e_7314,26,0
e_7315,37,0
e_7316,37,0
e_7317,37,0
e_7318,37,0
e_7319,26,0
e_732,12,0
e_7320,26,0
e_7321,37,0
e_7322,37,0
e_7323,0,0
e_7324,26,0
e_7325,37,0
e_7326,26,0
e_7327,37,0
e_7328,26,0
e_7329,26,0
e_733,12,0
e_7330,37,0
e_7331,26,0
e_7332,0,0
e_7333,0,0
e_7334,37,0
e_7335,37,0
e_7336,0,0
e_7337,26,0
e_7338,26,0
e_7339,26,0
e_734,12,0
e_7340,37,0
e_7341,26,0
e_7342,26,0
e_7343,37,0
e_7344,26,0
e_7345,26,0
e_7346,37,0
e_7347,37,0
e_7348,26,0
e_7349,26,0
e_735,12,0
e_7350,37,0
e_7351,26,0
e_7352,26,0
e_7353,37,0
e_7354,37,0
e_7355,26,0
e_7356,26,0
e_7357,26,0
e_7358,26,0
e_7359,0,0
e_736,12,0
e_7360,26,0
e_7361,26,0
e_7362,37,0
e_7363,26,0
e_7364,37,0
e_7365,37,0
e_7366,26,0
e_7367,0,0
e_7368,37,0
e_7369,26,0
e_737,32,0
e_7370,37,0
e_7371,26,0
e_7372,37,0
e_7373,37,0
e_7374,37,0
e_7375,26,0
e_7376,26,0
e_7377,0,0
e_7378,26,0
e_7379,0,0
e_738,12,0
e_7380,26,0
e_7381,26,0
e_7382,37,0
e_7383,26,0
e_7384,37,0
e_7385,26,0
e_7386,0,0
e_7387,37,0
e_7388,37,0
e_7389,26,0
e_739,12,0
e_7390,37,0
e_7391,26,0
e_7392,37,0
e_7393,26,0
e_7394,26,0
e_7395,0,0
e_7396,0,0
e_7397,0,0
e_7398,0,0
e_7399,0,0
e_74,32,0
e_740,12,0
e_7400,37,0
e_7401,26,0
e_7402,0,0
e_7403,26,0
e_7404,37,0
e_7405,26,0
e_7406,0,0
e_7407,37,0
e_7408,26,0
e_7409,37,0
e_741,12,0
e_7410,26,0
e_7411,37,0
e_7412,26,0
e_7413,26,0
e_7414,37,0
e_7415,26,0
e_7416,37,0
e_7417,37,0
e_7418,37,0
e_7419,37,0
e_742,32,0
e_7420,37,0
e_7421,37,0
e_7422,37,0
e_7423,37,0
e_7424,37,0
e_7425,37,0
e_7426,26,0
e_7427,37,0
e_7428,26,0
e_7429,26,0
e_743,12,0
e_7430,37,0
e_7431,0,0
e_7432,26,0
e_7433,26,0
e_7434,37,0
e_7435,37,0
e_7436,26,0
e_7437,37,0
e_7438,37,0
e_7439,26,0
e_744,32,0
e_7440,37,0
e_7441,26,0
e_7442,26,0
e_7443,26,0
e_7444,26,0
e_7445,37,0
e_7446,0,0
e_7447,26,0
e_7448,37,0
e_7449,26,0
e_745,32,0
e_7450,37,0
e_7451,37,0
e_7452,37,0
e_7453,37,0
e_7454,37,0
e_7455,39,1
e_7456,0,0
e_7457,26,0
e_7458,26,0
e_7459,37,0
e_746,12,0
e_7460,26,0
e_7461,26,0
e_7462,37,0
e_7463,26,0
e_7464,26,0
e_7465,26,0
e_7466,26,0
e_7467,37,0
e_7468,26,0
e_7469,26,0
e_747,12,0
e_7470,0,0
e_7471,26,0
e_7472,26,0
e_7473,26,0
e_7474,26,0
e_7475,37,0
e_7476,26,0
e_7477,26,0
e_7478,26,0
e_7479,37,0
e_748,32,0
e_7480,37,0
e_7481,26,0
e_7482,37,0
e_7483,26,0
e_7484,26,0
e_7485,37,0
e_7486,26,0
e_7487,0,0
e_7488,37,0
e_7489,37,0
e_749,32,0
e_7490,26,0
e_7491,26,0
e_7492,37,0
e_7493,26,0
e_7494,26,0
e_7495,0,0
e_7496,37,0
e_7497,37,0
e_7498,26,0
e_7499,0,0
e_75,12,0
e_750,32,0
e_7500,26,0
e_7501,26,0
e_7502,0,0
e_7503,37,0
e_7504,0,0
e_7505,37,0
e_7506,37,0
e_7507,0,0
e_7508,37,0
e_7509,0,0
e_751,12,0
e_7510,26,0
e_7511,26,0
e_7512,37,0
e_7513,0,0
e_7514,0,0
e_7515,0,0
e_7516,37,0
e_7517,26,0
e_7518,37,0
e_7519,37,0
e_752,32,0
e_7520,37,0
e_7521,37,0
e_7522,37,0
e_7523,37,0
e_7524,37,0
e_7525,37,0
e_7526,26,0
e_7527,0,0
e_7528,26,0
e_7529,37,0
e_753,12,0
e_7530,0,0
e_7531,37,0
e_7532,37,0
e_7533,26,0
e_7534,26,0
e_7535,26,0
e_7536,37,0
e_7537,37,0
e_7538,37,0
e_7539,0,0
e_754,32,0
e_7540,37,0
e_7541,26,0
e_7542,37,0
e_7543,37,0
e_7544,37,0
e_7545,37,0
e_7546,37,0
e_7547,26,0
e_7548,0,0
e_7549,26,0
e_755,12,0
e_7550,26,0
e_7551,37,0
e_7552,37,0
e_7553,26,0
e_7554,26,0
e_7555,37,0
e_7556,26,0
e_7557,26,0
e_7558,37,0
e_7559,0,0
e_756,12,0
e_7560,26,0
e_7561,26,0
e_7562,0,0
e_7563,0,0
e_7564,0,0
e_7565,37,0
e_7566,0,0
e_7567,37,0
e_7568,26,0
e_7569,0,0
e_757,32,0
e_7570,0,0
e_7571,26,0
e_7572,37,0
e_7573,0,0
e_7574,37,0
e_7575,26,0
e_7576,37,0
e_7577,37,0
e_7578,0,0
e_7579,37,0
e_758,12,0
e_7580,26,0
e_7581,0,0
e_7582,0,0
e_7583,26,0
e_7584,37,0
e_7585,37,0
e_7586,26,0
e_7587,37,0
e_7588,26,0
e_7589,26,0
e_759,32,0
e_7590,37,0
e_7591,26,0
e_7592,26,0
e_7593,37,0
e_7594,0,0
e_7595,26,0
e_7596,26,0
e_7597,26,0
e_7598,26,0
e_7599,37,0
e_76,12,0
e_760,12,0
e_7600,26,0
e_7601,26,0
e_7602,37,0
e_7603,26,0
e_7604,37,0
e_7605,26,0
e_7606,37,0
e_7607,0,0
e_7608,26,0
e_7609,37,0
e_761,32,0
e_7610,37,0
e_7611,26,0
e_7612,37,0
e_7613,37,0
e_7614,26,0
e_7615,26,0
e_7616,37,0
e_7617,26,0
e_7618,26,0
e_7619,26,0
e_762,32,0
e_7620,0,0
e_7621,26,0
e_7622,0,0
e_7623,26,0
e_7624,37,0
e_7625,26,0
e_7626,37,0
e_7627,37,0
e_7628,37,0
e_7629,37,0
e_763,32,0
e_7630,26,0
e_7631,26,0
e_7632,0,0
e_7633,37,0
e_7634,26,0
e_7635,26,0
e_7636,37,0
e_7637,26,0
e_7638,26,0
e_7639,37,0
e_764,32,0
e_7640,37,0
e_7641,26,0
e_7642,37,0
e_7643,37,0
e_7644,37,0
e_7645,0,0
e_7646,26,0
e_7647,26,0
e_7648,37,0
e_7649,37,0
e_765,12,0
e_7650,0,0
e_7651,0,0
e_7652,26,0
e_7653,0,0
e_7654,39,1
e_7655,26,0
e_7656,37,0
e_7657,37,0
e_7658,37,0
e_7659,37,0
e_766,32,0
e_7660,39,1
e_7661,37,0
e_7662,26,0
e_7663,26,0
e_7664,26,0
e_7665,0,0
e_7666,0,0
e_7667,37,0
e_7668,0,0
e_7669,26,0
e_767,32,0
e_7670,26,0
e_7671,37,0
e_7672,26,0
e_7673,37,0
e_7674,37,0
e_7675,0,0
e_7676,37,0
e_7677,0,0
e_7678,37,0
e_7679,0,0
e_768,32,0
e_7680,0,0
e_7681,37,0
e_7682,37,0
e_7683,26,0
e_7684,37,0
e_7685,37,0
e_7686,37,0
e_7687,37,0
e_7688,37,0
e_7689,37,0
e_769,32,0
e_7690,39,1
e_7691,37,0
e_7692,26,0
e_7693,37,0
e_7694,26,0
e_7695,26,0
e_7696,37,0
e_7697,26,0
e_7698,26,0
e_7699,26,0
e_77,32,0
e_770,32,0
e_7700,0,0
e_7701,26,0
e_7702,37,0
e_7703,0,0
e_7704,37,0
e_7705,26,0
e_7706,37,0
e_7707,37,0
e_7708,26,0
e_7709,26,0
e_771,12,0
e_7710,37,0
e_7711,26,0
e_7712,37,0
e_7713,26,0
e_7714,37,0
e_7715,37,0
e_7716,0,0
e_7717,26,0
e_7718,26,0
e_7719,26,0
e_772,12,0
e_7720,37,0
e_7721,26,0
e_7722,26,0
e_7723,26,0
e_7724,37,0
e_7725,37,0
e_7726,0,0
e_7727,26,0
e_7728,26,0
e_7729,37,0
e_773,12,0
e_7730,37,0
e_7731,0,0
e_7732,26,0
e_7733,37,0
e_7734,0,0
e_7735,26,0
e_7736,0,0
e_7737,0,0
e_7738,26,0
e_7739,37,0
e_774,32,0
e_7740,37,0
e_7741,37,0
e_7742,0,0
e_7743,37,0
e_7744,37,0
e_7745,37,0
e_7746,37,0
e_7747,26,0
e_7748,26,0
e_7749,26,0
e_775,32,0
e_7750,37,0
e_7751,37,0
e_7752,37,0
e_7753,37,0
e_7754,37,0
e_7755,37,0
e_7756,37,0
e_7757,37,0
e_7758,26,0
e_7759,37,0
e_776,12,0
e_7760,0,0
e_7761,0,0
e_7762,26,0
e_7763,26,0
e_7764,26,0
e_7765,26,0
e_7766,26,0
e_7767,0,0
e_7768,37,0
e_7769,37,0
e_777,12,0
e_7770,26,0
e_7771,0,0
e_7772,26,0
e_7773,26,0
e_7774,37,0
e_7775,0,0
e_7776,37,0
e_7777,26,0
e_7778,26,0
e_7779,37,0
e_778,32,0
e_7780,26,0
e_7781,26,0
e_7782,37,0
e_7783,37,0
e_7784,26,0
e_7785,26,0
e_7786,37,0
e_7787,37,0
e_7788,0,0
e_7789,37,0
e_779,12,0
e_7790,37,0
e_7791,37,0
e_7792,26,0
e_7793,37,0
e_7794,26,0
e_7795,37,0
e_7796,0,0
e_7797,26,0
e_7798,37,0
e_7799,37,0
e_78,32,0
e_780,32,0
e_7800,37,0
e_7801,37,0
e_7802,37,0
e_7803,0,0
e_7804,37,0
e_7805,37,0
e_7806,37,0
e_7807,37,0
e_7808,26,0
e_7809,0,0
e_781,12,0
e_7810,0,0
e_7811,26,0
e_7812,37,0
e_7813,37,0
e_7814,37,0
e_7815,26,0
e_7816,0,0
e_7817,37,0
e_7818,26,0
e_7819,26,0
e_782,12,0
e_7820,37,0
e_7821,26,0
e_7822,37,0
e_7823,26,0
e_7824,26,0
e_7825,26,0
e_7826,37,0
e_7827,26,0
e_7828,26,0
e_7829,0,0
e_783,32,0
e_7830,37,0
e_7831,37,0
e_7832,26,0
e_7833,37,0
e_7834,37,0
e_7835,26,0
e_7836,26,0
e_7837,37,0
e_7838,37,0
e_7839,26,0
e_784,32,0
e_7840,26,0
e_7841,37,0
e_7842,37,0
e_7843,26,0
e_7844,26,0
e_7845,26,0
e_7846,26,0
e_7847,37,0
e_7848,26,0
e_7849,26,0
e_785,12,0
e_7850,26,0
e_7851,39,1
e_7852,26,0
e_7853,26,0
e_7854,26,0
e_7855,26,0
e_7856,26,0
e_7857,26,0
e_7858,39,1
e_7859,37,0
e_786,32,0
e_7860,0,0
e_7861,39,1
e_7862,37,0
e_7863,0,0
e_7864,37,0
e_7865,26,0
e_7866,0,0
e_7867,26,0
e_7868,37,0
e_7869,26,0
e_787,12,0
e_7870,39,1
e_7871,37,0
e_7872,0,0
e_7873,26,0
e_7874,26,0
e_7875,37,0
e_7876,26,0
e_7877,26,0
e_7878,37,0
e_7879,26,0
e_788,32,0
e_7880,37,0
e_7881,26,0
e_7882,37,0
e_7883,26,0
e_7884,37,0
e_7885,26,0
e_7886,26,0
e_7887,37,0
e_7888,26,0
e_7889,0,0
e_789,32,0
e_7890,26,0
e_7891,37,0
e_7892,37,0
e_7893,37,0
e_7894,37,0
e_7895,26,0
e_7896,26,0
e_7897,26,0
e_7898,37,0
e_7899,26,0
e_79,12,0
e_790,12,0
e_7900,26,0
e_7901,0,0
e_7902,37,0
e_7903,26,0
e_7904,37,0
e_7905,37,0
e_7906,37,0
e_7907,37,0
e_7908,26,0
e_7909,26,0
e_791,12,0
e_7910,26,0
e_7911,37,0
e_7912,26,0
e_7913,37,0
e_7914,37,0
e_7915,26,0
e_7916,37,0
e_7917,26,0
e_7918,26,0
e_7919,0,0
e_792,32,0
e_7920,37,0
e_7921,26,0
e_7922,37,0
e_7923,37,0
e_7924,26,0
e_7925,37,0
e_7926,26,0
e_7927,0,0
e_7928,37,0
e_7929,0,0
e_793,32,0
e_7930,26,0
e_7931,37,0
e_7932,37,0
e_7933,26,0
e_7934,37,0
e_7935,26,0
e_7936,26,0
e_7937,26,0
e_7938,37,0
e_7939,26,0
e_794,32,0
e_7940,26,0
e_7941,37,0
e_7942,37,0
e_7943,37,0
e_7944,37,0
e_7945,26,0
e_7946,0,0
e_7947,26,0
e_7948,26,0
e_7949,26,0
e_795,12,0
e_7950,26,0
e_7951,37,0
e_7952,37,0
e_7953,0,0
e_7954,26,0
e_7955,26,0
e_7956,0,0
e_7957,37,0
e_7958,37,0
e_7959,37,0
e_796,12,0
e_7960,26,0
e_7961,26,0
e_7962,26,0
e_7963,26,0
e_7964,0,0
e_7965,0,0
e_7966,37,0
e_7967,26,0
e_7968,26,0
e_7969,37,0
e_797,32,0
e_7970,0,0
e_7971,26,0
e_7972,37,0
e_7973,37,0
e_7974,37,0
e_7975,37,0
e_7976,37,0
e_7977,26,0
e_7978,37,0
e_7979,26,0
e_798,32,0
e_7980,37,0
e_7981,37,0
e_7982,39,1
e_7983,37,0
e_7984,0,0
e_7985,26,0
e_7986,26,0
e_7987,26,0
e_7988,26,0
e_7989,37,0
e_799,32,0
e_7990,0,0
e_7991,37,0
e_7992,26,0
e_7993,26,0
e_7994,26,0
e_7995,37,0
e_7996,26,0
e_7997,26,0
e_7998,0,0
e_7999,0,0
e_8,32,0
e_80,12,0
e_800,12,0
e_8000,37,0
e_801,12,0
e_802,12,0
e_803,12,0
e_804,12,0
e_805,32,0
e_806,12,0
e_807,32,0
e_808,32,0
e_809,12,0
e_81,32,0
e_810,12,0
e_811,12,0
e_812,12,0
e_813,32,0
e_814,32,0
e_815,12,0
e_816,32,0
e_817,12,0
e_818,12,0
e_819,32,0
e_82,32,0
e_820,12,0
e_821,12,0
e_822,32,0
e_823,32,0
e_824,32,0
e_825,32,0
e_826,12,0
e_827,12,0
e_828,12,0
e_829,32,0
e_83,32,0
e_830,32,0
e_831,32,0
e_832,32,0
e_833,12,0
e_834,32,0
e_835,12,0
e_836,12,0
e_837,12,0
e_838,32,0
e_839,32,0
e_84,12,0
e_840,12,0
e_841,12,0
e_842,12,0
e_843,12,0
e_844,32,0
e_845,32,0
e_846,12,0
e_847,32,0
e_848,32,0
e_849,32,0
e_85,32,0
e_850,12,0
e_851,32,0
e_852,32,0
e_853,32,0
e_854,12,0
e_855,32,0
e_856,12,0
e_857,32,0
e_858,12,0
e_859,32,0
e_86,12,0
e_860,32,0
e_861,32,0
e_862,12,0
e_863,12,0
e_864,32,0
e_865,12,0
e_866,32,0
e_867,12,0
e_868,12,0
e_869,12,0
e_87,32,0
e_870,32,0
e_871,12,0
e_872,32,0
e_873,12,0
e_874,12,0
e_875,32,0
e_876,12,0
e_877,12,0
e_878,32,0
e_879,12,0
e_88,32,0
e_880,12,0
e_881,12,0
e_882,12,0
e_883,32,0
e_884,32,0
e_885,12,0
e_886,32,0
e_887,12,0
e_888,12,0
e_889,32,0
e_89,12,0
e_890,12,0
e_891,32,0
e_892,12,0
e_893,12,0
e_894,32,0
e_895,12,0
e_896,12,0
e_897,32,0
e_898,32,0
e_899,12,0
e_9,32,0
e_90,12,0
e_900,32,0
e_901,32,0
e_902,12,0
e_903,12,0
e_904,12,0
e_905,12,0
e_906,12,0
e_907,32,0
e_908,12,0
e_909,32,0
e_91,32,0
e_910,32,0
e_911,32,0
e_912,12,0
e_913,32,0
e_914,12,0
e_915,32,0
e_916,12,0
e_917,32,0
e_918,12,0
e_919,12,0
e_92,12,0
e_920,32,0
e_921,32,0
e_922,32,0
e_923,32,0
e_924,32,0
e_925,12,0
e_926,32,0
e_927,12,0
e_928,12,0
e_929,32,0
e_93,32,0
e_930,32,0
e_931,12,0
e_932,32,0
e_933,12,0
e_934,12,0
e_935,32,0
e_936,32,0
e_937,32,0
e_938,32,0
e_939,32,0
e_94,12,0
e_940,12,0
e_941,12,0
e_942,12,0
e_943,32,0
e_944,12,0
e_945,32,0
e_946,32,0
e_947,32,0
e_948,32,0
e_949,12,0
e_95,32,0
e_950,12,0
e_951,32,0
e_952,12,0
e_953,12,0
e_954,32,0
e_955,12,0
e_956,12,0
e_957,32,0
e_958,32,0
e_959,32,0
e_96,32,0
e_960,32,0
e_961,12,0
e_962,32,0
e_963,12,0
e_964,32,0
e_965,12,0
e_966,32,0
e_967,12,0
e_968,12,0
e_969,32,0
e_97,12,0
e_970,12,0
e_971,32,0
e_972,12,0
e_973,32,0
e_974,12,0
e_975,12,0
e_976,12,0
e_977,32,0
e_978,32,0
e_979,12,0
e_98,32,0
e_980,12,0
e_981,12,0
e_982,32,0
e_983,12,0
e_984,12,0
e_985,12,0
e_986,12,0
e_987,32,0
e_988,12,0
e_989,32,0
e_99,12,0
e_990,32,0
e_991,12,0
e_992,12,0
e_993,32,0
e_994,32,0
e_995,32,0
e_996,32,0
e_997,32,0
e_998,12,0
e_999,12,0
f_1,29,0
f_10,38,0
f_100,2,0
f_1000,2,0
f_1001,29,0
f_1002,29,0
f_1003,29,0
f_1004,38,0
f_1005,29,0
f_1006,29,0
f_1007,38,0
f_1008,29,0
f_1009,38,0
f_101,38,0
f_1010,29,0
f_1011,29,0
f_1012,38,0
f_1013,2,0
f_1014,29,0
f_1015,38,0
f_1016,38,0
f_1017,38,0
f_1018,38,0
f_1019,29,0
f_102,38,0
f_1020,2,0
f_1021,29,0
f_1022,38,0
f_1023,38,0
f_1024,38,0
f_1025,38,0
f_1026,29,0
f_1027,2,0
f_1028,38,0
f_1029,29,0
f_103,2,0
f_1030,29,0
f_1031,38,0
f_1032,29,0
f_1033,29,0
f_1034,38,0
f_1035,2,0
f_1036,38,0
f_1037,2,0
f_1038,38,0
f_1039,38,0
f_104,38,0
f_1040,38,0
f_1041,38,0
f_1042,38,0
f_1043,38,0
f_1044,38,0
f_1045,29,0
f_1046,29,0
f_1047,38,0
f_1048,38,0
f_1049,38,0
f_105,38,0
f_1050,2,0
f_1051,38,0
f_1052,2,0
f_1053,38,0
f_1054,38,0
f_1055,38,0
f_1056,2,0
f_1057,29,0
f_1058,38,0
f_1059,29,0
f_106,38,0
f_1060,29,0
f_1061,2,0
f_1062,29,0
f_1063,38,0
f_1064,38,0
f_1065,29,0
f_1066,2,0
f_1067,38,0
f_1068,29,0
f_1069,2,0
f_107,29,0
f_1070,2,0
f_1071,29,0
f_1072,29,0
f_1073,38,0
f_1074,29,0
f_1075,29,0
f_1076,38,0
f_1077,29,0
f_1078,38,0
f_1079,2,0
f_108,29,0
f_1080,29,0
f_1081,38,0
f_1082,38,0
f_1083,38,0
f_1084,38,0
f_1085,2,0
f_1086,38,0
f_1087,29,0
f_1088,2,0
f_1089,38,0
f_109,38,0
f_1090,38,0
f_1091,38,0
f_1092,2,0
f_1093,38,0
f_1094,38,0
f_1095,29,0
f_1096,29,0
f_1097,38,0
f_1098,38,0
f_1099,38,0
f_11,2,0
f_110,2,0
f_1100,38,0
f_1101,38,0
f_1102,29,0
f_1103,29,0
f_1104,38,0
f_1105,38,0
f_1106,29,0
f_1107,29,0
f_1108,38,0
f_1109,38,0
f_111,38,0
f_1110,38,0
f_1111,38,0
f_1112,38,0
f_1113,38,0
f_1114,29,0
f_1115,2,0
f_1116,29,0
f_1117,38,0
f_1118,38,0
f_1119,2,0
f_112,29,0
f_1120,38,0
f_1121,38,0
f_1122,29,0
f_1123,38,0
f_1124,38,0
f_1125,29,0
f_1126,29,0
f_1127,38,0
f_1128,38,0
f_1129,2,0
f_113,38,0
f_1130,29,0
f_1131,29,0
f_1132,2,0
f_1133,38,0
f_1134,29,0
f_1135,29,0
f_1136,29,0
f_1137,38,0
f_1138,29,0
f_1139,2,0
f_114,2,0
f_1140,29,0
f_1141,29,0
f_1142,29,0
f_1143,38,0
f_1144,38,0
f_1145,2,0
f_1146,38,0
f_1147,2,0
f_1148,29,0
f_1149,2,0
f_115,38,0
f_1150,38,0
f_1151,2,0
f_1152,45,1
f_1153,29,0
f_1154,38,0
f_1155,29,0
f_1156,2,0
f_1157,38,0
f_1158,29,0
f_1159,29,0
f_116,2,0
f_1160,29,0
f_1161,29,0
f_1162,29,0
f_1163,29,0
f_1164,38,0
f_1165,29,0
f_1166,38,0
f_1167,29,0
f_1168,38,0
f_1169,2,0
f_117,29,0
f_1170,38,0
f_1171,38,0
f_1172,38,0
f_1173,38,0
f_1174,38,0
f_1175,29,0
f_1176,38,0
f_1177,29,0
f_1178,38,0
f_1179,38,0
f_118,2,0
f_1180,38,0
f_1181,29,0
f_1182,38,0
f_1183,38,0
f_1184,29,0
f_1185,29,0
f_1186,38,0
f_1187,29,0
f_1188,38,0
f_1189,38,0
f_119,2,0
f_1190,2,0
f_1191,29,0
f_1192,2,0
f_1193,38,0
f_1194,38,0
f_1195,38,0
f_1196,38,0
f_1197,38,0
f_1198,2,0
f_1199,38,0
f_12,2,0
f_120,38,0
f_1200,38,0
f_1201,2,0
f_1202,2,0
f_1203,38,0
f_1204,29,0
f_1205,2,0
f_1206,29,0
f_1207,38,0
f_1208,38,0
f_1209,38,0
f_121,2,0
f_1210,29,0
f_1211,29,0
f_1212,29,0
f_1213,38,0
f_1214,38,0
f_1215,2,0
f_1216,29,0
f_1217,38,0
f_1218,29,0
f_1219,38,0
f_122,2,0
f_1220,38,0
f_1221,38,0
f_1222,2,0
f_1223,29,0
f_1224,2,0
f_1225,29,0
f_1226,29,0
f_1227,38,0
f_1228,38,0
f_1229,38,0
f_123,29,0
f_1230,29,0
f_1231,38,0
f_1232,2,0
f_1233,29,0
f_1234,38,0
f_1235,38,0
f_1236,2,0
f_1237,29,0
f_1238,38,0
f_1239,38,0
f_124,38,0
f_1240,29,0
f_1241,29,0
f_1242,29,0
f_1243,29,0
f_1244,38,0
f_1245,38,0
f_1246,38,0
f_1247,29,0
f_1248,38,0
f_1249,29,0
f_125,38,0
f_1250,29,0
f_1251,38,0
f_1252,2,0
f_1253,2,0
f_1254,38,0
f_1255,38,0
f_1256,29,0
f_1257,29,0
f_1258,38,0
f_1259,38,0
f_126,38,0
f_1260,38,0
f_1261,29,0
f_1262,29,0
f_1263,38,0
f_1264,38,0
f_1265,29,0
f_1266,2,0
f_1267,38,0
f_1268,29,0
f_1269,2,0
f_127,29,0
f_1270,29,0
f_1271,29,0
f_1272,29,0
f_1273,38,0
f_1274,2,0
f_1275,38,0
f_1276,29,0
f_1277,38,0
f_1278,29,0
f_1279,38,0
f_128,29,0
f_1280,38,0
f_1281,38,0
f_1282,29,0
f_1283,38,0
f_1284,38,0
f_1285,29,0
f_1286,2,0
f_1287,29,0
f_1288,38,0
f_1289,2,0
f_129,29,0
f_1290,2,0
f_1291,29,0
f_1292,29,0
f_1293,38,0
f_1294,38,0
f_1295,2,0
f_1296,2,0
f_1297,29,0
f_1298,29,0
f_1299,38,0
f_13,38,0
f_130,38,0
f_1300,38,0
f_1301,27,0
f_1302,29,0
f_1303,29,0
f_1304,38,0
f_1305,38,0
f_1306,29,0
f_1307,38,0
f_1308,29,0
f_1309,2,0
f_131,38,0
f_1310,29,0
f_1311,29,0
f_1312,38,0
f_1313,2,0
f_1314,29,0
f_1315,38,0
f_1316,38,0
f_1317,2,0
f_1318,38,0
f_1319,29,0
f_132,2,0
f_1320,29,0
f_1321,38,0
f_1322,38,0
f_1323,38,0
f_1324,2,0
f_1325,38,0
f_1326,29,0
f_1327,38,0
f_1328,38,0
f_1329,29,0
f_133,38,0
f_1330,29,0
f_1331,38,0
f_1332,38,0
f_1333,29,0
f_1334,29,0
f_1335,38,0
f_1336,29,0
f_1337,29,0
f_1338,38,0
f_1339,2,0
f_134,29,0
f_1340,38,0
f_1341,38,0
f_1342,38,0
f_1343,29,0
f_1344,38,0
f_1345,38,0
f_1346,2,0
f_1347,2,0
f_1348,38,0
f_1349,2,0
f_135,38,0
f_1350,2,0
f_1351,38,0
f_1352,2,0
f_1353,29,0
f_1354,29,0
f_1355,2,0
f_1356,2,0
f_1357,2,0
f_1358,29,0
f_1359,29,0
f_136,38,0
f_1360,29,0
f_1361,29,0
f_1362,29,0
f_1363,2,0
f_1364,29,0
f_1365,38,0
f_1366,2,0
f_1367,29,0
f_1368,38,0
f_1369,38,0
f_137,38,0
f_1370,2,0
f_1371,29,0
f_1372,38,0
f_1373,2,0
f_1374,29,0
f_1375,38,0
f_1376,38,0
f_1377,29,0
f_1378,38,0
f_1379,29,0
f_138,38,0
f_1380,38,0
f_1381,38,0
f_1382,38,0
f_1383,29,0
f_1384,38,0
f_1385,38,0
f_1386,38,0
f_1387,38,0
f_1388,38,0
f_1389,2,0
f_139,29,0
f_1390,29,0
f_1391,29,0
f_1392,29,0
f_1393,38,0
f_1394,38,0
f_1395,38,0
f_1396,29,0
f_1397,38,0
f_1398,38,0
f_1399,29,0
f_14,29,0
f_140,38,0
f_1400,29,0
f_1401,38,0
f_1402,38,0
f_1403,2,0
f_1404,2,0
f_1405,38,0
f_1406,2,0
f_1407,29,0
f_1408,38,0
f_1409,2,0
f_141,2,0
f_1410,38,0
f_1411,29,0
f_1412,29,0
f_1413,38,0
f_1414,38,0
f_1415,38,0
f_1416,29,0
f_1417,29,0
f_1418,38,0
f_1419,29,0
f_142,29,0
f_1420,38,0
f_1421,29,0
f_1422,29,0
f_1423,2,0
f_1424,38,0
f_1425,29,0
f_1426,29,0
f_1427,38,0
f_1428,2,0
f_1429,29,0
f_143,38,0
f_1430,38,0
f_1431,29,0
f_1432,38,0
f_1433,2,0
f_1434,38,0
f_1435,29,0
f_1436,38,0
f_1437,38,0
f_1438,2,0
f_1439,38,0
f_144,38,0
f_1440,38,0
f_1441,29,0
f_1442,29,0
f_1443,29,0
f_1444,29,0
f_1445,38,0
f_1446,38,0
f_1447,38,0
f_1448,2,0
f_1449,2,0
f_145,29,0
f_1450,2,0
f_1451,29,0
f_1452,29,0
f_1453,29,0
f_1454,29,0
f_1455,38,0
f_1456,38,0
f_1457,38,0
f_1458,29,0
f_1459,38,0
f_146,29,0
f_1460,38,0
f_1461,38,0
f_1462,38,0
f_1463,38,0
f_1464,29,0
f_1465,38,0
f_1466,29,0
f_1467,38,0
f_1468,2,0
f_1469,38,0
f_147,29,0
f_1470,38,0
f_1471,29,0
f_1472,38,0
f_1473,29,0
f_1474,29,0
f_1475,38,0
f_1476,38,0
f_1477,38,0
f_1478,38,0
f_1479,29,0
f_148,29,0
f_1480,38,0
f_1481,29,0
f_1482,38,0
f_1483,2,0
f_1484,29,0
f_1485,38,0
f_1486,29,0
f_1487,45,1
f_1488,38,0
f_1489,29,0
f_149,29,0
f_1490,29,0
f_1491,29,0
f_1492,29,0
f_1493,38,0
f_1494,29,0
f_1495,38,0
f_1496,38,0
f_1497,38,0
f_1498,38,0
f_1499,38,0
f_15,29,0
f_150,29,0
f_1500,38,0
f_1501,38,0
f_1502,38,0
f_1503,2,0
f_1504,38,0
f_1505,38,0
f_1506,29,0
f_1507,38,0
f_1508,38,0
f_1509,2,0
f_151,2,0
f_1510,29,0
f_1511,29,0
f_1512,38,0
f_1513,38,0
f_1514,38,0
f_1515,38,0
f_1516,27,0
f_1517,29,0
f_1518,2,0
f_1519,38,0
f_152,29,0
f_1520,29,0
f_1521,38,0
f_1522,2,0
f_1523,2,0
f_1524,38,0
f_1525,29,0
f_1526,2,0
f_1527,2,0
f_1528,2,0
f_1529,27,0
f_153,29,0
f_1530,29,0
f_1531,38,0
f_1532,38,0
f_1533,38,0
f_1534,29,0
f_1535,38,0
f_1536,2,0
f_1537,2,0
f_1538,29,0
f_1539,2,0
f_154,38,0
f_1540,2,0
f_1541,38,0
f_1542,29,0
f_1543,2,0
f_1544,29,0
f_1545,38,0
f_1546,2,0
f_1547,29,0
f_1548,29,0
f_1549,38,0
f_155,29,0
f_1550,29,0
f_1551,38,0
f_1552,38,0
f_1553,38,0
f_1554,38,0
f_1555,38,0
f_1556,29,0
f_1557,2,0
f_1558,29,0
f_1559,38,0
f_156,38,0
f_1560,29,0
f_1561,38,0
f_1562,38,0
f_1563,29,0
f_1564,38,0
f_1565,29,0
f_1566,29,0
f_1567,29,0
f_1568,38,0
f_1569,38,0
f_157,38,0
f_1570,29,0
f_1571,29,0
f_1572,38,0
f_1573,38,0
f_1574,38,0
f_1575,29,0
f_1576,29,0
f_1577,29,0
f_1578,38,0
f_1579,29,0
f_158,2,0
f_1580,29,0
f_1581,2,0
f_1582,38,0
f_1583,2,0
f_1584,38,0
f_1585,29,0
f_1586,29,0
f_1587,29,0
f_1588,38,0
f_1589,29,0
f_159,38,0
f_1590,29,0
f_1591,29,0
f_1592,29,0
f_1593,29,0
f_1594,38,0
f_1595,38,0
f_1596,2,0
f_1597,29,0
f_1598,29,0
f_1599,38,0
f_16,2,0
f_160,2,0
f_1600,38,0
f_1601,29,0
f_1602,29,0
f_1603,29,0
f_1604,29,0
f_1605,2,0
f_1606,2,0
f_1607,38,0
f_1608,38,0
f_1609,27,1
f_161,29,0
f_1610,38,0
f_1611,29,0
f_1612,29,0
f_1613,38,0
f_1614,38,0
f_1615,29,0
f_1616,29,0
f_1617,38,0
f_1618,38,0
f_1619,29,0
f_162,2,0
f_1620,38,0
f_1621,38,0
f_1622,29,0
f_1623,38,0
f_1624,38,0
f_1625,29,0
f_1626,38,0
f_1627,38,0
f_1628,38,0
f_1629,38,0
f_163,29,0
f_1630,29,0
f_1631,29,0
f_1632,38,0
f_1633,2,0
f_1634,29,0
f_1635,38,0
f_1636,29,0
f_1637,29,0
f_1638,38,0
f_1639,29,0
f_164,29,0
f_1640,38,0
f_1641,38,0
f_1642,29,0
f_1643,29,0
f_1644,38,0
f_1645,29,0
f_1646,38,0
f_1647,29,0
f_1648,29,0
f_1649,38,0
f_165,38,0
f_1650,38,0
f_1651,38,0
f_1652,2,0
f_1653,38,0
f_1654,38,0
f_1655,2,0
f_1656,38,0
f_1657,38,0
f_1658,38,0
f_1659,38,0
f_166,38,0
f_1660,29,0
f_1661,29,0
f_1662,38,0
f_1663,29,0
f_1664,29,0
f_1665,29,0
f_1666,38,0
f_1667,29,0
f_1668,29,0
f_1669,2,0
f_167,29,0
f_1670,38,0
f_1671,38,0
f_1672,29,0
f_1673,29,0
f_1674,38,0
f_1675,29,0
f_1676,38,0
f_1677,29,0
f_1678,29,0
f_1679,29,0
f_168,38,0
f_1680,38,0
f_1681,38,0
f_1682,29,0
f_1683,29,0
f_1684,29,0
f_1685,29,0
f_1686,29,0
f_1687,38,0
f_1688,2,0
f_1689,29,0
f_169,38,0
f_1690,29,0
f_1691,29,0
f_1692,38,0
f_1693,38,0
f_1694,38,0
f_1695,38,0
f_1696,29,0
f_1697,38,0
f_1698,29,0
f_1699,29,0
f_17,2,0
f_170,38,0
f_1700,2,0
f_1701,38,0
f_1702,29,0
f_1703,29,0
f_1704,38,0
f_1705,38,0
f_1706,38,0
f_1707,29,0
f_1708,38,0
f_1709,29,0
f_171,29,0
f_1710,29,0
f_1711,29,0
f_1712,38,0
f_1713,29,0
f_1714,29,0
f_1715,38,0
f_1716,29,0
f_1717,29,0
f_1718,2,0
f_1719,29,0
f_172,29,0
f_1720,29,0
f_1721,29,0
f_1722,29,0
f_1723,38,0
f_1724,45,1
f_1725,38,0
f_1726,2,0
f_1727,2,0
f_1728,38,0
f_1729,2,0
f_173,38,0
f_1730,29,0
f_1731,29,0
f_1732,38,0
f_1733,38,0
f_1734,29,0
f_1735,29,0
f_1736,38,0
f_1737,38,0
f_1738,29,0
f_1739,38,0
f_174,29,0
f_1740,38,0
f_1741,2,0
f_1742,38,0
f_1743,29,0
f_1744,29,0
f_1745,29,0
f_1746,38,0
f_1747,38,0
f_1748,38,0
f_1749,29,0
f_175,29,0
f_1750,2,0
f_1751,29,0
f_1752,38,0
f_1753,38,0
f_1754,38,0
f_1755,38,0
f_1756,38,0
f_1757,38,0
f_1758,29,0
f_1759,38,0
f_176,38,0
f_1760,38,0
f_1761,38,0
f_1762,2,0
f_1763,38,0
f_1764,2,0
f_1765,2,0
f_1766,38,0
f_1767,38,0
f_1768,29,0
f_1769,2,0
f_177,38,0
f_1770,29,0
f_1771,29,0
f_1772,29,0
f_1773,2,0
f_1774,38,0
f_1775,2,0
f_1776,38,0
f_1777,38,0
f_1778,38,0
f_1779,29,0
f_178,38,0
f_1780,38,0
f_1781,29,0
f_1782,29,0
f_1783,38,0
f_1784,2,0
f_1785,38,0
f_1786,38,0
f_1787,38,0
f_1788,29,0
f_1789,29,0
f_179,38,0
f_1790,38,0
f_1791,29,0
f_1792,38,0
f_1793,29,0
f_1794,29,0
f_1795,29,0
f_1796,38,0
f_1797,29,0
f_1798,29,0
f_1799,29,0
f_18,38,0
f_180,2,0
f_1800,29,0
f_1801,38,0
f_1802,38,0
f_1803,2,0
f_1804,29,0
f_1805,38,0
f_1806,38,0
f_1807,29,0
f_1808,38,0
f_1809,38,0
f_181,38,0
f_1810,29,0
f_1811,29,0
f_1812,38,0
f_1813,2,0
f_1814,38,0
f_1815,38,0
f_1816,38,0
f_1817,29,0
f_1818,29,0
f_1819,2,0
f_182,29,0
f_1820,29,0
f_1821,38,0
f_1822,38,0
f_1823,29,0
f_1824,2,0
f_1825,29,0
f_1826,38,0
f_1827,29,0
f_1828,29,0
f_1829,29,0
f_183,29,0
f_1830,29,0
f_1831,29,0
f_1832,38,0
f_1833,38,0
f_1834,38,0
f_1835,29,0
f_1836,38,0
f_1837,2,0
f_1838,38,0
f_1839,38,0
f_184,29,0
f_1840,38,0
f_1841,38,0
f_1842,38,0
f_1843,38,0
f_1844,29,0
f_1845,29,0
f_1846,29,0
f_1847,38,0
f_1848,38,0
f_1849,29,0
f_185,29,0
f_1850,38,0
f_1851,2,0
f_1852,29,0
f_1853,38,0
f_1854,2,0
f_1855,38,0
f_1856,38,0
f_1857,29,0
f_1858,29,0
f_1859,29,0
f_186,29,0
f_1860,38,0
f_1861,29,0
f_1862,38,0
f_1863,38,0
f_1864,29,0
f_1865,38,0
f_1866,38,0
f_1867,2,0
f_1868,38,0
f_1869,29,0
f_187,2,0
f_1870,29,0
f_1871,38,0
f_1872,29,0
f_1873,38,0
f_1874,29,0
f_1875,2,0
f_1876,2,0
f_1877,2,0
f_1878,29,0
f_1879,29,0
f_188,29,0
f_1880,29,0
f_1881,2,0
f_1882,38,0
f_1883,29,0
f_1884,38,0
f_1885,38,0
f_1886,29,0
f_1887,38,0
f_1888,2,0
f_1889,2,0
f_189,29,0
f_1890,29,0
f_1891,38,0
f_1892,2,0
f_1893,38,0
f_1894,2,0
f_1895,29,0
f_1896,29,0
f_1897,38,0
f_1898,38,0
f_1899,29,0
f_19,38,0
f_190,38,0
f_1900,29,0
f_1901,29,0
f_1902,29,0
f_1903,29,0
f_1904,2,0
f_1905,29,0
f_1906,38,0
f_1907,2,0
f_1908,38,0
f_1909,29,0
f_191,2,0
f_1910,38,0
f_1911,29,0
f_1912,29,0
f_1913,29,0
f_1914,38,0
f_1915,38,0
f_1916,29,0
f_1917,29,0
f_1918,38,0
f_1919,38,0
f_192,29,0
f_1920,29,0
f_1921,38,0
f_1922,38,0
f_1923,38,0
f_1924,29,0
f_1925,29,0
f_1926,38,0
f_1927,29,0
f_1928,38,0
f_1929,29,0
f_193,38,0
f_1930,29,0
f_1931,2,0
f_1932,29,0
f_1933,38,0
f_1934,2,0
f_1935,38,0
f_1936,38,0
f_1937,2,0
f_1938,38,0
f_1939,29,0
f_194,38,0
f_1940,29,0
f_1941,29,0
f_1942,2,0
f_1943,38,0
f_1944,29,0
f_1945,2,0
f_1946,29,0
f_1947,29,0
f_1948,38,0
f_1949,38,0
f_195,38,0
f_1950,29,0
f_1951,29,0
f_1952,29,0
f_1953,38,0
f_1954,38,0
f_1955,2,0
f_1956,38,0
f_1957,38,0
f_1958,2,0
f_1959,38,0
f_196,38,0
f_1960,29,0
f_1961,38,0
f_1962,29,0
f_1963,29,0
f_1964,38,0
f_1965,29,0
f_1966,29,0
f_1967,29,0
f_1968,38,0
f_1969,38,0
f_197,38,0
f_1970,29,0
f_1971,29,0
f_1972,38,0
f_1973,29,0
f_1974,29,0
f_1975,38,0
f_1976,38,0
f_1977,29,0
f_1978,29,0
f_1979,2,0
f_198,38,0
f_1980,29,0
f_1981,29,0
f_1982,29,0
f_1983,38,0
f_1984,29,0
f_1985,2,0
f_1986,29,0
f_1987,38,0
f_1988,29,0
f_1989,2,0
f_199,29,0
f_1990,29,0
f_1991,38,0
f_1992,29,0
f_1993,29,0
f_1994,29,0
f_1995,38,0
f_1996,2,0
f_1997,38,0
f_1998,38,0
f_1999,38,0
f_2,38,0
f_20,29,0
f_200,38,0
f_2000,29,0
f_2001,36,0
f_2002,34,0
f_2003,34,0
f_2004,34,0
f_2005,34,0
f_2006,34,0
f_2007,31,0
f_2008,36,0
f_2009,34,0
f_201,38,0
f_2010,34,0
f_2011,31,0
f_2012,31,0
f_2013,34,0
f_2014,36,0
f_2015,36,0
f_2016,31,0
f_2017,31,0
f_2018,34,0
f_2019,34,0
f_202,45,1
f_2020,31,0
f_2021,34,0
f_2022,34,0
f_2023,34,0
f_2024,31,0
f_2025,36,0
f_2026,36,0
f_2027,34,0
f_2028,31,0
f_2029,34,0
f_203,38,0
f_2030,10,1
f_2031,36,0
f_2032,36,0
f_2033,36,0
f_2034,31,0
f_2035,31,0
f_2036,34,0
f_2037,31,0
f_2038,34,0
f_2039,34,0
f_204,29,0
f_2040,36,0
f_2041,36,0
f_2042,36,0
f_2043,36,0
f_2044,36,0
f_2045,34,0
f_2046,34,0
f_2047,10,1
f_2048,34,0
f_205,38,0
f_2050,34,0
f_2051,31,0
f_2052,36,0
f_2053,36,0
f_2054,34,0
f_2055,34,0
f_2056,36,0
f_2057,34,0
f_2058,34,0
f_2059,36,0
f_206,29,0
f_2060,36,0
f_2061,36,0
f_2062,34,0
f_2063,34,0
f_2064,10,1
f_2065,31,0
f_2066,34,0
f_2067,34,0
f_2068,36,0
f_2069,36,0
f_207,29,0
f_2070,36,0
f_2071,36,0
f_2072,36,0
f_2073,36,0
f_2074,34,0
f_2075,31,0
f_2076,36,0
f_2077,34,0
f_2078,31,0
f_2079,34,0
f_208,2,0
f_2080,34,0
f_2081,34,0
f_2082,34,0
f_2083,31,0
f_2084,34,0
f_2085,31,0
f_2086,36,0
f_2087,10,1
f_2088,34,0
f_2089,31,0
f_209,2,0
f_2090,31,0
f_2091,34,0
f_2092,31,0
f_2093,31,0
f_2094,34,0
f_2095,34,0
f_2096,34,0
f_2097,31,0
f_2098,34,0
f_2099,34,0
f_21,38,0
f_210,38,0
f_2100,31,0
f_2101,34,0
f_2102,34,0
f_2103,31,0
f_2104,34,0
f_2105,34,0
f_2107,31,0
f_2108,36,0
f_2109,34,0
f_211,38,0
f_2110,10,1
f_2111,34,0
f_2112,36,0
f_2113,34,0
f_2114,31,0
f_2115,34,0
f_2116,31,0
f_2117,36,0
f_2118,31,0
f_2119,31,0
f_212,38,0
f_2120,34,0
f_2121,31,0
f_2122,31,0
f_2123,36,0
f_2124,34,0
f_2125,34,0
f_2126,34,0
f_2127,36,0
f_2128,36,0
f_2129,36,0
f_213,38,0
f_2130,34,0
f_2131,34,0
f_2132,10,1
f_2133,34,0
f_2134,36,0
f_2135,34,0
f_2136,34,0
f_2137,34,0
f_2138,34,0
f_2139,36,0
f_214,38,0
f_2140,34,0
f_2141,31,0
f_2142,36,0
f_2143,34,0
f_2144,34,0
f_2145,36,0
f_2146,36,0
f_2147,36,0
f_2148,36,0
f_2149,36,0
f_215,2,0
f_2150,31,0
f_2152,36,0
f_2153,36,0
f_2154,34,0
f_2155,36,0
f_2156,34,0
f_2157,34,0
f_2158,10,1
f_2159,34,0
f_216,29,0
f_2160,31,0
f_2161,36,0
f_2162,31,0
f_2163,36,0
f_2164,36,0
f_2165,34,0
f_2166,34,0
f_2167,36,0
f_2168,10,1
f_2169,34,0
f_217,29,0
f_2170,34,0
f_2171,36,0
f_2172,36,0
f_2173,34,0
f_2174,36,0
f_2175,36,0
f_2176,34,0
f_2177,34,0
f_2178,34,0
f_2179,34,0
f_218,38,0
f_2180,31,0
f_2181,34,0
f_2182,36,0
f_2183,36,0
f_2184,36,0
f_2185,36,0
f_2186,36,0
f_2187,31,0
f_2188,36,0
f_2189,36,0
f_219,38,0
f_2190,34,0
f_2191,31,0
f_2192,36,0
f_2193,34,0
f_2194,34,0
f_2195,34,0
f_2196,34,0
f_2197,34,0
f_2198,34,0
f_2199,36,0
f_22,38,0
f_220,2,0
f_2200,34,0
f_2201,34,0
f_2202,34,0
f_2203,34,0
f_2204,31,0
f_2205,34,0
f_2206,36,0
f_2207,36,0
f_2208,10,1
f_2209,31,0
f_221,38,0
f_2210,34,0
f_2211,34,0
f_2212,34,0
f_2213,34,0
f_2214,34,0
f_2215,31,0
f_2216,36,0
f_2217,31,0
f_2218,34,0
f_2219,34,0
f_222,38,0
f_2220,31,0
f_2221,34,0
f_2222,34,0
f_2223,36,0
f_2224,31,0
f_2225,36,0
f_2226,34,0
f_2227,31,0
f_2228,34,0
f_2229,36,0
f_223,29,0
f_2230,36,0
f_2231,36,0
f_2232,36,0
f_2233,34,0
f_2234,31,0
f_2235,36,0
f_2236,36,0
f_2237,31,0
f_2238,34,0
f_2239,31,0
f_224,2,0
f_2240,36,0
f_2241,34,0
f_2242,36,0
f_2243,36,0
f_2244,34,0
f_2245,36,0
f_2246,36,0
f_2247,34,0
f_2248,34,0
f_2249,10,1
f_225,29,0
f_2250,36,0
f_2251,34,0
f_2252,36,0
f_2253,34,0
f_2254,36,0
f_2255,36,0
f_2256,34,0
f_2257,36,0
f_2258,34,0
f_2259,36,0
f_226,38,0
f_2260,34,0
f_2261,34,0
f_2262,34,0
f_2263,34,0
f_2264,34,0
f_2265,36,0
f_2266,36,0
f_2267,34,0
f_2268,34,0
f_2269,36,0
f_227,27,0
f_2270,34,0
f_2271,36,0
f_2272,36,0
f_2273,36,0
f_2274,31,0
f_2275,31,0
f_2276,36,0
f_2277,31,0
f_2278,34,0
f_2279,34,0
f_228,38,0
f_2280,36,0
f_2281,36,0
f_2282,36,0
f_2283,34,0
f_2284,34,0
f_2285,31,0
f_2286,36,0
f_2287,36,0
f_2288,34,0
f_2289,31,0
f_229,29,0
f_2290,34,0
f_2291,34,0
f_2292,34,0
f_2293,34,0
f_2294,34,0
f_2295,34,0
f_2296,34,0
f_2297,34,0
f_2298,36,0
f_2299,36,0
f_23,38,0
f_230,29,0
f_2300,34,0
f_2301,36,0
f_2302,34,0
f_2303,34,0
f_2304,36,0
f_2305,36,0
f_2306,34,0
f_2307,36,0
f_2308,34,0
f_2309,36,0
f_231,29,0
f_2310,34,0
f_2311,36,0
f_2312,36,0
f_2313,34,0
f_2314,34,0
f_2315,36,0
f_2316,36,0
f_2317,34,0
f_2318,34,0
f_2319,31,0
f_232,29,0
f_2320,31,0
f_2321,36,0
f_2322,36,0
f_2323,36,0
f_2324,36,0
f_2325,36,0
f_2326,34,0
f_2327,31,0
f_2328,36,0
f_2329,36,0
f_233,38,0
f_2330,34,0
f_2331,31,0
f_2332,34,0
f_2333,31,0
f_2334,36,0
f_2335,36,0
f_2337,34,0
f_2338,31,0
f_2339,36,0
f_234,2,0
f_2340,34,0
f_2341,31,0
f_2342,34,0
f_2343,34,0
f_2344,36,0
f_2345,36,0
f_2346,31,0
f_2347,31,0
f_2348,34,0
f_2349,34,0
f_235,29,0
f_2350,31,0
f_2351,36,0
f_2352,36,0
f_2353,34,0
f_2354,34,0
f_2355,34,0
f_2356,36,0
f_2357,31,0
f_2358,31,0
f_2359,36,0
f_236,29,0
f_2360,36,0
f_2361,34,0
f_2362,34,0
f_2363,34,0
f_2364,31,0
f_2365,36,0
f_2366,31,0
f_2367,31,0
f_2368,34,0
f_2369,36,0
f_237,38,0
f_2370,34,0
f_2371,36,0
f_2372,34,0
f_2373,34,0
f_2374,34,0
f_2375,34,0
f_2376,34,0
f_2377,34,0
f_2378,34,0
f_2379,34,0
f_238,38,0
f_2380,31,0
f_2381,34,0
f_2382,36,0
f_2383,31,0
f_2384,31,0
f_2385,34,0
f_2386,31,0
f_2387,36,0
f_2388,36,0
f_2389,36,0
f_239,2,0
f_2390,34,0
f_2391,36,0
f_2392,31,0
f_2393,31,0
f_2394,34,0
f_2395,31,0
f_2396,36,0
f_2397,36,0
f_2398,36,0
f_2399,34,0
f_24,2,0
f_240,29,0
f_2400,34,0
f_2401,36,0
f_2402,31,0
f_2403,34,0
f_2404,36,0
f_2405,36,0
f_2406,36,0
f_2407,34,0
f_2408,34,0
f_2409,36,0
f_241,38,0
f_2410,34,0
f_2411,36,0
f_2412,36,0
f_2413,34,0
f_2414,31,0
f_2415,36,0
f_2416,34,0
f_2417,10,1
f_2418,34,0
f_2419,36,0
f_242,29,0
f_2420,34,0
f_2421,36,0
f_2422,34,0
f_2423,36,0
f_2424,31,0
f_2425,36,0
f_2426,36,0
f_2427,31,0
f_2428,34,0
f_2429,31,0
f_243,29,0
f_2430,34,0
f_2431,31,0
f_2432,34,0
f_2433,34,0
f_2434,34,0
f_2435,10,1
f_2436,34,0
f_2437,31,0
f_2438,34,0
f_2439,34,0
f_244,38,0
f_2440,34,0
f_2441,31,0
f_2442,34,0
f_2443,36,0
f_2444,34,0
f_2445,34,0
f_2446,34,0
f_2447,31,0
f_2448,36,0
f_2449,31,0
f_245,29,0
f_2450,34,0
f_2451,34,0
f_2452,36,0
f_2453,34,0
f_2454,34,0
f_2455,34,0
f_2456,34,0
f_2457,31,0
f_2458,34,0
f_2459,31,0
f_246,29,0
f_2460,36,0
f_2461,31,0
f_2462,36,0
f_2463,34,0
f_2464,36,0
f_2465,34,0
f_2466,34,0
f_2467,36,0
f_2468,34,0
f_2469,31,0
f_247,38,0
f_2470,34,0
f_2471,36,0
f_2472,34,0
f_2473,34,0
f_2474,36,0
f_2475,34,0
f_2476,36,0
f_2477,36,0
f_2478,36,0
f_2479,34,0
f_248,38,0
f_2480,34,0
f_2481,36,0
f_2482,36,0
f_2483,34,0
f_2484,34,0
f_2485,36,0
f_2486,36,0
f_2487,34,0
f_2488,34,0
f_2489,36,0
f_249,2,0
f_2490,36,0
f_2491,36,0
f_2492,34,0
f_2493,31,0
f_2494,34,0
f_2495,36,0
f_2496,36,0
f_2497,34,0
f_2498,36,0
f_2499,36,0
f_25,29,0
f_250,29,0
f_2500,10,1
f_2501,36,0
f_2502,31,0
f_2503,34,0
f_2504,34,0
f_2505,36,0
f_2506,31,0
f_2507,31,0
f_2508,10,1
f_2509,31,0
f_251,38,0
f_2510,36,0
f_2511,36,0
f_2512,34,0
f_2513,31,0
f_2514,36,0
f_2515,34,0
f_2516,34,0
f_2517,31,0
f_2518,34,0
f_2519,10,1
f_252,29,0
f_2520,34,0
f_2521,36,0
f_2522,31,0
f_2523,34,0
f_2524,34,0
f_2525,34,0
f_2526,10,1
f_2527,34,0
f_2528,36,0
f_2529,36,0
f_253,38,0
f_2530,34,0
f_2531,31,0
f_2532,34,0
f_2533,10,1
f_2534,36,0
f_2535,36,0
f_2537,34,0
f_2538,34,0
f_2539,34,0
f_254,29,0
f_2540,34,0
f_2541,34,0
f_2542,34,0
f_2543,31,0
f_2544,36,0
f_2545,31,0
f_2546,36,0
f_2547,31,0
f_2548,34,0
f_2549,34,0
f_255,29,0
f_2550,34,0
f_2551,36,0
f_2552,36,0
f_2553,34,0
f_2554,31,0
f_2555,36,0
f_2556,34,0
f_2557,34,0
f_2558,34,0
f_2559,36,0
f_256,38,0
f_2560,34,0
f_2561,34,0
f_2562,36,0
f_2563,36,0
f_2564,36,0
f_2565,34,0
f_2566,34,0
f_2567,36,0
f_2568,31,0
f_2569,31,0
f_257,29,0
f_2570,36,0
f_2571,36,0
f_2572,36,0
f_2573,34,0
f_2574,36,0
f_2575,36,0
f_2576,36,0
f_2577,36,0
f_2578,36,0
f_2579,34,0
f_258,38,0
f_2580,31,0
f_2581,34,0
f_2582,31,0
f_2583,34,0
f_2584,36,0
f_2585,34,0
f_2586,36,0
f_2587,36,0
f_2588,34,0
f_2589,31,0
f_259,29,0
f_2590,31,0
f_2591,34,0
f_2592,36,0
f_2593,36,0
f_2594,36,0
f_2595,36,0
f_2596,36,0
f_2597,34,0
f_2598,36,0
f_2599,36,0
f_26,29,0
f_260,38,0
f_2600,10,1
f_2601,36,0
f_2602,34,0
f_2603,34,0
f_2604,31,0
f_2605,34,0
f_2606,31,0
f_2607,36,0
f_2608,34,0
f_2609,34,0
f_261,38,0
f_2610,36,0
f_2612,36,0
f_2613,36,0
f_2614,31,0
f_2615,31,0
f_2616,10,1
f_2617,31,0
f_2618,34,0
f_2619,34,0
f_262,38,0
f_2620,36,0
f_2621,36,0
f_2622,36,0
f_2623,34,0
f_2624,34,0
f_2625,36,0
f_2626,34,0
f_2627,34,0
f_2628,10,1
f_2629,34,0
f_263,38,0
f_2630,36,0
f_2631,31,0
f_2632,31,0
f_2633,31,0
f_2634,34,0
f_2635,34,0
f_2636,10,1
f_2637,34,0
f_2638,36,0
f_2639,36,0
f_264,38,0
f_2640,34,0
f_2641,34,0
f_2642,34,0
f_2643,31,0
f_2644,36,0
f_2645,31,0
f_2646,34,0
f_2647,36,0
f_2648,36,0
f_2649,31,0
f_265,29,0
f_2650,36,0
f_2651,36,0
f_2652,36,0
f_2653,34,0
f_2654,31,0
f_2655,36,0
f_2656,36,0
f_2657,34,0
f_2658,36,0
f_2659,34,0
f_266,29,0
f_2660,34,0
f_2661,34,0
f_2662,36,0
f_2663,34,0
f_2664,34,0
f_2665,36,0
f_2666,36,0
f_2667,31,0
f_2668,36,0
f_2669,36,0
f_267,38,0
f_2670,34,0
f_2671,34,0
f_2672,34,0
f_2673,36,0
f_2674,36,0
f_2675,34,0
f_2676,34,0
f_2677,31,0
f_2678,10,1
f_2679,31,0
f_268,38,0
f_2680,34,0
f_2681,36,0
f_2682,34,0
f_2683,34,0
f_2684,31,0
f_2685,31,0
f_2686,34,0
f_2687,34,0
f_2688,36,0
f_2689,34,0
f_269,29,0
f_2690,34,0
f_2691,34,0
f_2692,34,0
f_2693,34,0
f_2694,10,1
f_2695,36,0
f_2696,36,0
f_2697,10,1
f_2698,34,0
f_2699,34,0
f_27,38,0
f_270,38,0
f_2700,34,0
f_2701,31,0
f_2702,31,0
f_2703,34,0
f_2704,34,0
f_2705,31,0
f_2706,34,0
f_2707,36,0
f_2708,34,0
f_2709,31,0
f_271,29,0
f_2710,31,0
f_2711,36,0
f_2712,36,0
f_2713,34,0
f_2714,34,0
f_2715,36,0
f_2716,31,0
f_2717,31,0
f_2718,34,0
f_2719,36,0
f_272,29,0
f_2720,10,1
f_2721,31,0
f_2722,34,0
f_2723,31,0
f_2724,34,0
f_2725,31,0
f_2726,36,0
f_2727,31,0
f_2728,34,0
f_2729,34,0
f_273,29,0
f_2730,36,0
f_2731,10,1
f_2732,34,0
f_2733,34,0
f_2734,34,0
f_2735,34,0
f_2736,36,0
f_2737,31,0
f_2738,34,0
f_2739,34,0
f_274,2,0
f_2740,34,0
f_2741,34,0
f_2742,34,0
f_2743,36,0
f_2744,36,0
f_2745,36,0
f_2746,36,0
f_2747,31,0
f_2748,34,0
f_2749,36,0
f_275,29,0
f_2750,34,0
f_2751,34,0
f_2752,34,0
f_2753,31,0
f_2754,34,0
f_2755,34,0
f_2756,31,0
f_2757,34,0
f_2758,36,0
f_2759,34,0
f_276,29,0
f_2760,36,0
f_2761,34,0
f_2762,34,0
f_2763,31,0
f_2764,34,0
f_2765,31,0
f_2766,31,0
f_2767,34,0
f_2768,34,0
f_2769,34,0
f_277,2,0
f_2770,34,0
f_2771,34,0
f_2772,10,1
f_2773,34,0
f_2774,31,0
f_2775,34,0
f_2776,31,0
f_2777,36,0
f_2778,34,0
f_2779,36,0
f_278,38,0
f_2780,34,0
f_2781,36,0
f_2782,36,0
f_2783,31,0
f_2784,10,1
f_2785,31,0
f_2786,31,0
f_2787,36,0
f_2788,36,0
f_2789,34,0
f_279,38,0
f_2790,31,0
f_2791,34,0
f_2792,31,0
f_2793,34,0
f_2794,34,0
f_2795,31,0
f_2796,34,0
f_2797,31,0
f_2798,34,0
f_2799,36,0
f_28,2,0
f_280,29,0
f_2800,34,0
f_2801,34,0
f_2802,36,0
f_2803,34,0
f_2804,34,0
f_2805,34,0
f_2806,34,0
f_2807,34,0
f_2808,36,0
f_2809,36,0
f_281,29,0
f_2810,31,0
f_2811,31,0
f_2812,36,0
f_2813,36,0
f_2814,34,0
f_2815,34,0
f_2816,34,0
f_2817,36,0
f_2818,10,1
f_2819,34,0
f_282,29,0
f_2820,34,0
f_2821,10,1
f_2822,34,0
f_2823,31,0
f_2824,31,0
f_2825,31,0
f_2826,34,0
f_2827,36,0
f_2828,34,0
f_2829,34,0
f_283,38,0
f_2830,36,0
f_2831,34,0
f_2832,34,0
f_2833,36,0
f_2834,36,0
f_2835,34,0
f_2836,36,0
f_2837,31,0
f_2838,34,0
f_2839,34,0
f_284,38,0
f_2840,34,0
f_2841,34,0
f_2842,31,0
f_2843,36,0
f_2844,36,0
f_2845,36,0
f_2846,34,0
f_2847,31,0
f_2848,34,0
f_2849,36,0
f_285,2,0
f_2850,36,0
f_2851,34,0
f_2852,36,0
f_2853,36,0
f_2854,34,0
f_2855,31,0
f_2856,36,0
f_2857,34,0
f_2858,36,0
f_2859,34,0
f_286,29,0
f_2860,31,0
f_2861,34,0
f_2862,34,0
f_2863,10,1
f_2864,31,0
f_2865,34,0
f_2866,36,0
f_2867,34,0
f_2868,34,0
f_2869,36,0
f_287,29,0
f_2870,36,0
f_2871,31,0
f_2872,34,0
f_2873,34,0
f_2874,34,0
f_2875,34,0
f_2876,31,0
f_2877,36,0
f_2878,34,0
f_2879,36,0
f_288,38,0
f_2880,34,0
f_2881,36,0
f_2882,34,0
f_2883,31,0
f_2884,31,0
f_2885,34,0
f_2886,36,0
f_2887,31,0
f_2888,31,0
f_2889,34,0
f_289,29,0
f_2890,31,0
f_2891,36,0
f_2892,36,0
f_2893,31,0
f_2894,36,0
f_2895,36,0
f_2896,36,0
f_2897,34,0
f_2898,31,0
f_2899,31,0
f_29,38,0
f_290,38,0
f_2900,36,0
f_2901,31,0
f_2902,36,0
f_2903,36,0
f_2904,36,0
f_2905,34,0
f_2906,31,0
f_2907,31,0
f_2908,34,0
f_2909,31,0
f_291,38,0
f_2910,34,0
f_2911,36,0
f_2912,36,0
f_2913,36,0
f_2914,34,0
f_2915,36,0
f_2916,34,0
f_2917,36,0
f_2918,34,0
f_2919,34,0
f_292,38,0
f_2920,36,0
f_2921,34,0
f_2922,36,0
f_2923,34,0
f_2924,34,0
f_2925,36,0
f_2926,31,0
f_2927,34,0
f_2928,34,0
f_2929,31,0
f_293,38,0
f_2930,36,0
f_2931,10,1
f_2932,31,0
f_2933,36,0
f_2934,36,0
f_2935,34,0
f_2936,34,0
f_2937,34,0
f_2938,34,0
f_2939,36,0
f_294,38,0
f_2940,34,0
f_2941,36,0
f_2942,34,0
f_2943,31,0
f_2944,36,0
f_2945,36,0
f_2946,36,0
f_2947,36,0
f_2948,34,0
f_2949,34,0
f_295,38,0
f_2950,36,0
f_2951,34,0
f_2952,34,0
f_2953,36,0
f_2955,34,0
f_2956,34,0
f_2957,31,0
f_2958,36,0
f_2959,36,0
f_296,38,0
f_2960,36,0
f_2961,31,0
f_2962,36,0
f_2963,36,0
f_2964,34,0
f_2965,36,0
f_2966,34,0
f_2967,36,0
f_2968,36,0
f_2969,34,0
f_297,38,0
f_2970,34,0
f_2971,36,0
f_2972,34,0
f_2973,34,0
f_2974,34,0
f_2975,34,0
f_2976,34,0
f_2977,36,0
f_2978,34,0
f_2979,36,0
f_298,29,0
f_2980,34,0
f_2981,34,0
f_2982,31,0
f_2983,36,0
f_2984,31,0
f_2985,36,0
f_2986,10,1
f_2987,34,0
f_2988,34,0
f_2989,34,0
f_299,29,0
f_2990,36,0
f_2991,36,0
f_2992,34,0
f_2993,36,0
f_2994,34,0
f_2995,34,0
f_2996,34,0
f_2997,36,0
f_2998,36,0
f_2999,34,0
f_3,38,0
f_30,38,0
f_300,38,0
f_3000,31,0
f_3001,36,0
f_3002,36,0
f_3003,36,0
f_3004,34,0
f_3006,36,0
f_3007,34,0
f_3008,36,0
f_3009,34,0
f_301,29,0
f_3010,36,0
f_3011,36,0
f_3012,34,0
f_3013,31,0
f_3014,36,0
f_3015,34,0
f_3016,34,0
f_3017,34,0
f_3018,34,0
f_3019,36,0
f_302,38,0
f_3020,31,0
f_3021,31,0
f_3022,34,0
f_3023,34,0
f_3024,34,0
f_3025,34,0
f_3026,36,0
f_3027,31,0
f_3028,31,0
f_3029,36,0
f_303,38,0
f_3030,36,0
f_3031,34,0
f_3032,36,0
f_3033,36,0
f_3034,34,0
f_3035,46,1
f_3036,34,0
f_3037,10,1
f_3038,34,0
f_304,29,0
f_3040,34,0
f_3041,34,0
f_3042,34,0
f_3043,34,0
f_3044,34,0
f_3045,36,0
f_3046,36,0
f_3047,34,0
f_3048,34,0
f_3049,34,0
f_305,29,0
f_3050,31,0
f_3051,34,0
f_3052,31,0
f_3053,34,0
f_3054,34,0
f_3055,34,0
f_3056,31,0
f_3057,36,0
f_3058,34,0
f_3059,36,0
f_306,38,0
f_3060,36,0
f_3061,31,0
f_3062,36,0
f_3063,34,0
f_3064,34,0
f_3065,36,0
f_3066,31,0
f_3067,34,0
f_3068,36,0
f_3069,31,0
f_307,29,0
f_3070,31,0
f_3071,36,0
f_3072,36,0
f_3073,34,0
f_3074,36,0
f_3075,36,0
f_3076,34,0
f_3077,36,0
f_3078,34,0
f_3079,31,0
f_308,38,0
f_3080,31,0
f_3081,34,0
f_3082,34,0
f_3083,34,0
f_3084,34,0
f_3085,31,0
f_3086,34,0
f_3087,36,0
f_3088,10,1
f_3089,34,0
f_309,29,0
f_3090,34,0
f_3091,34,0
f_3092,31,0
f_3093,34,0
f_3094,34,0
f_3095,36,0
f_3096,36,0
f_3097,34,0
f_3098,34,0
f_3099,34,0
f_31,29,0
f_310,38,0
f_3100,34,0
f_3101,31,0
f_3102,36,0
f_3103,36,0
f_3104,34,0
f_3105,34,0
f_3106,36,0
f_3107,36,0
f_3108,34,0
f_3109,34,0
f_311,29,0
f_3110,10,1
f_3111,34,0
f_3112,34,0
f_3113,34,0
f_3114,36,0
f_3115,31,0
f_3116,36,0
f_3117,34,0
f_3118,34,0
f_3119,31,0
f_312,29,0
f_3120,34,0
f_3121,34,0
f_3122,36,0
f_3123,34,0
f_3124,34,0
f_3125,36,0
f_3126,36,0
f_3127,34,0
f_3128,34,0
f_3129,31,0
f_313,38,0
f_3130,36,0
f_3131,36,0
f_3132,31,0
f_3133,34,0
f_3134,36,0
f_3135,36,0
f_3136,36,0
f_3137,34,0
f_3138,36,0
f_3139,31,0
f_314,38,0
f_3140,36,0
f_3141,36,0
f_3142,36,0
f_3143,34,0
f_3144,34,0
f_3145,31,0
f_3146,34,0
f_3147,31,0
f_3148,36,0
f_3149,31,0
f_315,29,0
f_3150,34,0
f_3151,31,0
f_3152,34,0
f_3153,36,0
f_3154,34,0
f_3155,36,0
f_3156,31,0
f_3157,34,0
f_3158,36,0
f_3159,36,0
f_316,29,0
f_3160,36,0
f_3161,36,0
f_3162,36,0
f_3163,36,0
f_3164,34,0
f_3165,36,0
f_3166,34,0
f_3167,36,0
f_3168,34,0
f_3169,31,0
f_317,38,0
f_3170,34,0
f_3171,34,0
f_3172,34,0
f_3173,34,0
f_3174,34,0
f_3175,36,0
f_3176,34,0
f_3177,36,0
f_3178,34,0
f_3179,34,0
f_318,38,0
f_3180,31,0
f_3181,36,0
f_3182,34,0
f_3183,34,0
f_3184,36,0
f_3185,36,0
f_3186,34,0
f_3187,36,0
f_3188,34,0
f_3189,34,0
f_319,2,0
f_3190,31,0
f_3191,36,0
f_3192,31,0
f_3193,34,0
f_3194,34,0
f_3195,34,0
f_3196,34,0
f_3197,34,0
f_3198,31,0
f_3199,34,0
f_32,29,0
f_320,2,0
f_3200,34,0
f_3201,31,0
f_3202,31,0
f_3203,34,0
f_3204,36,0
f_3205,31,0
f_3206,36,0
f_3207,34,0
f_3208,34,0
f_3209,34,0
f_321,29,0
f_3210,36,0
f_3211,36,0
f_3212,36,0
f_3213,34,0
f_3214,34,0
f_3215,31,0
f_3216,36,0
f_3217,34,0
f_3218,36,0
f_3219,34,0
f_322,29,0
f_3220,34,0
f_3221,34,0
f_3222,31,0
f_3223,36,0
f_3224,31,0
f_3225,36,0
f_3226,36,0
f_3227,34,0
f_3228,34,0
f_3229,34,0
f_323,29,0
f_3230,36,0
f_3231,34,0
f_3232,31,0
f_3233,36,0
f_3234,34,0
f_3235,34,0
f_3236,31,0
f_3237,36,0
f_3238,34,0
f_3239,34,0
f_324,29,0
f_3240,36,0
f_3241,36,0
f_3242,36,0
f_3243,36,0
f_3244,34,0
f_3245,34,0
f_3246,31,0
f_3247,36,0
f_3248,34,0
f_3249,36,0
f_325,29,0
f_3250,36,0
f_3251,34,0
f_3252,10,1
f_3253,31,0
f_3254,34,0
f_3255,34,0
f_3256,36,0
f_3257,36,0
f_3258,34,0
f_3259,34,0
f_326,38,0
f_3260,34,0
f_3261,36,0
f_3262,36,0
f_3263,34,0
f_3264,34,0
f_3265,36,0
f_3266,31,0
f_3267,34,0
f_3268,36,0
f_3269,10,1
f_327,2,0
f_3270,36,0
f_3271,36,0
f_3272,36,0
f_3273,10,1
f_3274,31,0
f_3275,34,0
f_3276,36,0
f_3277,34,0
f_3278,36,0
f_3279,34,0
f_328,29,0
f_3280,34,0
f_3281,34,0
f_3282,36,0
f_3283,34,0
f_3284,34,0
f_3285,36,0
f_3286,31,0
f_3287,36,0
f_3288,34,0
f_3289,31,0
f_329,29,0
f_3290,31,0
f_3291,36,0
f_3292,36,0
f_3293,34,0
f_3294,34,0
f_3295,31,0
f_3296,31,0
f_3297,36,0
f_3298,36,0
f_3299,34,0
f_33,29,0
f_330,38,0
f_3300,31,0
f_3301,31,0
f_3302,36,0
f_3303,36,0
f_3304,34,0
f_3305,34,0
f_3306,36,0
f_3307,34,0
f_3308,36,0
f_3309,31,0
f_331,38,0
f_3310,36,0
f_3312,34,0
f_3313,31,0
f_3314,36,0
f_3315,34,0
f_3316,34,0
f_3317,31,0
f_3318,34,0
f_3319,36,0
f_332,38,0
f_3320,36,0
f_3321,34,0
f_3322,34,0
f_3323,34,0
f_3324,31,0
f_3325,34,0
f_3326,36,0
f_3327,34,0
f_3328,34,0
f_3329,36,0
f_333,2,0
f_3330,36,0
f_3331,34,0
f_3332,34,0
f_3333,36,0
f_3334,36,0
f_3335,31,0
f_3336,36,0
f_3337,36,0
f_3338,34,0
f_3339,31,0
f_334,29,0
f_3340,34,0
f_3341,34,0
f_3342,34,0
f_3343,36,0
f_3344,34,0
f_3345,34,0
f_3346,31,0
f_3347,31,0
f_3348,34,0
f_3349,31,0
f_335,29,0
f_3350,10,1
f_3351,34,0
f_3352,31,0
f_3353,36,0
f_3354,36,0
f_3355,31,0
f_3356,31,0
f_3357,31,0
f_3358,36,0
f_336,38,0
f_3360,36,0
f_3361,36,0
f_3362,36,0
f_3363,31,0
f_3364,36,0
f_3365,34,0
f_3366,31,0
f_3367,36,0
f_3368,34,0
f_3369,34,0
f_337,38,0
f_3370,31,0
f_3371,36,0
f_3372,34,0
f_3373,10,1
f_3374,36,0
f_3375,34,0
f_3376,34,0
f_3377,36,0
f_3378,34,0
f_3379,36,0
f_338,2,0
f_3380,34,0
f_3381,34,0
f_3382,34,0
f_3383,36,0
f_3384,34,0
f_3385,34,0
f_3386,34,0
f_3387,34,0
f_3388,34,0
f_3389,31,0
f_339,29,0
f_3390,36,0
f_3391,36,0
f_3392,36,0
f_3393,34,0
f_3394,34,0
f_3395,34,0
f_3396,36,0
f_3397,34,0
f_3398,34,0
f_3399,36,0
f_34,38,0
f_340,38,0
f_3400,36,0
f_3401,34,0
f_3402,34,0
f_3403,31,0
f_3404,31,0
f_3405,31,0
f_3406,10,1
f_3407,36,0
f_3408,34,0
f_3409,31,0
f_341,2,0
f_3410,34,0
f_3411,36,0
f_3412,36,0
f_3413,31,0
f_3414,34,0
f_3415,34,0
f_3416,36,0
f_3417,36,0
f_3418,34,0
f_3419,36,0
f_342,38,0
f_3420,34,0
f_3421,36,0
f_3422,36,0
f_3423,31,0
f_3424,34,0
f_3425,36,0
f_3426,36,0
f_3427,34,0
f_3428,10,1
f_3429,31,0
f_343,38,0
f_3430,34,0
f_3431,36,0
f_3432,34,0
f_3433,31,0
f_3434,34,0
f_3435,36,0
f_3436,34,0
f_3437,34,0
f_3438,31,0
f_3439,34,0
f_344,45,1
f_3440,34,0
f_3441,31,0
f_3442,36,0
f_3443,36,0
f_3444,36,0
f_3445,34,0
f_3446,34,0
f_3447,34,0
f_3448,31,0
f_3449,31,0
f_345,29,0
f_3450,31,0
f_3451,36,0
f_3452,36,0
f_3453,36,0
f_3454,36,0
f_3455,34,0
f_3456,34,0
f_3457,34,0
f_3459,34,0
f_346,2,0
f_3460,34,0
f_3461,34,0
f_3462,10,1
f_3463,34,0
f_3464,36,0
f_3465,34,0
f_3466,36,0
f_3467,34,0
f_3468,31,0
f_3469,34,0
f_347,2,0
f_3470,34,0
f_3471,36,0
f_3472,34,0
f_3474,36,0
f_3475,34,0
f_3476,34,0
f_3477,34,0
f_3478,34,0
f_3479,36,0
f_348,38,0
f_3480,34,0
f_3481,36,0
f_3483,31,0
f_3484,36,0
f_3485,34,0
f_3486,36,0
f_3487,34,0
f_3488,34,0
f_3489,36,0
f_349,38,0
f_3490,36,0
f_3491,36,0
f_3492,36,0
f_3493,34,0
f_3494,36,0
f_3495,34,0
f_3496,34,0
f_3497,34,0
f_3498,34,0
f_3499,34,0
f_35,38,0
f_350,2,0
f_3500,31,0
f_3501,34,0
f_3502,34,0
f_3503,31,0
f_3504,34,0
f_3505,34,0
f_3506,36,0
f_3507,34,0
f_3508,34,0
f_3509,31,0
f_351,29,0
f_3510,36,0
f_3511,36,0
f_3512,34,0
f_3513,34,0
f_3514,34,0
f_3515,34,0
f_3516,34,0
f_3517,36,0
f_3518,31,0
f_3519,34,0
f_352,29,0
f_3520,36,0
f_3521,34,0
f_3522,31,0
f_3523,31,0
f_3524,34,0
f_3525,36,0
f_3526,10,1
f_3527,31,0
f_3528,31,0
f_3529,31,0
f_353,38,0
f_3530,36,0
f_3531,34,0
f_3532,34,0
f_3533,34,0
f_3534,36,0
f_3535,34,0
f_3536,31,0
f_3537,31,0
f_3538,36,0
f_3539,31,0
f_354,38,0
f_3540,31,0
f_3541,10,1
f_3542,36,0
f_3543,31,0
f_3544,36,0
f_3545,34,0
f_3546,31,0
f_3547,36,0
f_3548,36,0
f_3549,34,0
f_355,38,0
f_3550,36,0
f_3551,34,0
f_3552,34,0
f_3553,34,0
f_3554,31,0
f_3555,34,0
f_3556,36,0
f_3557,10,1
f_3558,36,0
f_3559,34,0
f_356,29,0
f_3560,36,0
f_3561,34,0
f_3562,34,0
f_3563,36,0
f_3564,10,1
f_3565,36,0
f_3566,36,0
f_3567,36,0
f_3568,34,0
f_3569,34,0
f_357,38,0
f_3570,36,0
f_3571,36,0
f_3572,34,0
f_3573,34,0
f_3574,34,0
f_3575,36,0
f_3576,36,0
f_3577,36,0
f_3578,34,0
f_3579,36,0
f_358,2,0
f_3580,36,0
f_3581,31,0
f_3582,34,0
f_3583,31,0
f_3584,34,0
f_3585,36,0
f_3586,36,0
f_3587,36,0
f_3588,34,0
f_3589,36,0
f_359,29,0
f_3590,36,0
f_3591,36,0
f_3592,36,0
f_3593,36,0
f_3594,34,0
f_3595,34,0
f_3596,10,1
f_3597,36,0
f_3598,36,0
f_3599,34,0
f_36,38,0
f_360,29,0
f_3600,34,0
f_3601,36,0
f_3602,36,0
f_3603,36,0
f_3604,36,0
f_3605,31,0
f_3606,31,0
f_3607,34,0
f_3608,34,0
f_3609,31,0
f_361,38,0
f_3610,34,0
f_3611,36,0
f_3612,36,0
f_3613,34,0
f_3614,34,0
f_3615,36,0
f_3616,36,0
f_3617,34,0
f_3618,34,0
f_3619,36,0
f_362,38,0
f_3620,34,0
f_3621,34,0
f_3622,36,0
f_3623,34,0
f_3624,34,0
f_3625,36,0
f_3626,34,0
f_3627,34,0
f_3628,34,0
f_3629,34,0
f_363,38,0
f_3630,36,0
f_3631,36,0
f_3632,34,0
f_3633,31,0
f_3634,36,0
f_3635,34,0
f_3636,36,0
f_3637,36,0
f_3638,34,0
f_3639,36,0
f_364,2,0
f_3640,34,0
f_3641,34,0
f_3642,36,0
f_3643,36,0
f_3644,10,1
f_3645,36,0
f_3646,31,0
f_3647,36,0
f_3648,36,0
f_3649,34,0
f_365,29,0
f_3650,34,0
f_3651,34,0
f_3652,31,0
f_3653,34,0
f_3654,34,0
f_3655,31,0
f_3656,34,0
f_3657,34,0
f_3658,34,0
f_3659,34,0
f_366,2,0
f_3660,36,0
f_3661,36,0
f_3662,34,0
f_3663,36,0
f_3664,36,0
f_3666,34,0
f_3667,36,0
f_3668,31,0
f_3669,31,0
f_367,2,0
f_3670,34,0
f_3671,34,0
f_3672,36,0
f_3673,36,0
f_3674,34,0
f_3675,36,0
f_3676,34,0
f_3677,36,0
f_3678,36,0
f_3679,36,0
f_368,38,0
f_3680,34,0
f_3681,34,0
f_3682,36,0
f_3683,36,0
f_3684,36,0
f_3685,36,0
f_3686,36,0
f_3687,34,0
f_3688,31,0
f_3689,36,0
f_369,29,0
f_3690,36,0
f_3691,36,0
f_3692,34,0
f_3693,34,0
f_3694,34,0
f_3695,34,0
f_3696,36,0
f_3697,34,0
f_3698,36,0
f_3699,36,0
f_37,2,0
f_370,38,0
f_3700,10,1
f_3701,10,1
f_3702,36,0
f_3703,36,0
f_3704,34,0
f_3705,34,0
f_3706,34,0
f_3707,36,0
f_3708,34,0
f_3709,36,0
f_371,29,0
f_3710,36,0
f_3711,36,0
f_3712,34,0
f_3713,36,0
f_3714,36,0
f_3715,34,0
f_3716,36,0
f_3717,36,0
f_3718,31,0
f_3719,36,0
f_372,38,0
f_3720,36,0
f_3721,36,0
f_3722,36,0
f_3723,34,0
f_3724,36,0
f_3725,34,0
f_3726,31,0
f_3727,31,0
f_3728,34,0
f_3729,31,0
f_373,38,0
f_3730,36,0
f_3731,36,0
f_3732,34,0
f_3733,34,0
f_3734,36,0
f_3735,36,0
f_3736,34,0
f_3737,34,0
f_3738,36,0
f_3739,34,0
f_374,38,0
f_3740,34,0
f_3741,31,0
f_3742,31,0
f_3743,36,0
f_3744,36,0
f_3745,36,0
f_3746,34,0
f_3747,34,0
f_3748,34,0
f_3749,31,0
f_375,38,0
f_3750,10,1
f_3751,36,0
f_3752,34,0
f_3753,34,0
f_3754,34,0
f_3755,34,0
f_3756,34,0
f_3757,34,0
f_3758,36,0
f_3759,34,0
f_376,38,0
f_3760,34,0
f_3761,34,0
f_3762,31,0
f_3763,34,0
f_3764,31,0
f_3765,10,1
f_3766,34,0
f_3767,34,0
f_3768,36,0
f_3769,31,0
f_377,38,0
f_3770,31,0
f_3771,36,0
f_3772,36,0
f_3773,31,0
f_3774,34,0
f_3775,10,1
f_3776,34,0
f_3777,34,0
f_3778,34,0
f_3779,36,0
f_378,38,0
f_3780,34,0
f_3781,36,0
f_3782,36,0
f_3783,34,0
f_3784,31,0
f_3785,34,0
f_3786,34,0
f_3787,34,0
f_3788,36,0
f_3789,36,0
f_379,38,0
f_3790,34,0
f_3791,36,0
f_3792,34,0
f_3793,36,0
f_3794,36,0
f_3795,36,0
f_3796,34,0
f_3797,36,0
f_3798,36,0
f_3799,36,0
f_38,38,0
f_380,2,0
f_3800,36,0
f_3801,10,1
f_3802,34,0
f_3803,31,0
f_3804,36,0
f_3805,34,0
f_3806,34,0
f_3807,36,0
f_3808,34,0
f_3809,34,0
f_381,38,0
f_3810,36,0
f_3811,36,0
f_3812,34,0
f_3813,31,0
f_3814,34,0
f_3815,34,0
f_3816,34,0
f_3817,36,0
f_3818,36,0
f_3819,31,0
f_382,29,0
f_3820,36,0
f_3821,34,0
f_3822,10,1
f_3823,36,0
f_3824,31,0
f_3825,36,0
f_3826,34,0
f_3827,36,0
f_3828,36,0
f_3829,36,0
f_383,2,0
f_3830,36,0
f_3831,36,0
f_3832,34,0
f_3833,34,0
f_3834,34,0
f_3835,36,0
f_3836,34,0
f_3837,31,0
f_3838,34,0
f_3839,34,0
f_384,2,0
f_3840,34,0
f_3841,34,0
f_3842,34,0
f_3843,34,0
f_3844,36,0
f_3845,36,0
f_3847,34,0
f_3848,34,0
f_3849,36,0
f_385,38,0
f_3850,34,0
f_3851,31,0
f_3852,36,0
f_3853,34,0
f_3854,10,1
f_3855,34,0
f_3856,34,0
f_3857,36,0
f_3858,36,0
f_3859,36,0
f_386,2,0
f_3860,34,0
f_3861,36,0
f_3862,34,0
f_3863,34,0
f_3864,36,0
f_3865,34,0
f_3866,34,0
f_3867,31,0
f_3868,34,0
f_3869,36,0
f_387,29,0
f_3870,36,0
f_3871,34,0
f_3872,36,0
f_3873,34,0
f_3874,36,0
f_3875,31,0
f_3876,31,0
f_3877,31,0
f_3878,36,0
f_3879,36,0
f_388,29,0
f_3880,36,0
f_3881,31,0
f_3882,34,0
f_3883,36,0
f_3884,34,0
f_3885,34,0
f_3886,36,0
f_3887,34,0
f_3888,31,0
f_3889,31,0
f_389,29,0
f_3890,36,0
f_3891,34,0
f_3892,31,0
f_3893,34,0
f_3894,31,0
f_3895,36,0
f_3896,36,0
f_3897,34,0
f_3898,34,0
f_3899,36,0
f_39,38,0
f_390,38,0
f_3900,36,0
f_3901,36,0
f_3902,36,0
f_3903,36,0
f_3904,31,0
f_3905,36,0
f_3906,34,0
f_3907,31,0
f_3908,34,0
f_3909,31,0
f_391,29,0
f_3910,34,0
f_3911,31,0
f_3912,36,0
f_3913,36,0
f_3914,34,0
f_3915,34,0
f_3916,36,0
f_3917,36,0
f_3918,34,0
f_3919,34,0
f_392,2,0
f_3920,36,0
f_3921,34,0
f_3922,34,0
f_3923,34,0
f_3924,36,0
f_3925,36,0
f_3926,34,0
f_3927,36,0
f_3928,34,0
f_3929,36,0
f_393,2,0
f_3930,36,0
f_3931,31,0
f_3932,36,0
f_3933,34,0
f_3934,31,0
f_3935,34,0
f_3936,34,0
f_3937,31,0
f_3938,34,0
f_3939,36,0
f_394,38,0
f_3940,36,0
f_3941,36,0
f_3942,31,0
f_3943,34,0
f_3944,36,0
f_3945,31,0
f_3946,36,0
f_3947,36,0
f_3948,34,0
f_3949,34,0
f_395,2,0
f_3950,36,0
f_3951,31,0
f_3952,36,0
f_3953,10,1
f_3954,34,0
f_3955,31,0
f_3956,34,0
f_3957,34,0
f_3958,31,0
f_3959,34,0
f_396,29,0
f_3960,36,0
f_3961,34,0
f_3962,36,0
f_3963,36,0
f_3964,34,0
f_3965,36,0
f_3966,36,0
f_3967,36,0
f_3968,34,0
f_3969,34,0
f_397,29,0
f_3970,31,0
f_3971,36,0
f_3972,34,0
f_3973,36,0
f_3974,36,0
f_3975,34,0
f_3976,34,0
f_3977,36,0
f_3978,36,0
f_3979,31,0
f_398,29,0
f_3980,36,0
f_3981,10,1
f_3982,36,0
f_3983,34,0
f_3984,36,0
f_3985,31,0
f_3986,36,0
f_3987,34,0
f_3988,36,0
f_3989,31,0
f_399,38,0
f_3990,36,0
f_3991,34,0
f_3992,36,0
f_3993,31,0
f_3994,36,0
f_3995,34,0
f_3996,10,1
f_3997,34,0
f_3998,10,1
f_3999,34,0
f_4,38,0
f_40,29,0
f_400,38,0
f_4000,36,0
f_401,29,0
f_402,2,0
f_403,38,0
f_404,29,0
f_405,29,0
f_406,29,0
f_407,38,0
f_408,38,0
f_409,29,0
f_41,29,0
f_410,38,0
f_411,29,0
f_412,29,0
f_413,38,0
f_414,2,0
f_415,29,0
f_416,38,0
f_417,38,0
f_418,38,0
f_419,29,0
f_42,29,0
f_420,38,0
f_421,29,0
f_422,38,0
f_423,29,0
f_424,29,0
f_425,29,0
f_426,29,0
f_427,2,0
f_428,38,0
f_429,2,0
f_43,29,0
f_430,38,0
f_431,2,0
f_432,38,0
f_433,38,0
f_434,38,0
f_435,29,0
f_436,38,0
f_437,2,0
f_438,38,0
f_439,38,0
f_44,29,0
f_440,38,0
f_441,2,0
f_442,38,0
f_443,29,0
f_444,38,0
f_445,38,0
f_446,38,0
f_447,2,0
f_448,29,0
f_449,2,0
f_45,38,0
f_450,38,0
f_451,38,0
f_452,29,0
f_453,38,0
f_454,38,0
f_455,38,0
f_456,38,0
f_457,2,0
f_458,38,0
f_459,2,0
f_46,38,0
f_460,29,0
f_461,2,0
f_462,29,0
f_463,38,0
f_464,29,0
f_465,38,0
f_466,38,0
f_467,29,0
f_468,38,0
f_469,2,0
f_47,38,0
f_470,38,0
f_471,29,0
f_472,38,0
f_473,38,0
f_474,29,0
f_475,38,0
f_476,29,0
f_477,29,0
f_478,29,0
f_479,38,0
f_48,38,0
f_480,38,0
f_481,29,0
f_482,29,0
f_483,38,0
f_484,38,0
f_485,29,0
f_486,29,0
f_487,38,0
f_488,38,0
f_489,29,0
f_49,29,0
f_490,29,0
f_491,29,0
f_492,38,0
f_493,2,0
f_494,38,0
f_495,29,0
f_496,29,0
f_497,38,0
f_498,29,0
f_499,29,0
f_5,38,0
f_50,38,0
f_500,2,0
f_501,29,0
f_502,29,0
f_503,38,0
f_504,38,0
f_505,29,0
f_506,2,0
f_507,2,0
f_508,38,0
f_509,2,0
f_51,2,0
f_510,29,0
f_511,29,0
f_512,38,0
f_513,2,0
f_514,29,0
f_515,38,0
f_516,38,0
f_517,2,0
f_518,38,0
f_519,38,0
f_52,29,0
f_520,38,0
f_521,29,0
f_522,2,0
f_523,38,0
f_524,38,0
f_525,38,0
f_526,38,0
f_527,38,0
f_528,29,0
f_529,29,0
f_53,29,0
f_530,38,0
f_531,2,0
f_532,38,0
f_533,38,0
f_534,45,1
f_535,29,0
f_536,29,0
f_537,38,0
f_538,38,0
f_539,38,0
f_54,38,0
f_540,38,0
f_541,38,0
f_542,38,0
f_543,2,0
f_544,29,0
f_545,2,0
f_546,29,0
f_547,2,0
f_548,38,0
f_549,38,0
f_55,38,0
f_550,38,0
f_551,29,0
f_552,29,0
f_553,38,0
f_554,29,0
f_555,29,0
f_556,38,0
f_557,38,0
f_558,38,0
f_559,29,0
f_56,29,0
f_560,38,0
f_561,38,0
f_562,29,0
f_563,29,0
f_564,29,0
f_565,38,0
f_566,38,0
f_567,29,0
f_568,2,0
f_569,2,0
f_57,38,0
f_570,29,0
f_571,29,0
f_572,29,0
f_573,38,0
f_574,29,0
f_575,29,0
f_576,29,0
f_577,29,0
f_578,29,0
f_579,38,0
f_58,38,0
f_580,38,0
f_581,38,0
f_582,2,0
f_583,38,0
f_584,29,0
f_585,38,0
f_586,29,0
f_587,29,0
f_588,38,0
f_589,2,0
f_59,29,0
f_590,2,0
f_591,38,0
f_592,29,0
f_593,29,0
f_594,29,0
f_595,29,0
f_596,29,0
f_597,38,0
f_598,29,0
f_599,29,0
f_6,38,0
f_60,29,0
f_600,2,0
f_601,29,0
f_602,38,0
f_603,38,0
f_604,2,0
f_605,38,0
f_606,2,0
f_607,29,0
f_608,38,0
f_609,38,0
f_61,29,0
f_610,29,0
f_611,38,0
f_612,29,0
f_613,29,0
f_614,2,0
f_615,2,0
f_616,2,0
f_617,2,0
f_618,38,0
f_619,38,0
f_62,38,0
f_620,29,0
f_621,29,0
f_622,29,0
f_623,38,0
f_624,38,0
f_625,29,0
f_626,38,0
f_627,38,0
f_628,2,0
f_629,38,0
f_63,38,0
f_630,29,0
f_631,2,0
f_632,2,0
f_633,38,0
f_634,38,0
f_635,38,0
f_636,38,0
f_637,38,0
f_638,29,0
f_639,29,0
f_64,38,0
f_640,38,0
f_641,38,0
f_642,38,0
f_643,29,0
f_644,29,0
f_645,2,0
f_646,38,0
f_647,29,0
f_648,29,0
f_649,2,0
f_65,2,0
f_650,29,0
f_651,29,0
f_652,29,0
f_653,38,0
f_654,38,0
f_655,29,0
f_656,29,0
f_657,38,0
f_658,29,0
f_659,2,0
f_66,38,0
f_660,38,0
f_661,38,0
f_662,29,0
f_663,38,0
f_664,38,0
f_665,29,0
f_666,29,0
f_667,2,0
f_668,45,1
f_669,29,0
f_67,38,0
f_670,38,0
f_671,38,0
f_672,38,0
f_673,29,0
f_674,29,0
f_675,38,0
f_676,38,0
f_677,2,0
f_678,2,0
f_679,2,0
f_68,29,0
f_680,38,0
f_681,29,0
f_682,38,0
f_683,38,0
f_684,2,0
f_685,2,0
f_686,38,0
f_687,38,0
f_688,29,0
f_689,38,0
f_69,29,0
f_690,38,0
f_691,38,0
f_692,38,0
f_693,38,0
f_694,2,0
f_695,29,0
f_696,29,0
f_697,2,0
f_698,38,0
f_699,38,0
f_7,2,0
f_70,29,0
f_700,38,0
f_701,29,0
f_702,2,0
f_703,38,0
f_704,38,0
f_705,2,0
f_706,38,0
f_707,45,1
f_708,38,0
f_709,2,0
f_71,29,0
f_710,29,0
f_711,29,0
f_712,29,0
f_713,38,0
f_714,38,0
f_715,29,0
f_716,2,0
f_717,2,0
f_718,38,0
f_719,29,0
f_72,29,0
f_720,2,0
f_721,2,0
f_722,38,0
f_723,2,0
f_724,38,0
f_725,2,0
f_726,29,0
f_727,2,0
f_728,38,0
f_729,38,0
f_73,29,0
f_730,29,0
f_731,2,0
f_732,38,0
f_733,38,0
f_734,38,0
f_735,38,0
f_736,29,0
f_737,29,0
f_738,38,0
f_739,38,0
f_74,38,0
f_740,38,0
f_741,38,0
f_742,38,0
f_743,29,0
f_744,29,0
f_745,29,0
f_746,29,0
f_747,2,0
f_748,38,0
f_749,29,0
f_75,2,0
f_750,38,0
f_751,38,0
f_752,38,0
f_753,2,0
f_754,38,0
f_755,38,0
f_756,2,0
f_757,38,0
f_758,29,0
f_759,38,0
f_76,29,0
f_760,29,0
f_761,38,0
f_762,38,0
f_763,2,0
f_764,38,0
f_765,2,0
f_766,2,0
f_767,38,0
f_768,38,0
f_769,38,0
f_77,38,0
f_770,38,0
f_771,38,0
f_772,2,0
f_773,38,0
f_774,29,0
f_775,38,0
f_776,29,0
f_777,29,0
f_778,38,0
f_779,29,0
f_78,2,0
f_780,38,0
f_781,29,0
f_782,29,0
f_783,38,0
f_784,2,0
f_785,2,0
f_786,2,0
f_787,29,0
f_788,29,0
f_789,38,0
f_79,38,0
f_790,2,0
f_791,38,0
f_792,38,0
f_793,38,0
f_794,38,0
f_795,2,0
f_796,38,0
f_797,2,0
f_798,38,0
f_799,29,0
f_8,29,0
f_80,38,0
f_800,38,0
f_801,38,0
f_802,29,0
f_803,38,0
f_804,38,0
f_805,38,0
f_806,38,0
f_807,38,0
f_808,29,0
f_809,29,0
f_81,38,0
f_810,2,0
f_811,38,0
f_812,29,0
f_813,29,0
f_814,38,0
f_815,38,0
f_816,38,0
f_817,29,0
f_818,2,0
f_819,38,0
f_82,38,0
f_820,38,0
f_821,38,0
f_822,38,0
f_823,2,0
f_824,38,0
f_825,38,0
f_826,38,0
f_827,29,0
f_828,38,0
f_829,38,0
f_83,2,0
f_830,29,0
f_831,38,0
f_832,38,0
f_833,29,0
f_834,29,0
f_835,38,0
f_836,29,0
f_837,2,0
f_838,38,0
f_839,38,0
f_84,38,0
f_840,38,0
f_841,38,0
f_842,2,0
f_843,29,0
f_844,29,0
f_845,29,0
f_846,38,0
f_847,2,0
f_848,38,0
f_849,29,0
f_85,29,0
f_850,29,0
f_851,38,0
f_852,29,0
f_853,29,0
f_854,38,0
f_855,2,0
f_856,29,0
f_857,38,0
f_858,29,0
f_859,38,0
f_86,29,0
f_860,2,0
f_861,38,0
f_862,38,0
f_863,38,0
f_864,2,0
f_865,38,0
f_866,29,0
f_867,38,0
f_868,38,0
f_869,29,0
f_87,2,0
f_870,29,0
f_871,2,0
f_872,38,0
f_873,38,0
f_874,38,0
f_875,38,0
f_876,2,0
f_877,29,0
f_878,38,0
f_879,29,0
f_88,38,0
f_880,38,0
f_881,29,0
f_882,38,0
f_883,2,0
f_884,2,0
f_885,38,0
f_886,29,0
f_887,2,0
f_888,2,0
f_889,38,0
f_89,2,0
f_890,2,0
f_891,29,0
f_892,29,0
f_893,2,0
f_894,29,0
f_895,29,0
f_896,29,0
f_897,38,0
f_898,2,0
f_899,2,0
f_9,38,0
f_90,2,0
f_900,29,0
f_901,38,0
f_902,29,0
f_903,29,0
f_904,29,0
f_905,38,0
f_906,2,0
f_907,2,0
f_908,38,0
f_909,2,0
f_91,38,0
f_910,38,0
f_911,29,0
f_912,29,0
f_913,29,0
f_914,38,0
f_915,29,0
f_916,38,0
f_917,29,0
f_918,38,0
f_919,38,0
f_92,2,0
f_920,29,0
f_921,38,0
f_922,29,0
f_923,38,0
f_924,38,0
f_925,29,0
f_926,2,0
f_927,38,0
f_928,38,0
f_929,29,0
f_93,2,0
f_930,29,0
f_931,38,0
f_932,2,0
f_933,29,0
f_934,29,0
f_935,38,0
f_936,38,0
f_937,38,0
f_938,38,0
f_939,29,0
f_94,38,0
f_940,38,0
f_941,29,0
f_942,45,1
f_943,2,0
f_944,29,0
f_945,29,0
f_946,29,0
f_947,29,0
f_948,38,0
f_949,38,0
f_95,38,0
f_950,29,0
f_951,38,0
f_952,38,0
f_953,29,0
f_954,29,0
f_955,38,0
f_956,38,0
f_957,2,0
f_958,29,0
f_959,29,0
f_96,38,0
f_960,29,0
f_961,2,0
f_962,29,0
f_963,29,0
f_964,38,0
f_965,29,0
f_966,38,0
f_967,29,0
f_968,29,0
f_969,38,0
f_97,45,1
f_970,38,0
f_971,29,0
f_972,38,0
f_973,38,0
f_974,38,0
f_975,38,0
f_976,38,0
f_977,29,0
f_978,38,0
f_979,29,0
f_98,38,0
f_980,38,0
f_981,38,0
f_982,2,0
f_983,29,0
f_984,2,0
f_985,29,0
f_986,2,0
f_987,38,0
f_988,38,0
f_989,38,0
f_99,38,0
f_990,29,0
f_991,29,0
f_992,38,0
f_993,29,0
f_994,38,0
f_995,38,0
f_996,38,0
f_997,29,0
f_998,29,0
f_999,38,0
g_1,29,0
g_10,29,0
g_100,29,0
g_1000,38,0
g_1001,38,0
g_1002,38,0
g_1003,38,0
g_1004,38,0
g_1005,29,0
g_1006,29,0
g_1007,38,0
g_1008,38,0
g_1009,29,0
g_101,2,0
g_1010,2,0
g_1011,29,0
g_1012,38,0
g_1013,38,0
g_1014,38,0
g_1015,38,0
g_1016,29,0
g_1017,29,0
g_1018,29,0
g_1019,29,0
g_102,2,0
g_1020,38,0
g_1021,29,0
g_1022,38,0
g_1023,38,0
g_1024,2,0
g_1025,38,0
g_1026,2,0
g_1027,38,0
g_1028,38,0
g_1029,38,0
g_103,29,0
g_1030,38,0
g_1031,2,0
g_1032,38,0
g_1033,29,0
g_1034,29,0
g_1035,2,0
g_1036,2,0
g_1037,38,0
g_1038,2,0
g_1039,2,0
g_104,29,0
g_1040,38,0
g_1041,2,0
g_1042,29,0
g_1043,2,0
g_1044,29,0
g_1045,29,0
g_1046,2,0
g_1047,38,0
g_1048,38,0
g_1049,2,0
g_105,38,0
g_1050,38,0
g_1051,2,0
g_1052,38,0
g_1053,29,0
g_1054,2,0
g_1055,38,0
g_1056,38,0
g_1057,38,0
g_1058,29,0
g_1059,29,0
g_106,45,1
g_1060,38,0
g_1061,2,0
g_1062,29,0
g_1063,38,0
g_1064,29,0
g_1065,2,0
g_1066,29,0
g_1067,29,0
g_1068,2,0
g_1069,2,0
g_107,29,0
g_1070,38,0
g_1071,38,0
g_1072,2,0
g_1073,29,0
g_1074,29,0
g_1075,38,0
g_1076,38,0
g_1077,38,0
g_1078,38,0
g_1079,29,0
g_108,29,0
g_1080,29,0
g_1081,38,0
g_1082,38,0
g_1083,38,0
g_1084,38,0
g_1085,29,0
g_1086,29,0
g_1087,29,0
g_1088,38,0
g_1089,38,0
g_109,38,0
g_1090,38,0
g_1091,38,0
g_1092,38,0
g_1093,38,0
g_1094,38,0
g_1095,38,0
g_1096,38,0
g_1097,38,0
g_1098,38,0
g_1099,38,0
g_11,29,0
g_110,38,0
g_1100,38,0
g_1101,29,0
g_1102,2,0
g_1103,38,0
g_1104,29,0
g_1105,29,0
g_1106,38,0
g_1107,2,0
g_1108,38,0
g_1109,2,0
g_111,38,0
g_1110,38,0
g_1111,29,0
g_1112,2,0
g_1113,2,0
g_1114,29,0
g_1115,38,0
g_1116,29,0
g_1117,2,0
g_1118,38,0
g_1119,2,0
g_112,38,0
g_1120,38,0
g_1121,38,0
g_1122,38,0
g_1123,38,0
g_1124,38,0
g_1125,2,0
g_1126,2,0
g_1127,2,0
g_1128,38,0
g_1129,38,0
g_113,38,0
g_1130,38,0
g_1131,29,0
g_1132,38,0
g_1133,29,0
g_1134,29,0
g_1135,29,0
g_1136,2,0
g_1137,29,0
g_1138,29,0
g_1139,29,0
g_114,2,0
g_1140,2,0
g_1141,29,0
g_1142,2,0
g_1143,29,0
g_1144,29,0
g_1145,29,0
g_1146,2,0
g_1147,38,0
g_1148,38,0
g_1149,2,0
g_115,29,0
g_1150,2,0
g_1151,38,0
g_1152,29,0
g_1153,38,0
g_1154,2,0
g_1155,29,0
g_1156,29,0
g_1157,38,0
g_1158,38,0
g_1159,38,0
g_116,29,0
g_1160,38,0
g_1161,2,0
g_1162,29,0
g_1163,38,0
g_1164,38,0
g_1165,38,0
g_1166,29,0
g_1167,38,0
g_1168,38,0
g_1169,38,0
g_117,29,0
g_1170,29,0
g_1171,29,0
g_1172,38,0
g_1173,38,0
g_1174,2,0
g_1175,29,0
g_1176,29,0
g_1177,38,0
g_1178,2,0
g_1179,38,0
g_118,38,0
g_1180,29,0
g_1181,38,0
g_1182,38,0
g_1183,29,0
g_1184,38,0
g_1185,29,0
g_1186,38,0
g_1187,29,0
g_1188,38,0
g_1189,29,0
g_119,38,0
g_1190,38,0
g_1191,2,0
g_1192,38,0
g_1193,29,0
g_1194,38,0
g_1195,38,0
g_1196,38,0
g_1197,29,0
g_1198,2,0
g_1199,2,0
g_12,29,0
g_120,29,0
g_1200,38,0
g_1201,29,0
g_1202,29,0
g_1203,38,0
g_1204,29,0
g_1205,29,0
g_1206,29,0
g_1207,38,0
g_1208,29,0
g_1209,2,0
g_121,29,0
g_1210,38,0
g_1211,38,0
g_1212,29,0
g_1213,29,0
g_1214,29,0
g_1215,2,0
g_1216,38,0
g_1217,38,0
g_1218,2,0
g_1219,29,0
g_122,29,0
g_1220,2,0
g_1221,38,0
g_1222,2,0
g_1223,2,0
g_1224,29,0
g_1225,2,0
g_1226,2,0
g_1227,29,0
g_1228,29,0
g_1229,38,0
g_123,29,0
g_1230,2,0
g_1231,29,0
g_1232,29,0
g_1233,2,0
g_1234,29,0
g_1235,38,0
g_1236,38,0
g_1237,29,0
g_1238,29,0
g_1239,2,0
g_124,29,0
g_1240,29,0
g_1241,29,0
g_1242,38,0
g_1243,29,0
g_1244,29,0
g_1245,38,0
g_1246,29,0
g_1247,38,0
g_1248,29,0
g_1249,29,0
g_125,38,0
g_1250,29,0
g_1251,38,0
g_1252,29,0
g_1253,29,0
g_1254,38,0
g_1255,29,0
g_1256,2,0
g_1257,38,0
g_1258,29,0
g_1259,29,0
g_126,38,0
g_1260,29,0
g_1261,38,0
g_1262,38,0
g_1263,38,0
g_1264,2,0
g_1265,38,0
g_1266,38,0
g_1267,38,0
g_1268,29,0
g_1269,29,0
g_127,38,0
g_1270,38,0
g_1271,2,0
g_1272,38,0
g_1273,38,0
g_1274,38,0
g_1275,38,0
g_1276,38,0
g_1277,38,0
g_1278,29,0
g_1279,2,0
g_128,2,0
g_1280,29,0
g_1281,29,0
g_1282,29,0
g_1283,29,0
g_1284,29,0
g_1285,38,0
g_1286,29,0
g_1287,29,0
g_1288,45,1
g_1289,38,0
g_129,29,0
g_1290,38,0
g_1291,29,0
g_1292,38,0
g_1293,2,0
g_1294,38,0
g_1295,2,0
g_1296,2,0
g_1297,29,0
g_1298,38,0
g_1299,29,0
g_13,38,0
g_130,29,0
g_1300,38,0
g_1301,2,0
g_1302,29,0
g_1303,29,0
g_1304,38,0
g_1305,29,0
g_1306,2,0
g_1307,2,0
g_1308,2,0
g_1309,38,0
g_131,2,0
g_1310,38,0
g_1311,38,0
g_1312,2,0
g_1313,29,0
g_1314,29,0
g_1315,38,0
g_1316,29,0
g_1317,2,0
g_1318,2,0
g_1319,2,0
g_132,38,0
g_1320,38,0
g_1321,38,0
g_1322,38,0
g_1323,29,0
g_1324,29,0
g_1325,38,0
g_1326,29,0
g_1327,38,0
g_1328,38,0
g_1329,38,0
g_133,29,0
g_1330,38,0
g_1331,29,0
g_1332,2,0
g_1333,38,0
g_1334,29,0
g_1335,38,0
g_1336,29,0
g_1337,38,0
g_1338,38,0
g_1339,29,0
g_134,38,0
g_1340,29,0
g_1341,38,0
g_1342,29,0
g_1343,38,0
g_1344,38,0
g_1345,38,0
g_1346,2,0
g_1347,29,0
g_1348,29,0
g_1349,38,0
g_135,29,0
g_1350,29,0
g_1351,38,0
g_1352,29,0
g_1353,38,0
g_1354,29,0
g_1355,38,0
g_1356,29,0
g_1357,29,0
g_1358,38,0
g_1359,38,0
g_136,29,0
g_1360,38,0
g_1361,2,0
g_1362,29,0
g_1363,29,0
g_1364,29,0
g_1365,38,0
g_1366,38,0
g_1367,2,0
g_1368,38,0
g_1369,29,0
g_137,38,0
g_1370,29,0
g_1371,29,0
g_1372,38,0
g_1373,38,0
g_1374,38,0
g_1375,38,0
g_1376,38,0
g_1377,2,0
g_1378,38,0
g_1379,38,0
g_138,29,0
g_1380,29,0
g_1381,29,0
g_1382,2,0
g_1383,38,0
g_1384,2,0
g_1385,38,0
g_1386,29,0
g_1387,38,0
g_1388,38,0
g_1389,38,0
g_139,2,0
g_1390,38,0
g_1391,2,0
g_1392,38,0
g_1393,29,0
g_1394,38,0
g_1395,29,0
g_1396,29,0
g_1397,2,0
g_1398,38,0
g_1399,38,0
g_14,29,0
g_140,38,0
g_1400,2,0
g_1401,29,0
g_1402,38,0
g_1403,29,0
g_1404,38,0
g_1405,38,0
g_1406,38,0
g_1407,38,0
g_1408,38,0
g_1409,29,0
g_141,2,0
g_1410,38,0
g_1411,2,0
g_1412,38,0
g_1413,2,0
g_1414,29,0
g_1415,2,0
g_1416,38,0
g_1417,2,0
g_1418,29,0
g_1419,2,0
g_142,2,0
g_1420,2,0
g_1421,29,0
g_1422,29,0
g_1423,29,0
g_1424,38,0
g_1425,29,0
g_1426,38,0
g_1427,29,0
g_1428,2,0
g_1429,2,0
g_143,38,0
g_1430,38,0
g_1431,29,0
g_1432,38,0
g_1433,29,0
g_1434,38,0
g_1435,2,0
g_1436,29,0
g_1437,29,0
g_1438,38,0
g_1439,2,0
g_144,38,0
g_1440,29,0
g_1441,29,0
g_1442,38,0
g_1443,29,0
g_1444,38,0
g_1445,38,0
g_1446,29,0
g_1447,45,1
g_1448,38,0
g_1449,38,0
g_145,2,0
g_1450,38,0
g_1451,2,0
g_1452,38,0
g_1453,2,0
g_1454,38,0
g_1455,38,0
g_1456,29,0
g_1457,38,0
g_1458,38,0
g_1459,29,0
g_146,2,0
g_1460,29,0
g_1461,38,0
g_1462,29,0
g_1463,38,0
g_1464,2,0
g_1465,29,0
g_1466,2,0
g_1467,38,0
g_1468,38,0
g_1469,29,0
g_147,38,0
g_1470,38,0
g_1471,29,0
g_1472,29,0
g_1473,29,0
g_1474,38,0
g_1475,29,0
g_1476,29,0
g_1477,29,0
g_1478,38,0
g_1479,29,0
g_148,38,0
g_1480,29,0
g_1481,38,0
g_1482,38,0
g_1483,29,0
g_1484,38,0
g_1485,38,0
g_1486,2,0
g_1487,38,0
g_1488,38,0
g_1489,38,0
g_149,2,0
g_1490,38,0
g_1491,38,0
g_1492,38,0
g_1493,29,0
g_1494,38,0
g_1495,38,0
g_1496,29,0
g_1497,38,0
g_1498,2,0
g_1499,29,0
g_15,38,0
g_150,38,0
g_1500,38,0
g_1501,21,0
g_1502,34,0
g_1503,34,0
g_1504,34,0
g_1505,21,0
g_1506,21,0
g_1507,21,0
g_1508,21,0
g_1509,21,0
g_151,38,0
g_1510,21,0
g_1511,21,0
g_1512,21,0
g_1513,34,0
g_1514,21,0
g_1515,34,0
g_1516,31,0
g_1517,34,0
g_1518,34,0
g_1519,31,0
g_152,29,0
g_1520,21,0
g_1521,21,0
g_1522,39,1
g_1523,34,0
g_1524,34,0
g_1525,34,0
g_1526,34,0
g_1527,34,0
g_1528,34,0
g_1529,34,0
g_153,2,0
g_1530,34,0
g_1531,21,0
g_1532,34,0
g_1533,34,0
g_1534,21,0
g_1535,34,0
g_1536,34,0
g_1537,34,0
g_1538,21,0
g_1539,21,0
g_154,29,0
g_1540,34,0
g_1541,21,0
g_1542,21,0
g_1543,34,0
g_1544,21,0
g_1545,34,0
g_1546,34,0
g_1547,34,0
g_1548,21,0
g_1549,21,0
g_155,38,0
g_1550,21,0
g_1551,34,0
g_1552,21,0
g_1553,34,0
g_1554,34,0
g_1555,34,0
g_1556,34,0
g_1557,34,0
g_1558,21,0
g_1559,34,0
g_156,38,0
g_1560,21,0
g_1561,21,0
g_1562,21,0
g_1563,34,0
g_1564,21,0
g_1565,34,0
g_1566,34,0
g_1567,34,0
g_1568,21,0
g_157,38,0
g_1570,21,0
g_1571,21,0
g_1572,34,0
g_1573,31,0
g_1574,34,0
g_1575,21,0
g_1576,34,0
g_1577,21,0
g_1578,34,0
g_1579,21,0
g_158,29,0
g_1580,31,0
g_1581,34,0
g_1582,34,0
g_1583,39,1
g_1584,21,0
g_1585,34,0
g_1586,21,0
g_1587,34,0
g_1588,34,0
g_1589,34,0
g_159,29,0
g_1590,34,0
g_1591,21,0
g_1592,21,0
g_1593,31,0
g_1594,34,0
g_1595,46,1
g_1596,21,0
g_1597,21,0
g_1598,34,0
g_1599,34,0
g_16,29,0
g_160,29,0
g_1600,21,0
g_1601,39,1
g_1602,34,0
g_1603,21,0
g_1604,21,0
g_1605,34,0
g_1607,21,0
g_1608,21,0
g_1609,34,0
g_161,38,0
g_1610,34,0
g_1611,34,0
g_1612,34,0
g_1613,34,0
g_1614,31,0
g_1615,21,0
g_1616,21,0
g_1617,21,0
g_1618,34,0
g_1619,34,0
g_162,38,0
g_1620,21,0
g_1621,21,0
g_1622,39,1
g_1623,21,0
g_1624,21,0
g_1625,34,0
g_1626,34,0
g_1627,34,0
g_1628,39,1
g_1629,21,0
g_163,29,0
g_1630,21,0
g_1631,34,0
g_1632,34,0
g_1633,21,0
g_1634,34,0
g_1635,21,0
g_1636,21,0
g_1637,34,0
g_1638,21,0
g_1639,31,0
g_164,2,0
g_1640,39,1
g_1641,31,0
g_1642,31,0
g_1643,34,0
g_1644,34,0
g_1645,31,0
g_1646,21,0
g_1647,34,0
g_1648,34,0
g_1649,39,1
g_165,2,0
g_1650,34,0
g_1651,34,0
g_1652,21,0
g_1653,31,0
g_1654,21,0
g_1655,34,0
g_1656,34,0
g_1657,34,0
g_1658,21,0
g_1659,21,0
g_166,29,0
g_1660,21,0
g_1661,34,0
g_1662,39,1
g_1663,21,0
g_1664,31,0
g_1665,31,0
g_1666,21,0
g_1667,34,0
g_1668,21,0
g_1669,31,0
g_167,38,0
g_1670,21,0
g_1671,21,0
g_1672,21,0
g_1673,34,0
g_1674,34,0
g_1675,31,0
g_1676,34,0
g_1677,34,0
g_1678,34,0
g_1679,34,0
g_168,2,0
g_1680,34,0
g_1681,21,0
g_1682,34,0
g_1683,34,0
g_1684,21,0
g_1685,39,1
g_1686,34,0
g_1687,34,0
g_1688,34,0
g_1689,21,0
g_169,2,0
g_1690,21,0
g_1691,34,0
g_1692,21,0
g_1693,21,0
g_1694,21,0
g_1695,34,0
g_1696,34,0
g_1697,21,0
g_1698,21,0
g_1699,34,0
g_17,38,0
g_170,29,0
g_1700,31,0
g_1701,21,0
g_1702,31,0
g_1703,34,0
g_1704,34,0
g_1705,34,0
g_1706,21,0
g_1707,34,0
g_1708,31,0
g_1709,34,0
g_171,29,0
g_1710,34,0
g_1711,34,0
g_1712,34,0
g_1713,39,1
g_1714,34,0
g_1715,31,0
g_1716,21,0
g_1717,21,0
g_1718,34,0
g_1719,34,0
g_172,29,0
g_1720,21,0
g_1721,34,0
g_1722,34,0
g_1723,21,0
g_1724,21,0
g_1725,34,0
g_1726,34,0
g_1727,21,0
g_1728,21,0
g_1729,34,0
g_173,38,0
g_1730,21,0
g_1731,34,0
g_1732,21,0
g_1733,34,0
g_1734,21,0
g_1735,21,0
g_1736,34,0
g_1737,31,0
g_1738,21,0
g_1739,34,0
g_174,38,0
g_1740,34,0
g_1741,21,0
g_1742,21,0
g_1743,21,0
g_1744,21,0
g_1745,21,0
g_1746,34,0
g_1747,34,0
g_1748,21,0
g_1749,34,0
g_175,2,0
g_1750,21,0
g_1751,21,0
g_1752,39,1
g_1753,34,0
g_1754,21,0
g_1755,34,0
g_1756,34,0
g_1757,34,0
g_1758,34,0
g_1759,34,0
g_176,38,0
g_1760,34,0
g_1761,34,0
g_1762,21,0
g_1763,34,0
g_1764,4,0
g_1765,21,0
g_1766,4,0
g_1767,21,0
g_1768,21,0
g_1769,34,0
g_177,38,0
g_1770,34,0
g_1771,21,0
g_1772,21,0
g_1773,39,1
g_1774,21,0
g_1775,34,0
g_1776,34,0
g_1778,4,0
g_1779,21,0
g_178,38,0
g_1780,21,0
g_1781,34,0
g_1782,21,0
g_1783,34,0
g_1784,34,0
g_1785,31,0
g_1786,34,0
g_1787,21,0
g_1788,39,1
g_1789,31,0
g_179,38,0
g_1790,34,0
g_1791,21,0
g_1792,34,0
g_1793,34,0
g_1794,21,0
g_1795,21,0
g_1796,34,0
g_1797,21,0
g_1798,34,0
g_1799,21,0
g_18,2,0
g_180,38,0
g_1800,39,1
g_1801,34,0
g_1802,21,0
g_1803,21,0
g_1804,34,0
g_1805,21,0
g_1806,21,0
g_1807,21,0
g_1808,21,0
g_1809,21,0
g_181,29,0
g_1810,34,0
g_1811,21,0
g_1812,31,0
g_1813,34,0
g_1814,21,0
g_1816,21,0
g_1817,34,0
g_1819,34,0
g_182,38,0
g_1820,34,0
g_1821,31,0
g_1822,21,0
g_1823,21,0
g_1824,21,0
g_1825,34,0
g_1826,39,1
g_1827,21,0
g_1828,31,0
g_1829,34,0
g_183,2,0
g_1830,21,0
g_1831,31,0
g_1832,21,0
g_1833,34,0
g_1834,34,0
g_1835,34,0
g_1836,21,0
g_1837,21,0
g_1838,21,0
g_1839,34,0
g_184,29,0
g_1840,21,0
g_1841,34,0
g_1842,34,0
g_1843,21,0
g_1844,4,0
g_1845,21,0
g_1846,34,0
g_1847,21,0
g_1848,39,1
g_1849,21,0
g_185,2,0
g_1850,21,0
g_1851,34,0
g_1852,21,0
g_1853,34,0
g_1854,21,0
g_1855,34,0
g_1856,34,0
g_1857,39,1
g_1858,34,0
g_1859,31,0
g_186,38,0
g_1860,21,0
g_1861,34,0
g_1862,21,0
g_1863,34,0
g_1864,39,1
g_1865,34,0
g_1866,21,0
g_1867,21,0
g_1868,21,0
g_1869,34,0
g_187,38,0
g_1870,21,0
g_1871,21,0
g_1872,34,0
g_1873,21,0
g_1874,21,0
g_1875,21,0
g_1876,21,0
g_1877,21,0
g_1878,4,0
g_1879,36,0
g_188,38,0
g_1880,4,0
g_1881,21,0
g_1882,31,0
g_1883,34,0
g_1884,21,0
g_1885,31,0
g_1886,39,1
g_1887,34,0
g_1888,36,0
g_1889,21,0
g_189,29,0
g_1890,21,0
g_1891,34,0
g_1892,21,0
g_1893,34,0
g_1894,31,0
g_1895,39,1
g_1896,21,0
g_1897,34,0
g_1898,31,0
g_1899,39,1
g_19,2,0
g_190,2,0
g_1900,21,0
g_1901,34,0
g_1902,34,0
g_1903,34,0
g_1904,21,0
g_1905,34,0
g_1906,21,0
g_1907,34,0
g_1908,34,0
g_1909,21,0
g_191,38,0
g_1910,34,0
g_1911,34,0
g_1912,21,0
g_1913,34,0
g_1914,34,0
g_1915,21,0
g_1916,34,0
g_1917,34,0
g_1918,21,0
g_1919,31,0
g_192,29,0
g_1920,4,0
g_1921,21,0
g_1922,21,0
g_1923,31,0
g_1924,34,0
g_1925,34,0
g_1926,34,0
g_1927,34,0
g_1928,34,0
g_1929,34,0
g_193,29,0
g_1930,31,0
g_1931,39,1
g_1932,34,0
g_1933,21,0
g_1934,31,0
g_1935,21,0
g_1936,34,0
g_1937,34,0
g_1938,21,0
g_1939,34,0
g_194,2,0
g_1940,21,0
g_1941,34,0
g_1942,31,0
g_1943,34,0
g_1944,21,0
g_1945,34,0
g_1946,31,0
g_1947,31,0
g_1948,21,0
g_1949,34,0
g_195,38,0
g_1950,34,0
g_1951,21,0
g_1952,21,0
g_1953,21,0
g_1954,34,0
g_1955,21,0
g_1956,34,0
g_1957,34,0
g_1958,21,0
g_1959,39,1
g_196,38,0
g_1960,31,0
g_1961,21,0
g_1962,34,0
g_1963,21,0
g_1964,21,0
g_1965,34,0
g_1966,34,0
g_1967,34,0
g_1968,34,0
g_1969,4,0
g_197,29,0
g_1970,21,0
g_1971,21,0
g_1972,21,0
g_1973,31,0
g_1974,34,0
g_1975,34,0
g_1976,21,0
g_1977,21,0
g_1979,21,0
g_198,29,0
g_1980,34,0
g_1981,39,1
g_1982,34,0
g_1983,21,0
g_1984,34,0
g_1985,31,0
g_1986,21,0
g_1987,21,0
g_1988,21,0
g_1989,34,0
g_199,38,0
g_1990,31,0
g_1991,34,0
g_1992,21,0
g_1993,21,0
g_1994,34,0
g_1995,34,0
g_1996,21,0
g_1997,34,0
g_1998,21,0
g_1999,34,0
g_2,38,0
g_20,29,0
g_200,2,0
g_2000,34,0
g_2001,31,0
g_2002,31,0
g_2003,31,0
g_2004,36,0
g_2005,34,0
g_2006,21,0
g_2007,34,0
g_2008,34,0
g_2009,21,0
g_201,29,0
g_2010,21,0
g_2011,34,0
g_2012,31,0
g_2013,34,0
g_2014,21,0
g_2015,34,0
g_2016,21,0
g_2017,34,0
g_2018,34,0
g_2019,34,0
g_202,2,0
g_2020,21,0
g_2021,21,0
g_2022,21,0
g_2023,21,0
g_2024,31,0
g_2025,34,0
g_2026,21,0
g_2027,34,0
g_2028,4,0
g_2029,21,0
g_203,38,0
g_2030,21,0
g_2031,21,0
g_2032,34,0
g_2033,34,0
g_2034,34,0
g_2035,34,0
g_2036,34,0
g_2037,34,0
g_2038,39,1
g_2039,34,0
g_204,38,0
g_2041,34,0
g_2042,34,0
g_2043,21,0
g_2044,21,0
g_2045,34,0
g_2046,21,0
g_2047,21,0
g_2048,34,0
g_2049,21,0
g_205,38,0
g_2050,34,0
g_2051,34,0
g_2052,34,0
g_2053,4,0
g_2054,34,0
g_2055,31,0
g_2056,31,0
g_2057,34,0
g_2058,34,0
g_2059,21,0
g_206,45,1
g_2060,34,0
g_2061,21,0
g_2062,21,0
g_2063,34,0
g_2064,21,0
g_2065,34,0
g_2066,34,0
g_2067,34,0
g_2068,39,1
g_2069,21,0
g_207,38,0
g_2070,21,0
g_2071,31,0
g_2072,21,0
g_2073,36,0
g_2074,34,0
g_2075,34,0
g_2076,34,0
g_2077,34,0
g_2078,21,0
g_2079,21,0
g_208,2,0
g_2080,21,0
g_2081,21,0
g_2082,21,0
g_2083,4,0
g_2084,21,0
g_2085,34,0
g_2086,34,0
g_2087,34,0
g_2088,34,0
g_2089,21,0
g_209,38,0
g_2090,21,0
g_2091,21,0
g_2092,21,0
g_2093,21,0
g_2094,21,0
g_2095,34,0
g_2096,34,0
g_2097,34,0
g_2098,21,0
g_2099,21,0
g_21,29,0
g_210,38,0
g_2100,10,1
g_2101,34,0
g_2102,21,0
g_2103,34,0
g_2104,31,0
g_2105,34,0
g_2106,34,0
g_2108,21,0
g_2109,21,0
g_211,38,0
g_2110,34,0
g_2111,34,0
g_2112,31,0
g_2113,34,0
g_2114,34,0
g_2115,36,0
g_2116,34,0
g_2117,21,0
g_2119,34,0
g_212,38,0
g_2120,21,0
g_2121,21,0
g_2122,21,0
g_2123,21,0
g_2124,21,0
g_2125,21,0
g_2126,21,0
g_2127,21,0
g_2128,34,0
g_2129,34,0
g_213,2,0
g_2130,21,0
g_2131,21,0
g_2132,34,0
g_2133,31,0
g_2134,31,0
g_2135,34,0
g_2136,34,0
g_2137,34,0
g_2138,21,0
g_2139,34,0
g_214,38,0
g_2140,34,0
g_2141,34,0
g_2142,21,0
g_2143,21,0
g_2144,34,0
g_2145,34,0
g_2146,21,0
g_2147,34,0
g_2148,21,0
g_2149,21,0
g_215,2,0
g_2150,34,0
g_2151,34,0
g_2152,34,0
g_2153,21,0
g_2154,34,0
g_2155,21,0
g_2156,34,0
g_2157,34,0
g_2158,34,0
g_2159,46,1
g_216,29,0
g_2160,21,0
g_2161,34,0
g_2162,21,0
g_2163,34,0
g_2164,21,0
g_2165,34,0
g_2166,34,0
g_2167,34,0
g_2168,34,0
g_2169,34,0
g_217,29,0
g_2170,21,0
g_2171,39,1
g_2172,31,0
g_2173,36,0
g_2174,31,0
g_2175,34,0
g_2176,21,0
g_2177,34,0
g_2178,39,1
g_2179,21,0
g_218,38,0
g_2180,31,0
g_2181,31,0
g_2182,36,0
g_2183,34,0
g_2184,21,0
g_2185,21,0
g_2186,34,0
g_2187,21,0
g_2188,21,0
g_2189,34,0
g_219,38,0
g_2190,34,0
g_2191,21,0
g_2192,39,1
g_2193,21,0
g_2194,21,0
g_2195,21,0
g_2196,21,0
g_2197,34,0
g_2198,21,0
g_2199,21,0
g_22,2,0
g_220,29,0
g_2200,34,0
g_2201,34,0
g_2202,34,0
g_2203,21,0
g_2204,34,0
g_2205,21,0
g_2206,21,0
g_2207,34,0
g_2208,34,0
g_2209,34,0
g_221,38,0
g_2210,34,0
g_2211,34,0
g_2212,21,0
g_2213,21,0
g_2214,21,0
g_2215,34,0
g_2216,34,0
g_2217,21,0
g_2218,34,0
g_2219,21,0
g_222,38,0
g_2220,21,0
g_2221,34,0
g_2222,21,0
g_2223,21,0
g_2224,21,0
g_2225,21,0
g_2226,21,0
g_2227,34,0
g_2228,34,0
g_2229,21,0
g_223,29,0
g_2230,34,0
g_2231,34,0
g_2232,21,0
g_2233,34,0
g_2234,21,0
g_2235,21,0
g_2236,34,0
g_2237,34,0
g_2238,21,0
g_2239,31,0
g_224,29,0
g_2240,31,0
g_2241,34,0
g_2242,21,0
g_2243,34,0
g_2244,21,0
g_2245,34,0
g_2246,21,0
g_2247,21,0
g_2248,21,0
g_2249,34,0
g_225,38,0
g_2250,34,0
g_2251,34,0
g_2252,34,0
g_2253,34,0
g_2254,21,0
g_2255,21,0
g_2256,21,0
g_2257,34,0
g_2258,21,0
g_2259,34,0
g_226,38,0
g_2260,39,1
g_2261,34,0
g_2262,31,0
g_2263,31,0
g_2264,34,0
g_2265,31,0
g_2266,39,1
g_2267,34,0
g_2268,34,0
g_2269,34,0
g_227,29,0
g_2270,21,0
g_2271,34,0
g_2272,21,0
g_2273,34,0
g_2274,34,0
g_2275,21,0
g_2276,21,0
g_2277,34,0
g_2278,34,0
g_2279,21,0
g_228,29,0
g_2280,31,0
g_2281,34,0
g_2282,34,0
g_2283,34,0
g_2284,21,0
g_2285,21,0
g_2286,21,0
g_2288,31,0
g_2289,31,0
g_229,38,0
g_2290,34,0
g_2291,21,0
g_2292,31,0
g_2293,39,1
g_2294,21,0
g_2295,34,0
g_2296,34,0
g_2297,34,0
g_2298,34,0
g_2299,21,0
g_23,38,0
g_230,29,0
g_2300,34,0
g_2301,34,0
g_2302,21,0
g_2303,21,0
g_2304,34,0
g_2305,21,0
g_2306,34,0
g_2307,21,0
g_2308,21,0
g_2309,34,0
g_231,38,0
g_2310,21,0
g_2311,21,0
g_2312,34,0
g_2313,34,0
g_2314,21,0
g_2315,34,0
g_2316,21,0
g_2317,39,1
g_2318,21,0
g_2319,34,0
g_232,29,0
g_2320,34,0
g_2321,21,0
g_2322,21,0
g_2323,36,0
g_2324,34,0
g_2325,4,0
g_2326,34,0
g_2327,36,0
g_2328,21,0
g_2329,34,0
g_233,38,0
g_2330,4,0
g_2331,39,1
g_2332,21,0
g_2333,34,0
g_2334,34,0
g_2335,34,0
g_2336,34,0
g_2337,21,0
g_2338,21,0
g_2339,39,1
g_234,29,0
g_2340,39,1
g_2341,21,0
g_2342,34,0
g_2343,4,0
g_2344,21,0
g_2345,39,1
g_2346,34,0
g_2347,21,0
g_2348,34,0
g_2349,21,0
g_235,2,0
g_2350,21,0
g_2351,34,0
g_2352,34,0
g_2353,21,0
g_2354,34,0
g_2355,34,0
g_2356,34,0
g_2357,21,0
g_2358,39,1
g_2359,34,0
g_236,38,0
g_2360,34,0
g_2361,34,0
g_2362,21,0
g_2363,21,0
g_2364,21,0
g_2365,39,1
g_2366,21,0
g_2367,34,0
g_2368,34,0
g_2369,21,0
g_237,2,0
g_2370,21,0
g_2371,21,0
g_2372,34,0
g_2373,34,0
g_2374,34,0
g_2375,21,0
g_2376,34,0
g_2377,31,0
g_2378,21,0
g_2379,34,0
g_238,29,0
g_2380,34,0
g_2381,34,0
g_2382,34,0
g_2383,21,0
g_2384,34,0
g_2385,34,0
g_2386,31,0
g_2387,21,0
g_2388,34,0
g_2389,34,0
g_239,38,0
g_2390,21,0
g_2391,21,0
g_2392,21,0
g_2393,21,0
g_2394,39,1
g_2395,34,0
g_2396,34,0
g_2397,21,0
g_2398,34,0
g_2399,31,0
g_24,38,0
g_240,38,0
g_2400,39,1
g_2401,21,0
g_2402,21,0
g_2403,34,0
g_2404,21,0
g_2405,39,1
g_2406,34,0
g_2408,34,0
g_2409,21,0
g_241,29,0
g_2410,34,0
g_2411,21,0
g_2412,21,0
g_2413,21,0
g_2414,34,0
g_2415,34,0
g_2416,36,0
g_2417,34,0
g_2418,21,0
g_2419,39,1
g_242,29,0
g_2420,34,0
g_2421,34,0
g_2422,31,0
g_2423,34,0
g_2424,31,0
g_2425,34,0
g_2426,34,0
g_2427,34,0
g_2428,31,0
g_2429,31,0
g_243,29,0
g_2430,34,0
g_2431,21,0
g_2432,21,0
g_2433,21,0
g_2434,21,0
g_2435,39,1
g_2436,34,0
g_2437,34,0
g_2438,34,0
g_2439,34,0
g_244,29,0
g_2440,21,0
g_2441,39,1
g_2442,21,0
g_2443,34,0
g_2444,21,0
g_2445,34,0
g_2446,31,0
g_2447,21,0
g_2448,34,0
g_2449,34,0
g_245,29,0
g_2450,4,0
g_2451,34,0
g_2452,36,0
g_2453,34,0
g_2454,4,0
g_2455,21,0
g_2456,34,0
g_2457,34,0
g_2458,34,0
g_2459,34,0
g_246,38,0
g_2460,34,0
g_2461,21,0
g_2462,21,0
g_2463,21,0
g_2464,34,0
g_2465,34,0
g_2466,34,0
g_2468,34,0
g_2469,4,0
g_247,38,0
g_2470,31,0
g_2471,21,0
g_2472,34,0
g_2473,21,0
g_2474,34,0
g_2475,21,0
g_2476,34,0
g_2477,21,0
g_2478,21,0
g_2479,34,0
g_248,29,0
g_2480,21,0
g_2481,34,0
g_2482,36,0
g_2483,21,0
g_2484,31,0
g_2485,34,0
g_2486,34,0
g_2487,34,0
g_2488,31,0
g_2489,34,0
g_249,38,0
g_2490,21,0
g_2491,21,0
g_2492,21,0
g_2493,21,0
g_2494,34,0
g_2495,21,0
g_2496,21,0
g_2497,34,0
g_2498,34,0
g_2499,21,0
g_25,2,0
g_250,29,0
g_2500,34,0
g_2501,34,0
g_2502,34,0
g_2503,34,0
g_2504,34,0
g_2505,21,0
g_2506,21,0
g_2507,34,0
g_2508,34,0
g_2509,21,0
g_251,29,0
g_2510,31,0
g_2511,21,0
g_2512,34,0
g_2513,34,0
g_2514,34,0
g_2515,34,0
g_2516,21,0
g_2517,21,0
g_2518,21,0
g_2519,21,0
g_252,2,0
g_2520,34,0
g_2521,21,0
g_2522,34,0
g_2523,34,0
g_2524,31,0
g_2525,34,0
g_2526,21,0
g_2527,34,0
g_2528,34,0
g_2529,4,0
g_253,38,0
g_2530,34,0
g_2531,39,1
g_2532,34,0
g_2533,21,0
g_2534,36,0
g_2535,21,0
g_2536,21,0
g_2537,34,0
g_2538,46,1
g_2539,31,0
g_254,29,0
g_2540,34,0
g_2541,10,1
g_2542,21,0
g_2543,31,0
g_2544,21,0
g_2545,31,0
g_2546,39,1
g_2547,34,0
g_2548,34,0
g_2549,34,0
g_255,38,0
g_2550,34,0
g_2551,31,0
g_2552,4,0
g_2553,31,0
g_2554,31,0
g_2555,34,0
g_2556,34,0
g_2557,39,1
g_2558,21,0
g_2559,21,0
g_256,38,0
g_2560,34,0
g_2561,31,0
g_2562,21,0
g_2563,34,0
g_2564,21,0
g_2565,39,1
g_2566,21,0
g_2567,21,0
g_2568,31,0
g_2569,34,0
g_257,38,0
g_2570,4,0
g_2571,34,0
g_2572,31,0
g_2573,21,0
g_2574,21,0
g_2575,34,0
g_2576,34,0
g_2577,34,0
g_2578,34,0
g_2579,21,0
g_258,38,0
g_2580,21,0
g_2581,34,0
g_2582,34,0
g_2583,34,0
g_2584,34,0
g_2585,21,0
g_2586,21,0
g_2587,21,0
g_2588,34,0
g_2589,34,0
g_259,2,0
g_2590,34,0
g_2591,34,0
g_2592,34,0
g_2593,34,0
g_2594,34,0
g_2595,34,0
g_2596,34,0
g_2597,34,0
g_2598,34,0
g_2599,34,0
g_26,38,0
g_260,38,0
g_2600,34,0
g_2601,21,0
g_2602,31,0
g_2603,34,0
g_2604,21,0
g_2605,21,0
g_2606,34,0
g_2607,34,0
g_2608,34,0
g_2609,31,0
g_261,38,0
g_2610,34,0
g_2611,21,0
g_2612,31,0
g_2613,31,0
g_2614,21,0
g_2615,34,0
g_2616,21,0
g_2617,31,0
g_2618,34,0
g_2619,21,0
g_262,29,0
g_2620,34,0
g_2621,34,0
g_2622,34,0
g_2623,34,0
g_2624,34,0
g_2625,31,0
g_2626,31,0
g_2627,39,1
g_2628,34,0
g_2629,34,0
g_263,38,0
g_2630,34,0
g_2631,21,0
g_2632,34,0
g_2633,21,0
g_2634,31,0
g_2636,34,0
g_2637,21,0
g_2638,21,0
g_2639,21,0
g_264,38,0
g_2640,21,0
g_2641,21,0
g_2642,31,0
g_2643,21,0
g_2644,21,0
g_2645,21,0
g_2646,31,0
g_2647,34,0
g_2648,34,0
g_2649,39,1
g_265,29,0
g_2650,31,0
g_2651,34,0
g_2652,21,0
g_2654,4,0
g_2655,21,0
g_2656,21,0
g_2657,34,0
g_2658,34,0
g_2659,34,0
g_266,38,0
g_2660,34,0
g_2661,21,0
g_2662,21,0
g_2663,34,0
g_2664,34,0
g_2665,34,0
g_2666,21,0
g_2667,34,0
g_2668,34,0
g_2669,34,0
g_267,29,0
g_2670,21,0
g_2671,21,0
g_2672,34,0
g_2673,34,0
g_2674,31,0
g_2675,21,0
g_2676,21,0
g_2677,34,0
g_2678,31,0
g_2679,34,0
g_268,29,0
g_2680,21,0
g_2681,34,0
g_2682,34,0
g_2683,21,0
g_2684,34,0
g_2685,21,0
g_2686,34,0
g_2687,21,0
g_2688,34,0
g_2689,21,0
g_269,38,0
g_2690,34,0
g_2691,31,0
g_2692,34,0
g_2693,21,0
g_2694,34,0
g_2695,34,0
g_2696,34,0
g_2697,21,0
g_2698,31,0
g_2699,31,0
g_27,38,0
g_270,38,0
g_2700,34,0
g_2701,21,0
g_2702,21,0
g_2703,34,0
g_2704,21,0
g_2705,21,0
g_2706,21,0
g_2707,34,0
g_2708,21,0
g_2709,31,0
g_271,29,0
g_2710,34,0
g_2711,34,0
g_2712,21,0
g_2713,21,0
g_2714,21,0
g_2715,34,0
g_2716,39,1
g_2717,34,0
g_2718,21,0
g_2719,21,0
g_272,29,0
g_2720,31,0
g_2721,34,0
g_2722,34,0
g_2723,31,0
g_2724,21,0
g_2725,31,0
g_2726,31,0
g_2727,21,0
g_2728,21,0
g_2729,34,0
g_273,2,0
g_2730,34,0
g_2731,31,0
g_2732,21,0
g_2733,21,0
g_2734,21,0
g_2735,34,0
g_2736,34,0
g_2737,36,0
g_2738,21,0
g_2739,31,0
g_274,29,0
g_2740,21,0
g_2741,21,0
g_2742,34,0
g_2743,21,0
g_2744,21,0
g_2745,34,0
g_2746,21,0
g_2747,34,0
g_2748,21,0
g_2749,21,0
g_275,38,0
g_2750,21,0
g_2751,34,0
g_2752,21,0
g_2753,21,0
g_2754,39,1
g_2755,21,0
g_2756,39,1
g_2757,34,0
g_2758,21,0
g_2759,21,0
g_276,38,0
g_2760,21,0
g_2761,34,0
g_2762,34,0
g_2763,34,0
g_2764,21,0
g_2765,34,0
g_2766,34,0
g_2767,34,0
g_2769,21,0
g_277,38,0
g_2770,34,0
g_2771,31,0
g_2772,34,0
g_2773,34,0
g_2774,34,0
g_2775,34,0
g_2776,34,0
g_2777,39,1
g_2778,21,0
g_2779,31,0
g_278,38,0
g_2780,21,0
g_2781,21,0
g_2782,21,0
g_2783,21,0
g_2784,21,0
g_2786,21,0
g_2787,21,0
g_2788,21,0
g_2789,34,0
g_279,29,0
g_2790,34,0
g_2791,21,0
g_2792,34,0
g_2793,34,0
g_2794,4,0
g_2795,31,0
g_2796,31,0
g_2797,21,0
g_2798,34,0
g_2799,21,0
g_28,38,0
g_280,29,0
g_2800,34,0
g_2801,31,0
g_2802,21,0
g_2803,21,0
g_2804,39,1
g_2805,21,0
g_2806,34,0
g_2807,21,0
g_2808,31,0
g_2809,34,0
g_281,38,0
g_2810,34,0
g_2811,34,0
g_2812,39,1
g_2813,21,0
g_2814,21,0
g_2815,34,0
g_2816,21,0
g_2817,21,0
g_2818,36,0
g_2819,31,0
g_282,29,0
g_2820,34,0
g_2821,34,0
g_2822,34,0
g_2823,21,0
g_2824,21,0
g_2825,34,0
g_2826,21,0
g_2827,34,0
g_2828,34,0
g_2829,34,0
g_283,38,0
g_2830,34,0
g_2831,21,0
g_2832,39,1
g_2833,34,0
g_2834,21,0
g_2835,34,0
g_2836,21,0
g_2837,34,0
g_2838,4,0
g_2839,21,0
g_284,38,0
g_2840,21,0
g_2841,34,0
g_2842,21,0
g_2843,34,0
g_2844,34,0
g_2845,34,0
g_2846,21,0
g_2847,21,0
g_2848,21,0
g_2849,34,0
g_285,2,0
g_2850,21,0
g_2851,34,0
g_2852,21,0
g_2853,34,0
g_2854,36,0
g_2855,34,0
g_2856,21,0
g_2857,21,0
g_2858,4,0
g_2859,34,0
g_286,38,0
g_2860,34,0
g_2861,31,0
g_2862,21,0
g_2863,21,0
g_2864,21,0
g_2865,34,0
g_2866,34,0
g_2867,31,0
g_2868,34,0
g_2869,21,0
g_287,29,0
g_2870,21,0
g_2871,21,0
g_2872,34,0
g_2873,34,0
g_2874,34,0
g_2875,34,0
g_2876,34,0
g_2877,31,0
g_2878,34,0
g_2879,34,0
g_288,2,0
g_2880,21,0
g_2881,39,1
g_2882,39,1
g_2883,34,0
g_2884,34,0
g_2885,34,0
g_2886,21,0
g_2887,34,0
g_2888,34,0
g_2889,39,1
g_289,2,0
g_2890,34,0
g_2891,34,0
g_2892,34,0
g_2893,21,0
g_2894,34,0
g_2895,21,0
g_2896,21,0
g_2897,31,0
g_2898,34,0
g_2899,34,0
g_29,38,0
g_290,38,0
g_2900,34,0
g_2901,21,0
g_2902,34,0
g_2903,21,0
g_2904,34,0
g_2905,34,0
g_2906,34,0
g_2907,34,0
g_2908,34,0
g_2909,21,0
g_291,29,0
g_2910,34,0
g_2911,39,1
g_2912,34,0
g_2913,34,0
g_2914,21,0
g_2915,31,0
g_2916,34,0
g_2917,21,0
g_2918,21,0
g_2919,39,1
g_292,38,0
g_2920,31,0
g_2921,21,0
g_2922,21,0
g_2923,21,0
g_2924,34,0
g_2925,21,0
g_2926,34,0
g_2927,21,0
g_2928,31,0
g_2929,31,0
g_293,38,0
g_2930,34,0
g_2931,21,0
g_2932,34,0
g_2933,21,0
g_2934,34,0
g_2935,34,0
g_2936,21,0
g_2937,21,0
g_2938,34,0
g_2939,31,0
g_294,2,0
g_2940,21,0
g_2941,21,0
g_2942,34,0
g_2943,21,0
g_2944,34,0
g_2945,34,0
g_2946,21,0
g_2947,21,0
g_2948,34,0
g_2949,34,0
g_295,29,0
g_2950,34,0
g_2951,39,1
g_2952,34,0
g_2953,31,0
g_2954,34,0
g_2955,4,0
g_2956,21,0
g_2957,34,0
g_2958,34,0
g_2959,21,0
g_296,38,0
g_2960,21,0
g_2961,34,0
g_2962,21,0
g_2963,34,0
g_2964,31,0
g_2965,21,0
g_2966,31,0
g_2967,4,0
g_2968,34,0
g_2969,21,0
g_297,29,0
g_2970,34,0
g_2971,21,0
g_2972,21,0
g_2973,21,0
g_2974,34,0
g_2975,21,0
g_2976,21,0
g_2977,21,0
g_2978,34,0
g_2979,21,0
g_298,38,0
g_2980,21,0
g_2981,34,0
g_2982,34,0
g_2983,21,0
g_2984,34,0
g_2985,34,0
g_2986,21,0
g_2987,34,0
g_2988,34,0
g_2989,34,0
g_299,29,0
g_2990,39,1
g_2991,34,0
g_2992,34,0
g_2993,21,0
g_2994,34,0
g_2995,34,0
g_2996,21,0
g_2997,34,0
g_2998,31,0
g_2999,21,0
g_3,38,0
g_30,38,0
g_300,2,0
g_3000,34,0
g_301,38,0
g_302,29,0
g_303,29,0
g_304,38,0
g_305,29,0
g_306,29,0
g_307,29,0
g_308,29,0
g_309,29,0
g_31,29,0
g_310,38,0
g_311,29,0
g_312,2,0
g_313,2,0
g_314,2,0
g_315,38,0
g_316,29,0
g_317,38,0
g_318,38,0
g_319,38,0
g_32,38,0
g_320,38,0
g_321,2,0
g_322,29,0
g_323,29,0
g_324,29,0
g_325,38,0
g_326,2,0
g_327,29,0
g_328,2,0
g_329,38,0
g_33,38,0
g_330,29,0
g_331,2,0
g_332,29,0
g_333,38,0
g_334,2,0
g_335,38,0
g_336,29,0
g_337,29,0
g_338,29,0
g_339,38,0
g_34,29,0
g_340,29,0
g_341,38,0
g_342,38,0
g_343,2,0
g_344,38,0
g_345,29,0
g_346,38,0
g_347,29,0
g_348,2,0
g_349,2,0
g_35,38,0
g_350,29,0
g_351,38,0
g_352,2,0
g_353,38,0
g_354,29,0
g_355,38,0
g_356,38,0
g_357,38,0
g_358,38,0
g_359,2,0
g_36,38,0
g_360,29,0
g_361,38,0
g_362,29,0
g_363,38,0
g_364,2,0
g_365,38,0
g_366,29,0
g_367,29,0
g_368,29,0
g_369,38,0
g_37,38,0
g_370,29,0
g_371,29,0
g_372,38,0
g_373,29,0
g_374,29,0
g_375,29,0
g_376,29,0
g_377,29,0
g_378,38,0
g_379,29,0
g_38,29,0
g_380,38,0
g_381,29,0
g_382,2,0
g_383,38,0
g_384,29,0
g_385,2,0
g_386,2,0
g_387,38,0
g_388,29,0
g_389,29,0
g_39,29,0
g_390,29,0
g_391,38,0
g_392,2,0
g_393,38,0
g_394,2,0
g_395,2,0
g_396,29,0
g_397,38,0
g_398,2,0
g_399,2,0
g_4,38,0
g_40,38,0
g_400,29,0
g_401,2,0
g_402,38,0
g_403,38,0
g_404,29,0
g_405,38,0
g_406,2,0
g_407,38,0
g_408,38,0
g_409,29,0
g_41,29,0
g_410,38,0
g_411,38,0
g_412,29,0
g_413,38,0
g_414,38,0
g_415,29,0
g_416,38,0
g_417,38,0
g_418,29,0
g_419,2,0
g_42,29,0
g_420,38,0
g_421,29,0
g_422,29,0
g_423,2,0
g_424,38,0
g_425,38,0
g_426,38,0
g_427,38,0
g_428,38,0
g_429,2,0
g_43,38,0
g_430,29,0
g_431,2,0
g_432,38,0
g_433,29,0
g_434,2,0
g_435,29,0
g_436,38,0
g_437,38,0
g_438,29,0
g_439,38,0
g_44,29,0
g_440,29,0
g_441,2,0
g_442,2,0
g_443,38,0
g_444,29,0
g_445,38,0
g_446,2,0
g_447,2,0
g_448,2,0
g_449,38,0
g_45,38,0
g_450,38,0
g_451,29,0
g_452,29,0
g_453,29,0
g_454,38,0
g_455,29,0
g_456,38,0
g_457,38,0
g_458,29,0
g_459,2,0
g_46,38,0
g_460,2,0
g_461,29,0
g_462,38,0
g_463,29,0
g_464,29,0
g_465,38,0
g_466,38,0
g_467,38,0
g_468,38,0
g_469,38,0
g_47,38,0
g_470,29,0
g_471,2,0
g_472,29,0
g_473,2,0
g_474,38,0
g_475,38,0
g_476,29,0
g_477,29,0
g_478,29,0
g_479,29,0
g_48,29,0
g_480,38,0
g_481,38,0
g_482,38,0
g_483,29,0
g_484,38,0
g_485,2,0
g_486,29,0
g_487,29,0
g_488,29,0
g_489,38,0
g_49,29,0
g_490,2,0
g_491,38,0
g_492,29,0
g_493,29,0
g_494,38,0
g_495,38,0
g_496,29,0
g_497,38,0
g_498,29,0
g_499,38,0
g_5,2,0
g_50,29,0
g_500,38,0
g_501,2,0
g_502,2,0
g_503,2,0
g_504,29,0
g_505,38,0
g_506,29,0
g_507,38,0
g_508,38,0
g_509,29,0
g_51,38,0
g_510,29,0
g_511,38,0
g_512,2,0
g_513,38,0
g_514,29,0
g_515,38,0
g_516,29,0
g_517,38,0
g_518,38,0
g_519,38,0
g_52,29,0
g_520,2,0
g_521,29,0
g_522,29,0
g_523,29,0
g_524,2,0
g_525,38,0
g_526,29,0
g_527,38,0
g_528,38,0
g_529,29,0
g_53,38,0
g_530,29,0
g_531,29,0
g_532,38,0
g_533,38,0
g_534,38,0
g_535,38,0
g_536,38,0
g_537,38,0
g_538,38,0
g_539,38,0
g_54,38,0
g_540,29,0
g_541,38,0
g_542,38,0
g_543,29,0
g_544,29,0
g_545,38,0
g_546,29,0
g_547,29,0
g_548,38,0
g_549,29,0
g_55,38,0
g_550,38,0
g_551,38,0
g_552,38,0
g_553,38,0
g_554,38,0
g_555,2,0
g_556,2,0
g_557,38,0
g_558,38,0
g_559,29,0
g_56,38,0
g_560,38,0
g_561,29,0
g_562,29,0
g_563,38,0
g_564,29,0
g_565,38,0
g_566,2,0
g_567,38,0
g_568,2,0
g_569,29,0
g_57,38,0
g_570,29,0
g_571,29,0
g_572,29,0
g_573,29,0
g_574,38,0
g_575,38,0
g_576,38,0
g_577,38,0
g_578,29,0
g_579,29,0
g_58,29,0
g_580,29,0
g_581,29,0
g_582,2,0
g_583,38,0
g_584,29,0
g_585,38,0
g_586,38,0
g_587,38,0
g_588,38,0
g_589,2,0
g_59,38,0
g_590,29,0
g_591,29,0
g_592,29,0
g_593,29,0
g_594,2,0
g_595,38,0
g_596,38,0
g_597,38,0
g_598,2,0
g_599,2,0
g_6,45,1
g_60,29,0
g_600,38,0
g_601,38,0
g_602,29,0
g_603,38,0
g_604,2,0
g_605,38,0
g_606,38,0
g_607,29,0
g_608,29,0
g_609,29,0
g_61,29,0
g_610,38,0
g_611,38,0
g_612,2,0
g_613,38,0
g_614,2,0
g_615,29,0
g_616,38,0
g_617,29,0
g_618,38,0
g_619,38,0
g_62,29,0
g_620,29,0
g_621,29,0
g_622,29,0
g_623,29,0
g_624,29,0
g_625,29,0
g_626,29,0
g_627,29,0
g_628,38,0
g_629,38,0
g_63,38,0
g_630,29,0
g_631,29,0
g_632,38,0
g_633,2,0
g_634,2,0
g_635,38,0
g_636,38,0
g_637,38,0
g_638,29,0
g_639,38,0
g_64,29,0
g_640,2,0
g_641,38,0
g_642,29,0
g_643,29,0
g_644,38,0
g_645,38,0
g_646,29,0
g_647,38,0
g_648,29,0
g_649,29,0
g_65,38,0
g_650,38,0
g_651,38,0
g_652,38,0
g_653,29,0
g_654,38,0
g_655,29,0
g_656,38,0
g_657,38,0
g_658,38,0
g_659,38,0
g_66,38,0
g_660,2,0
g_661,38,0
g_662,29,0
g_663,38,0
g_664,29,0
g_665,38,0
g_666,38,0
g_667,38,0
g_668,38,0
g_669,38,0
g_67,38,0
g_670,29,0
g_671,2,0
g_672,2,0
g_673,29,0
g_674,2,0
g_675,38,0
g_676,29,0
g_677,38,0
g_678,2,0
g_679,29,0
g_68,29,0
g_680,2,0
g_681,2,0
g_682,29,0
g_683,38,0
g_684,29,0
g_685,2,0
g_686,38,0
g_687,29,0
g_688,29,0
g_689,38,0
g_69,29,0
g_690,38,0
g_691,29,0
g_692,2,0
g_693,29,0
g_694,29,0
g_695,29,0
g_696,29,0
g_697,38,0
g_698,29,0
g_699,29,0
g_7,29,0
g_70,29,0
g_700,38,0
g_701,38,0
g_702,38,0
g_703,29,0
g_704,38,0
g_705,29,0
g_706,29,0
g_707,38,0
g_708,38,0
g_709,2,0
g_71,29,0
g_710,38,0
g_711,38,0
g_712,29,0
g_713,29,0
g_714,29,0
g_715,38,0
g_716,38,0
g_717,29,0
g_718,38,0
g_719,29,0
g_72,38,0
g_720,29,0
g_721,38,0
g_722,29,0
g_723,29,0
g_724,29,0
g_725,29,0
g_726,29,0
g_727,2,0
g_728,38,0
g_729,29,0
g_73,2,0
g_730,38,0
g_731,38,0
g_732,29,0
g_733,38,0
g_734,29,0
g_735,2,0
g_736,38,0
g_737,38,0
g_738,29,0
g_739,2,0
g_74,38,0
g_740,2,0
g_741,38,0
g_742,29,0
g_743,38,0
g_744,29,0
g_745,38,0
g_746,29,0
g_747,29,0
g_748,29,0
g_749,38,0
g_75,29,0
g_750,38,0
g_751,38,0
g_752,38,0
g_753,38,0
g_754,29,0
g_755,29,0
g_756,29,0
g_757,38,0
g_758,29,0
g_759,38,0
g_76,38,0
g_760,38,0
g_761,38,0
g_762,2,0
g_763,2,0
g_764,38,0
g_765,2,0
g_766,2,0
g_767,38,0
g_768,38,0
g_769,38,0
g_77,29,0
g_770,2,0
g_771,38,0
g_772,29,0
g_773,38,0
g_774,38,0
g_775,29,0
g_776,29,0
g_777,38,0
g_778,38,0
g_779,29,0
g_78,38,0
g_780,2,0
g_781,38,0
g_782,38,0
g_783,38,0
g_784,29,0
g_785,29,0
g_786,29,0
g_787,2,0
g_788,2,0
g_789,2,0
g_79,29,0
g_790,38,0
g_791,29,0
g_792,2,0
g_793,38,0
g_794,29,0
g_795,2,0
g_796,38,0
g_797,38,0
g_798,38,0
g_799,29,0
g_8,29,0
g_80,2,0
g_800,38,0
g_801,38,0
g_802,29,0
g_803,29,0
g_804,38,0
g_805,29,0
g_806,38,0
g_807,2,0
g_808,29,0
g_809,38,0
g_81,38,0
g_810,29,0
g_811,29,0
g_812,38,0
g_813,38,0
g_814,29,0
g_815,38,0
g_816,29,0
g_817,2,0
g_818,2,0
g_819,38,0
g_82,38,0
g_820,38,0
g_821,29,0
g_822,29,0
g_823,29,0
g_824,38,0
g_825,38,0
g_826,38,0
g_827,29,0
g_828,29,0
g_829,38,0
g_83,2,0
g_830,38,0
g_831,2,0
g_832,29,0
g_833,38,0
g_834,2,0
g_835,38,0
g_836,38,0
g_837,29,0
g_838,29,0
g_839,2,0
g_84,29,0
g_840,2,0
g_841,29,0
g_842,38,0
g_843,2,0
g_844,29,0
g_845,2,0
g_846,38,0
g_847,29,0
g_848,38,0
g_849,29,0
g_85,38,0
g_850,29,0
g_851,38,0
g_852,38,0
g_853,29,0
g_854,38,0
g_855,38,0
g_856,38,0
g_857,29,0
g_858,2,0
g_859,38,0
g_86,29,0
g_860,38,0
g_861,38,0
g_862,29,0
g_863,29,0
g_864,2,0
g_865,2,0
g_866,29,0
g_867,45,1
g_868,38,0
g_869,29,0
g_87,38,0
g_870,29,0
g_871,29,0
g_872,38,0
g_873,38,0
g_874,38,0
g_875,29,0
g_876,38,0
g_877,2,0
g_878,29,0
g_879,38,0
g_88,38,0
g_880,38,0
g_881,38,0
g_882,38,0
g_883,29,0
g_884,38,0
g_885,38,0
g_886,2,0
g_887,29,0
g_888,38,0
g_889,38,0
g_89,38,0
g_890,29,0
g_891,29,0
g_892,29,0
g_893,29,0
g_894,2,0
g_895,38,0
g_896,38,0
g_897,29,0
g_898,38,0
g_899,2,0
g_9,29,0
g_90,38,0
g_900,2,0
g_901,29,0
g_902,29,0
g_903,38,0
g_904,29,0
g_905,38,0
g_906,38,0
g_907,2,0
g_908,2,0
g_909,29,0
g_91,29,0
g_910,38,0
g_911,29,0
g_912,29,0
g_913,29,0
g_914,38,0
g_915,38,0
g_916,29,0
g_917,38,0
g_918,29,0
g_919,38,0
g_92,29,0
g_920,38,0
g_921,38,0
g_922,2,0
g_923,38,0
g_924,2,0
g_925,38,0
g_926,38,0
g_927,38,0
g_928,2,0
g_929,2,0
g_93,29,0
g_930,38,0
g_931,29,0
g_932,29,0
g_933,29,0
g_934,29,0
g_935,2,0
g_936,38,0
g_937,38,0
g_938,38,0
g_939,38,0
g_94,38,0
g_940,29,0
g_941,45,1
g_942,29,0
g_943,38,0
g_944,29,0
g_945,38,0
g_946,2,0
g_947,29,0
g_948,38,0
g_949,38,0
g_95,2,0
g_950,38,0
g_951,38,0
g_952,29,0
g_953,38,0
g_954,38,0
g_955,29,0
g_956,38,0
g_957,38,0
g_958,38,0
g_959,38,0
g_96,29,0
g_960,38,0
g_961,29,0
g_962,29,0
g_963,29,0
g_964,38,0
g_965,38,0
g_966,38,0
g_967,29,0
g_968,38,0
g_969,38,0
g_97,29,0
g_970,2,0
g_971,2,0
g_972,38,0
g_973,29,0
g_974,38,0
g_975,29,0
g_976,2,0
g_977,29,0
g_978,29,0
g_979,38,0
g_98,2,0
g_980,29,0
g_981,38,0
g_982,29,0
g_983,29,0
g_984,2,0
g_985,2,0
g_986,38,0
g_987,38,0
g_988,2,0
g_989,38,0
g_99,38,0
g_990,29,0
g_991,29,0
g_992,29,0
g_993,29,0
g_994,38,0
g_995,29,0
g_996,2,0
g_997,38,0
g_998,2,0
g_999,29,0
h_1,4,0
h_10,4,0
h_100,4,0
h_1000,4,0
h_1001,33,0
h_1002,26,0
h_1003,33,0
h_1004,0,0
h_1005,33,0
h_1006,33,0
h_1007,26,0
h_1008,33,0
h_1009,33,0
h_101,4,0
h_1010,33,0
h_1011,0,0
h_1012,26,0
h_1013,33,0
h_1014,33,0
h_1015,26,0
h_1016,33,0
h_1017,26,0
h_1018,33,0
h_1019,26,0
h_102,4,0
h_1020,26,0
h_1021,33,0
h_1022,0,0
h_1023,33,0
h_1024,33,0
h_1025,26,0
h_1026,33,0
h_1027,26,0
h_1028,33,0
h_1029,0,0
h_103,12,0
h_1030,26,0
h_1031,33,0
h_1032,26,0
h_1033,33,0
h_1034,33,0
h_1035,26,0
h_1036,26,0
h_1037,33,0
h_1038,26,0
h_1039,26,0
h_104,4,0
h_1040,26,0
h_1041,4,0
h_1042,33,0
h_1043,33,0
h_1044,26,0
h_1045,26,0
h_1046,33,0
h_1047,33,0
h_1048,26,0
h_1049,26,0
h_105,4,0
h_1050,33,0
h_1051,33,0
h_1052,33,0
h_1053,0,0
h_1054,33,0
h_1055,26,0
h_1056,33,0
h_1057,33,0
h_1058,0,0
h_1059,33,0
h_106,12,0
h_1060,33,0
h_1061,33,0
h_1062,33,0
h_1063,26,0
h_1064,26,0
h_1065,0,0
h_1066,33,0
h_1067,33,0
h_1068,26,0
h_1069,26,0
h_107,4,0
h_1070,33,0
h_1071,39,1
h_1072,33,0
h_1073,33,0
h_1074,33,0
h_1075,26,0
h_1076,26,0
h_1077,33,0
h_1078,26,0
h_1079,0,0
h_108,4,0
h_1080,26,0
h_1081,26,0
h_1082,26,0
h_1083,26,0
h_1084,33,0
h_1085,33,0
h_1086,33,0
h_1087,33,0
h_1088,26,0
h_1089,33,0
h_109,12,0
h_1091,26,0
h_1092,26,0
h_1093,33,0
h_1094,33,0
h_1095,33,0
h_1096,26,0
h_1097,26,0
h_1098,26,0
h_1099,33,0
h_11,12,0
h_110,4,0
h_1100,33,0
h_1101,33,0
h_1102,33,0
h_1103,0,0
h_1104,33,0
h_1105,33,0
h_1106,26,0
h_1107,33,0
h_1108,33,0
h_1109,26,0
h_111,4,0
h_1110,33,0
h_1111,33,0
h_1112,26,0
h_1113,33,0
h_1114,33,0
h_1115,33,0
h_1116,26,0
h_1118,33,0
h_1119,26,0
h_112,12,0
h_1120,26,0
h_1121,26,0
h_1122,26,0
h_1123,26,0
h_1124,26,0
h_1125,26,0
h_1126,26,0
h_1127,26,0
h_1128,33,0
h_1129,26,0
h_113,4,0
h_1130,0,0
h_1131,33,0
h_1132,33,0
h_1133,33,0
h_1134,33,0
h_1135,33,0
h_1136,33,0
h_1137,26,0
h_1138,26,0
h_1139,33,0
h_114,4,0
h_1140,26,0
h_1141,26,0
h_1142,26,0
h_1143,26,0
h_1144,26,0
h_1145,33,0
h_1146,33,0
h_1147,26,0
h_1148,26,0
h_1149,33,0
h_115,4,0
h_1150,33,0
h_1151,26,0
h_1152,33,0
h_1153,26,0
h_1154,33,0
h_1155,39,1
h_1156,33,0
h_1157,26,0
h_1158,26,0
h_1159,33,0
h_116,12,0
h_1160,33,0
h_1161,26,0
h_1162,26,0
h_1163,33,0
h_1164,33,0
h_1165,26,0
h_1166,26,0
h_1167,26,0
h_1168,26,0
h_1169,33,0
h_117,4,0
h_1170,0,0
h_1171,33,0
h_1172,26,0
h_1173,26,0
h_1174,33,0
h_1175,4,0
h_1176,33,0
h_1177,26,0
h_1178,26,0
h_1179,26,0
h_118,4,0
h_1180,33,0
h_1181,26,0
h_1182,26,0
h_1183,26,0
h_1184,26,0
h_1185,26,0
h_1186,4,0
h_1187,26,0
h_1188,33,0
h_1189,26,0
h_119,12,0
h_1190,33,0
h_1191,33,0
h_1192,26,0
h_1193,26,0
h_1194,33,0
h_1195,33,0
h_1196,26,0
h_1197,33,0
h_1198,33,0
h_1199,26,0
h_12,12,0
h_120,12,0
h_1200,33,0
h_1201,33,0
h_1202,26,0
h_1203,0,0
h_1204,26,0
h_1205,26,0
h_1207,33,0
h_1208,26,0
h_1209,33,0
h_121,12,0
h_1210,33,0
h_1211,33,0
h_1212,33,0
h_1213,33,0
h_1214,26,0
h_1215,33,0
h_1216,33,0
h_1217,26,0
h_1218,26,0
h_1219,33,0
h_122,12,0
h_1220,33,0
h_1221,26,0
h_1222,26,0
h_1223,33,0
h_1224,33,0
h_1225,0,0
h_1226,33,0
h_1227,0,0
h_1228,33,0
h_1229,26,0
h_123,12,0
h_1230,33,0
h_1231,26,0
h_1232,26,0
h_1233,33,0
h_1234,33,0
h_1235,26,0
h_1236,33,0
h_1237,33,0
h_1238,26,0
h_1239,26,0
h_124,12,0
h_1240,33,0
h_1241,26,0
h_1242,26,0
h_1243,33,0
h_1244,26,0
h_1245,26,0
h_1246,33,0
h_1247,26,0
h_1248,33,0
h_1249,26,0
h_125,12,0
h_1250,26,0
h_1251,26,0
h_1252,26,0
h_1253,33,0
h_1254,0,0
h_1255,33,0
h_1256,33,0
h_1257,26,0
h_1258,26,0
h_1259,26,0
h_126,12,0
h_1260,33,0
h_1261,26,0
h_1262,33,0
h_1263,0,0
h_1264,26,0
h_1265,26,0
h_1266,26,0
h_1267,0,0
h_1268,26,0
h_1269,33,0
h_127,12,0
h_1270,26,0
h_1271,33,0
h_1272,33,0
h_1273,33,0
h_1274,33,0
h_1275,26,0
h_1276,33,0
h_1277,33,0
h_1278,33,0
h_1279,26,0
h_128,4,0
h_1280,39,1
h_1281,33,0
h_1282,33,0
h_1283,26,0
h_1284,0,0
h_1285,26,0
h_1286,33,0
h_1287,26,0
h_1288,26,0
h_1289,26,0
h_129,12,0
h_1290,0,0
h_1291,33,0
h_1292,33,0
h_1293,33,0
h_1294,33,0
h_1295,26,0
h_1296,26,0
h_1297,33,0
h_1298,26,0
h_1299,33,0
h_13,4,0
h_130,12,0
h_1300,26,0
h_1301,0,0
h_1302,33,0
h_1303,0,0
h_1304,10,1
h_1305,33,0
h_1306,26,0
h_1307,26,0
h_1308,33,0
h_1309,33,0
h_131,4,0
h_1310,33,0
h_1311,33,0
h_1312,33,0
h_1313,0,0
h_1314,26,0
h_1315,26,0
h_1316,33,0
h_1317,26,0
h_1318,26,0
h_1319,26,0
h_132,4,0
h_1320,33,0
h_1321,26,0
h_1322,26,0
h_1323,33,0
h_1324,33,0
h_1325,26,0
h_1326,26,0
h_1327,33,0
h_1328,26,0
h_1329,26,0
h_133,4,0
h_1330,33,0
h_1331,33,0
h_1332,26,0
h_1333,33,0
h_1334,0,0
h_1335,26,0
h_1336,33,0
h_1337,33,0
h_1338,26,0
h_1339,26,0
h_134,4,0
h_1340,26,0
h_1341,33,0
h_1342,33,0
h_1343,33,0
h_1344,33,0
h_1345,26,0
h_1346,0,0
h_1347,26,0
h_1348,26,0
h_1349,26,0
h_135,4,0
h_1350,26,0
h_1351,33,0
h_1352,33,0
h_1353,26,0
h_1354,26,0
h_1355,26,0
h_1356,26,0
h_1357,0,0
h_1358,33,0
h_1359,33,0
h_136,4,0
h_1360,0,0
h_1361,26,0
h_1362,33,0
h_1363,33,0
h_1364,26,0
h_1365,26,0
h_1366,33,0
h_1367,33,0
h_1368,33,0
h_1369,33,0
h_137,12,0
h_1370,33,0
h_1371,33,0
h_1372,33,0
h_1373,0,0
h_1374,33,0
h_1376,33,0
h_1377,26,0
h_1378,26,0
h_1379,33,0
h_138,12,0
h_1380,33,0
h_1381,26,0
h_1382,26,0
h_1383,33,0
h_1384,33,0
h_1385,33,0
h_1386,26,0
h_1387,33,0
h_1388,26,0
h_1389,33,0
h_139,4,0
h_1391,26,0
h_1392,33,0
h_1393,26,0
h_1394,39,1
h_1395,0,0
h_1396,26,0
h_1397,26,0
h_1398,26,0
h_1399,33,0
h_14,4,0
h_140,12,0
h_1400,26,0
h_1401,0,0
h_1402,26,0
h_1403,4,0
h_1404,26,0
h_1405,33,0
h_1406,26,0
h_1407,26,0
h_1408,26,0
h_1409,26,0
h_141,12,0
h_1410,4,0
h_1411,26,0
h_1412,39,1
h_1413,33,0
h_1414,26,0
h_1415,26,0
h_1416,0,0
h_1417,33,0
h_1418,26,0
h_1419,26,0
h_142,12,0
h_1420,26,0
h_1421,33,0
h_1422,26,0
h_1423,33,0
h_1424,0,0
h_1425,26,0
h_1426,33,0
h_1427,33,0
h_1428,33,0
h_1429,4,0
h_143,12,0
h_1430,33,0
h_1431,26,0
h_1432,26,0
h_1433,33,0
h_1434,33,0
h_1435,33,0
h_1436,0,0
h_1437,33,0
h_1438,33,0
h_1439,4,0
h_144,12,0
h_1440,0,0
h_1441,26,0
h_1442,33,0
h_1443,26,0
h_1444,26,0
h_1445,26,0
h_1446,26,0
h_1447,26,0
h_1448,26,0
h_1449,33,0
h_145,4,0
h_1450,33,0
h_1451,33,0
h_1452,33,0
h_1453,33,0
h_1454,26,0
h_1455,33,0
h_1456,26,0
h_1457,26,0
h_1458,26,0
h_1459,26,0
h_146,4,0
h_1460,4,0
h_1461,0,0
h_1462,33,0
h_1463,33,0
h_1464,33,0
h_1465,33,0
h_1466,26,0
h_1467,26,0
h_1468,33,0
h_1469,33,0
h_147,12,0
h_1470,33,0
h_1471,33,0
h_1472,33,0
h_1473,33,0
h_1474,26,0
h_1475,26,0
h_1476,33,0
h_1477,33,0
h_1478,33,0
h_1479,26,0
h_148,12,0
h_1480,33,0
h_1481,0,0
h_1482,26,0
h_1483,26,0
h_1484,33,0
h_1485,26,0
h_1486,33,0
h_1487,26,0
h_1488,33,0
h_1489,26,0
h_149,4,0
h_1490,33,0
h_1491,33,0
h_1492,26,0
h_1493,33,0
h_1494,33,0
h_1495,26,0
h_1496,33,0
h_1497,26,0
h_1498,33,0
h_1499,33,0
h_15,12,0
h_150,18,0
h_1500,33,0
h_1501,33,0
h_1502,26,0
h_1503,33,0
h_1504,33,0
h_1505,33,0
h_1506,0,0
h_1507,33,0
h_1508,26,0
h_1509,33,0
h_151,12,0
h_1510,26,0
h_1511,0,0
h_1512,33,0
h_1513,33,0
h_1514,33,0
h_1515,33,0
h_1516,26,0
h_1517,26,0
h_1518,26,0
h_1519,33,0
h_152,4,0
h_1520,4,0
h_1521,33,0
h_1522,26,0
h_1523,26,0
h_1524,33,0
h_1525,33,0
h_1526,33,0
h_1527,26,0
h_1528,0,0
h_1529,26,0
h_153,12,0
h_1530,26,0
h_1531,0,0
h_1532,33,0
h_1533,26,0
h_1534,33,0
h_1535,33,0
h_1536,33,0
h_1537,26,0
h_1538,26,0
h_1539,33,0
h_154,4,0
h_1540,26,0
h_1541,33,0
h_1542,33,0
h_1543,33,0
h_1544,26,0
h_1545,33,0
h_1546,33,0
h_1547,33,0
h_1548,0,0
h_155,12,0
h_1550,33,0
h_1551,26,0
h_1552,33,0
h_1553,33,0
h_1554,33,0
h_1556,33,0
h_1557,39,1
h_1558,33,0
h_1559,0,0
h_156,4,0
h_1560,26,0
h_1561,26,0
h_1562,33,0
h_1563,33,0
h_1564,33,0
h_1565,33,0
h_1566,0,0
h_1567,26,0
h_1568,26,0
h_1569,33,0
h_157,12,0
h_1570,33,0
h_1571,26,0
h_1572,0,0
h_1573,33,0
h_1574,33,0
h_1575,33,0
h_1576,26,0
h_1577,26,0
h_1578,33,0
h_1579,33,0
h_158,12,0
h_1580,26,0
h_1581,33,0
h_1582,33,0
h_1583,33,0
h_1584,26,0
h_1586,33,0
h_1587,26,0
h_1588,33,0
h_1589,26,0
h_159,4,0
h_1590,33,0
h_1591,33,0
h_1592,33,0
h_1593,26,0
h_1594,33,0
h_1595,26,0
h_1596,33,0
h_1597,33,0
h_1598,26,0
h_1599,33,0
h_16,4,0
h_160,4,0
h_1600,33,0
h_1601,26,0
h_1602,33,0
h_1603,33,0
h_1604,26,0
h_1605,33,0
h_1606,33,0
h_1607,26,0
h_1608,26,0
h_1609,33,0
h_161,12,0
h_1610,33,0
h_1611,26,0
h_1612,26,0
h_1613,26,0
h_1614,33,0
h_1615,33,0
h_1616,33,0
h_1617,33,0
h_1618,33,0
h_1619,33,0
h_162,12,0
h_1620,26,0
h_1621,4,0
h_1622,33,0
h_1623,26,0
h_1624,26,0
h_1625,26,0
h_1626,33,0
h_1627,26,0
h_1628,26,0
h_1629,0,0
h_163,4,0
h_1630,33,0
h_1631,33,0
h_1632,26,0
h_1633,0,0
h_1634,33,0
h_1635,33,0
h_1636,26,0
h_1637,26,0
h_1638,26,0
h_1639,33,0
h_164,4,0
h_1640,33,0
h_1641,33,0
h_1642,33,0
h_1643,33,0
h_1644,26,0
h_1645,26,0
h_1646,0,0
h_1647,33,0
h_1648,33,0
h_1649,33,0
h_165,12,0
h_1650,0,0
h_1651,33,0
h_1652,26,0
h_1653,26,0
h_1654,4,0
h_1655,26,0
h_1656,26,0
h_1657,26,0
h_1658,33,0
h_1659,26,0
h_166,36,0
h_1660,33,0
h_1661,33,0
h_1662,33,0
h_1663,0,0
h_1664,33,0
h_1665,33,0
h_1666,26,0
h_1667,26,0
h_1668,26,0
h_1669,26,0
h_167,12,0
h_1670,33,0
h_1671,26,0
h_1672,33,0
h_1673,33,0
h_1674,26,0
h_1675,33,0
h_1676,33,0
h_1677,33,0
h_1678,26,0
h_1679,26,0
h_168,12,0
h_1680,33,0
h_1681,26,0
h_1682,26,0
h_1683,33,0
h_1684,26,0
h_1685,33,0
h_1686,33,0
h_1687,26,0
h_1688,33,0
h_1689,33,0
h_169,4,0
h_1690,26,0
h_1691,26,0
h_1692,33,0
h_1693,33,0
h_1694,0,0
h_1695,26,0
h_1696,33,0
h_1697,39,1
h_1698,33,0
h_1699,26,0
h_17,12,0
h_170,12,0
h_1700,26,0
h_1701,0,0
h_1702,26,0
h_1703,33,0
h_1704,26,0
h_1705,0,0
h_1706,0,0
h_1707,33,0
h_1708,26,0
h_1709,26,0
h_171,4,0
h_1710,33,0
h_1711,0,0
h_1712,0,0
h_1713,33,0
h_1714,33,0
h_1715,33,0
h_1716,33,0
h_1717,26,0
h_1718,39,1
h_1719,26,0
h_172,12,0
h_1720,26,0
h_1721,4,0
h_1722,0,0
h_1723,26,0
h_1724,26,0
h_1725,26,0
h_1726,33,0
h_1727,0,0
h_1728,33,0
h_1729,33,0
h_173,12,0
h_1730,0,0
h_1731,26,0
h_1732,33,0
h_1733,26,0
h_1734,26,0
h_1735,26,0
h_1736,33,0
h_1737,33,0
h_1738,33,0
h_1739,33,0
h_174,4,0
h_1740,26,0
h_1741,33,0
h_1742,26,0
h_1743,26,0
h_1744,33,0
h_1745,33,0
h_1746,33,0
h_1747,33,0
h_1748,0,0
h_1749,26,0
h_175,4,0
h_1750,26,0
h_1751,26,0
h_1752,33,0
h_1753,26,0
h_1754,26,0
h_1755,26,0
h_1756,33,0
h_1757,33,0
h_1758,33,0
h_1759,26,0
h_176,4,0
h_1760,26,0
h_1761,26,0
h_1762,33,0
h_1763,26,0
h_1764,26,0
h_1765,33,0
h_1766,26,0
h_1767,33,0
h_1768,33,0
h_1769,33,0
h_177,12,0
h_1770,33,0
h_1771,33,0
h_1772,33,0
h_1773,26,0
h_1774,26,0
h_1775,26,0
h_1776,33,0
h_1777,33,0
h_1778,39,1
h_1779,33,0
h_178,12,0
h_1780,33,0
h_1781,26,0
h_1782,26,0
h_1783,26,0
h_1784,26,0
h_1785,33,0
h_1786,33,0
h_1787,33,0
h_1788,26,0
h_1789,33,0
h_179,12,0
h_1790,33,0
h_1791,26,0
h_1792,26,0
h_1793,33,0
h_1794,33,0
h_1795,33,0
h_1796,26,0
h_1797,26,0
h_1798,33,0
h_1799,33,0
h_18,4,0
h_180,4,0
h_1800,33,0
h_1801,33,0
h_1802,26,0
h_1803,26,0
h_1804,33,0
h_1805,0,0
h_1806,33,0
h_1807,26,0
h_1808,26,0
h_1809,33,0
h_181,12,0
h_1810,33,0
h_1811,33,0
h_1812,33,0
h_1813,26,0
h_1814,26,0
h_1815,39,1
h_1816,26,0
h_1817,26,0
h_1818,26,0
h_1819,26,0
h_182,12,0
h_1820,33,0
h_1821,21,0
h_1822,4,0
h_1823,26,0
h_1824,33,0
h_1825,26,0
h_1826,33,0
h_1827,26,0
h_1828,26,0
h_1829,33,0
h_183,12,0
h_1830,33,0
h_1831,26,0
h_1832,26,0
h_1833,26,0
h_1834,26,0
h_1835,26,0
h_1836,26,0
h_1837,26,0
h_1838,26,0
h_1839,26,0
h_184,12,0
h_1840,4,0
h_1841,26,0
h_1842,26,0
h_1843,0,0
h_1844,33,0
h_1845,26,0
h_1846,0,0
h_1847,33,0
h_1848,33,0
h_1849,33,0
h_185,12,0
h_1850,33,0
h_1851,26,0
h_1852,0,0
h_1853,26,0
h_1854,26,0
h_1855,26,0
h_1856,26,0
h_1857,26,0
h_1858,26,0
h_1859,33,0
h_186,18,0
h_1860,33,0
h_1861,33,0
h_1862,33,0
h_1863,33,0
h_1864,26,0
h_1865,33,0
h_1866,33,0
h_1867,33,0
h_1868,0,0
h_1869,33,0
h_187,12,0
h_1870,33,0
h_1871,26,0
h_1872,33,0
h_1873,33,0
h_1874,33,0
h_1875,26,0
h_1876,33,0
h_1877,33,0
h_1878,33,0
h_1879,26,0
h_188,4,0
h_1880,4,0
h_1881,0,0
h_1882,26,0
h_1883,26,0
h_1884,33,0
h_1885,26,0
h_1886,39,1
h_1887,33,0
h_1888,0,0
h_1889,33,0
h_189,12,0
h_1890,26,0
h_1891,26,0
h_1892,33,0
h_1893,26,0
h_1894,0,0
h_1895,33,0
h_1896,26,0
h_1897,33,0
h_1898,33,0
h_1899,0,0
h_19,12,0
h_190,4,0
h_1900,33,0
h_1901,33,0
h_1902,33,0
h_1903,26,0
h_1904,4,0
h_1905,33,0
h_1906,33,0
h_1907,33,0
h_1908,33,0
h_1909,26,0
h_191,4,0
h_1910,33,0
h_1911,33,0
h_1912,26,0
h_1913,33,0
h_1914,33,0
h_1915,33,0
h_1916,0,0
h_1917,33,0
h_1918,33,0
h_1919,26,0
h_192,12,0
h_1920,39,1
h_1921,0,0
h_1922,33,0
h_1923,33,0
h_1924,33,0
h_1925,33,0
h_1926,26,0
h_1927,33,0
h_1928,26,0
h_1929,33,0
h_193,12,0
h_1930,26,0
h_1931,26,0
h_1932,26,0
h_1933,26,0
h_1934,33,0
h_1935,33,0
h_1936,33,0
h_1937,33,0
h_1938,33,0
h_1939,33,0
h_194,4,0
h_1940,26,0
h_1941,33,0
h_1942,33,0
h_1943,4,0
h_1944,26,0
h_1945,33,0
h_1946,26,0
h_1947,26,0
h_1948,33,0
h_1949,33,0
h_195,4,0
h_1950,26,0
h_1951,0,0
h_1952,33,0
h_1953,33,0
h_1954,33,0
h_1955,26,0
h_1956,33,0
h_1957,33,0
h_1958,33,0
h_1959,33,0
h_196,12,0
h_1960,26,0
h_1961,0,0
h_1962,33,0
h_1963,26,0
h_1964,33,0
h_1965,33,0
h_1966,26,0
h_1967,33,0
h_1968,33,0
h_1969,26,0
h_197,4,0
h_1970,26,0
h_1971,33,0
h_1972,0,0
h_1973,26,0
h_1974,33,0
h_1975,33,0
h_1976,33,0
h_1977,33,0
h_1978,33,0
h_1979,33,0
h_198,4,0
h_1980,26,0
h_1981,26,0
h_1982,26,0
h_1983,26,0
h_1984,33,0
h_1985,26,0
h_1986,26,0
h_1987,33,0
h_1988,26,0
h_1989,33,0
h_199,12,0
h_1990,33,0
h_1991,26,0
h_1992,0,0
h_1993,26,0
h_1994,26,0
h_1995,26,0
h_1996,33,0
h_1997,33,0
h_1998,26,0
h_1999,0,0
h_2,12,0
h_20,12,0
h_200,4,0
h_2000,33,0
h_201,4,0
h_202,12,0
h_203,12,0
h_204,12,0
h_205,12,0
h_206,12,0
h_207,4,0
h_208,12,0
h_209,4,0
h_21,4,0
h_210,4,0
h_211,4,0
h_212,4,0
h_213,4,0
h_214,12,0
h_215,4,0
h_216,4,0
h_217,12,0
h_218,12,0
h_219,4,0
h_22,12,0
h_220,4,0
h_221,12,0
h_222,12,0
h_223,4,0
h_224,4,0
h_225,12,0
h_226,4,0
h_227,12,0
h_228,4,0
h_229,12,0
h_23,4,0
h_230,4,0
h_231,12,0
h_232,12,0
h_233,4,0
h_234,4,0
h_235,12,0
h_236,4,0
h_237,4,0
h_238,12,0
h_239,12,0
h_24,4,0
h_240,4,0
h_241,12,0
h_242,12,0
h_243,4,0
h_244,12,0
h_245,12,0
h_246,4,0
h_247,12,0
h_248,4,0
h_249,12,0
h_25,12,0
h_250,12,0
h_251,36,0
h_252,12,0
h_253,4,0
h_254,12,0
h_255,4,0
h_256,4,0
h_257,12,0
h_258,12,0
h_259,12,0
h_26,4,0
h_260,4,0
h_261,12,0
h_262,4,0
h_263,12,0
h_264,12,0
h_265,12,0
h_266,18,0
h_267,12,0
h_268,12,0
h_269,4,0
h_27,12,0
h_270,12,0
h_271,4,0
h_272,4,0
h_273,4,0
h_274,4,0
h_275,12,0
h_276,4,0
h_277,4,0
h_278,4,0
h_279,12,0
h_28,4,0
h_280,4,0
h_281,4,0
h_282,4,0
h_283,12,0
h_284,12,0
h_285,12,0
h_286,4,0
h_287,12,0
h_288,12,0
h_289,12,0
h_29,12,0
h_290,12,0
h_291,4,0
h_292,4,0
h_293,4,0
h_294,4,0
h_295,12,0
h_296,12,0
h_297,4,0
h_298,12,0
h_299,4,0
h_3,4,0
h_30,12,0
h_300,12,0
h_301,12,0
h_302,4,0
h_303,12,0
h_304,12,0
h_305,4,0
h_306,12,0
h_307,12,0
h_308,4,0
h_309,4,0
h_31,4,0
h_310,4,0
h_311,4,0
h_312,4,0
h_313,12,0
h_314,12,0
h_315,12,0
h_316,4,0
h_317,12,0
h_318,12,0
h_319,12,0
h_32,12,0
h_320,4,0
h_321,12,0
h_322,12,0
h_323,4,0
h_324,4,0
h_325,12,0
h_326,12,0
h_327,4,0
h_328,12,0
h_329,12,0
h_33,4,0
h_330,4,0
h_331,4,0
h_332,12,0
h_333,4,0
h_334,12,0
h_335,12,0
h_336,4,0
h_337,4,0
h_338,12,0
h_339,36,0
h_34,4,0
h_340,12,0
h_341,4,0
h_342,4,0
h_343,4,0
h_344,4,0
h_345,12,0
h_346,12,0
h_347,12,0
h_348,12,0
h_349,12,0
h_35,12,0
h_350,12,0
h_351,4,0
h_352,4,0
h_353,12,0
h_354,12,0
h_355,12,0
h_356,12,0
h_357,12,0
h_358,4,0
h_359,4,0
h_36,12,0
h_360,12,0
h_361,12,0
h_362,4,0
h_363,4,0
h_364,12,0
h_365,12,0
h_366,4,0
h_367,4,0
h_368,4,0
h_369,4,0
h_37,4,0
h_370,4,0
h_371,4,0
h_372,4,0
h_373,12,0
h_374,4,0
h_375,4,0
h_376,4,0
h_377,12,0
h_378,12,0
h_379,4,0
h_38,12,0
h_380,4,0
h_381,12,0
h_382,12,0
h_383,4,0
h_384,4,0
h_385,4,0
h_386,12,0
h_387,4,0
h_388,12,0
h_389,4,0
h_39,12,0
h_390,12,0
h_391,12,0
h_392,4,0
h_393,12,0
h_394,12,0
h_395,12,0
h_396,12,0
h_397,12,0
h_398,12,0
h_399,4,0
h_4,12,0
h_40,12,0
h_400,36,0
h_401,12,0
h_402,12,0
h_403,4,0
h_404,12,0
h_405,4,0
h_406,12,0
h_407,12,0
h_408,12,0
h_409,12,0
h_41,39,1
h_410,4,0
h_411,12,0
h_412,4,0
h_413,4,0
h_414,12,0
h_415,12,0
h_416,12,0
h_417,4,0
h_418,12,0
h_419,12,0
h_42,4,0
h_420,12,0
h_421,4,0
h_422,12,0
h_423,4,0
h_424,12,0
h_425,12,0
h_426,4,0
h_427,4,0
h_428,4,0
h_429,4,0
h_43,4,0
h_430,4,0
h_431,12,0
h_432,12,0
h_433,4,0
h_434,4,0
h_435,4,0
h_436,12,0
h_437,4,0
h_438,4,0
h_439,4,0
h_44,12,0
h_440,12,0
h_441,12,0
h_442,4,0
h_443,12,0
h_444,12,0
h_445,12,0
h_446,12,0
h_447,12,0
h_448,12,0
h_449,4,0
h_45,12,0
h_450,4,0
h_451,4,0
h_452,4,0
h_453,4,0
h_454,12,0
h_455,4,0
h_456,12,0
h_457,12,0
h_458,12,0
h_459,12,0
h_46,4,0
h_460,4,0
h_461,12,0
h_462,4,0
h_463,4,0
h_464,4,0
h_465,4,0
h_466,12,0
h_467,12,0
h_468,4,0
h_469,4,0
h_47,4,0
h_470,4,0
h_471,4,0
h_472,18,0
h_473,4,0
h_474,12,0
h_475,12,0
h_476,4,0
h_477,4,0
h_478,4,0
h_479,12,0
h_48,12,0
h_480,4,0
h_481,12,0
h_482,12,0
h_483,12,0
h_484,4,0
h_485,12,0
h_486,4,0
h_487,12,0
h_488,4,0
h_489,12,0
h_49,12,0
h_490,4,0
h_491,4,0
h_492,12,0
h_493,4,0
h_494,4,0
h_495,12,0
h_496,4,0
h_497,12,0
h_498,4,0
h_499,4,0
h_5,4,0
h_50,4,0
h_500,4,0
h_501,4,0
h_502,12,0
h_503,4,0
h_504,4,0
h_505,4,0
h_506,12,0
h_507,4,0
h_508,12,0
h_509,4,0
h_51,4,0
h_510,12,0
h_511,12,0
h_512,4,0
h_513,4,0
h_514,4,0
h_515,4,0
h_516,12,0
h_517,12,0
h_518,12,0
h_519,4,0
h_52,4,0
h_520,4,0
h_521,4,0
h_522,12,0
h_523,12,0
h_524,4,0
h_525,4,0
h_526,4,0
h_527,12,0
h_528,12,0
h_529,12,0
h_53,12,0
h_530,12,0
h_531,12,0
h_532,4,0
h_533,12,0
h_534,4,0
h_535,4,0
h_536,4,0
h_537,12,0
h_538,12,0
h_539,4,0
h_54,4,0
h_540,12,0
h_541,4,0
h_542,18,0
h_543,4,0
h_544,12,0
h_545,4,0
h_546,4,0
h_547,4,0
h_548,12,0
h_549,12,0
h_55,12,0
h_550,4,0
h_551,12,0
h_552,4,0
h_553,4,0
h_554,4,0
h_555,4,0
h_556,4,0
h_557,12,0
h_558,4,0
h_559,12,0
h_56,4,0
h_560,12,0
h_561,12,0
h_562,4,0
h_563,4,0
h_564,4,0
h_565,4,0
h_566,12,0
h_567,12,0
h_568,12,0
h_569,4,0
h_57,4,0
h_570,4,0
h_571,12,0
h_572,12,0
h_573,4,0
h_574,4,0
h_575,4,0
h_576,12,0
h_577,12,0
h_578,4,0
h_579,4,0
h_58,12,0
h_580,12,0
h_581,4,0
h_582,4,0
h_583,4,0
h_584,12,0
h_585,12,0
h_586,39,1
h_587,12,0
h_588,4,0
h_589,12,0
h_59,4,0
h_590,4,0
h_591,4,0
h_592,4,0
h_593,12,0
h_594,4,0
h_595,12,0
h_596,4,0
h_597,4,0
h_598,18,0
h_599,4,0
h_6,18,0
h_60,4,0
h_600,4,0
h_601,12,0
h_602,4,0
h_603,4,0
h_604,12,0
h_605,4,0
h_606,4,0
h_607,12,0
h_608,12,0
h_609,4,0
h_61,4,0
h_610,4,0
h_611,12,0
h_612,12,0
h_613,12,0
h_614,4,0
h_615,4,0
h_616,4,0
h_617,4,0
h_618,4,0
h_619,4,0
h_62,4,0
h_620,12,0
h_621,4,0
h_622,4,0
h_623,12,0
h_624,18,0
h_625,12,0
h_626,4,0
h_627,12,0
h_628,12,0
h_629,12,0
h_63,12,0
h_630,4,0
h_631,4,0
h_632,12,0
h_633,12,0
h_634,4,0
h_635,4,0
h_636,12,0
h_637,12,0
h_638,12,0
h_639,4,0
h_64,12,0
h_640,4,0
h_641,4,0
h_642,4,0
h_643,4,0
h_644,18,0
h_645,12,0
h_646,12,0
h_647,4,0
h_648,4,0
h_649,4,0
h_65,12,0
h_650,12,0
h_651,4,0
h_652,12,0
h_653,12,0
h_654,4,0
h_655,12,0
h_656,12,0
h_657,12,0
h_658,4,0
h_659,36,0
h_66,4,0
h_660,4,0
h_661,4,0
h_662,4,0
h_663,12,0
h_664,4,0
h_665,4,0
h_666,12,0
h_667,12,0
h_668,12,0
h_669,12,0
h_67,4,0
h_670,4,0
h_671,12,0
h_672,39,1
h_673,4,0
h_674,12,0
h_675,4,0
h_676,4,0
h_677,4,0
h_678,12,0
h_679,12,0
h_68,12,0
h_680,4,0
h_681,12,0
h_682,12,0
h_683,4,0
h_684,12,0
h_685,4,0
h_686,4,0
h_687,12,0
h_688,4,0
h_689,4,0
h_69,12,0
h_690,12,0
h_691,12,0
h_692,4,0
h_693,4,0
h_694,12,0
h_695,45,1
h_696,4,0
h_697,4,0
h_698,4,0
h_699,12,0
h_7,12,0
h_70,4,0
h_700,35,0
h_701,12,0
h_702,12,0
h_703,4,0
h_704,12,0
h_705,12,0
h_706,18,0
h_707,4,0
h_708,12,0
h_709,12,0
h_71,12,0
h_710,4,0
h_711,12,0
h_712,12,0
h_713,4,0
h_714,4,0
h_715,4,0
h_716,4,0
h_717,12,0
h_718,12,0
h_719,12,0
h_72,4,0
h_720,12,0
h_721,4,0
h_722,12,0
h_723,12,0
h_724,12,0
h_725,12,0
h_726,4,0
h_727,12,0
h_728,4,0
h_729,4,0
h_73,4,0
h_730,12,0
h_731,12,0
h_732,4,0
h_733,12,0
h_734,12,0
h_735,12,0
h_736,4,0
h_737,4,0
h_738,4,0
h_739,4,0
h_74,4,0
h_740,12,0
h_741,4,0
h_742,18,0
h_743,12,0
h_744,4,0
h_745,4,0
h_746,4,0
h_747,4,0
h_748,12,0
h_749,12,0
h_75,12,0
h_750,12,0
h_751,12,0
h_752,4,0
h_753,12,0
h_754,12,0
h_755,12,0
h_756,4,0
h_757,4,0
h_758,4,0
h_759,12,0
h_76,12,0
h_760,12,0
h_761,12,0
h_762,4,0
h_763,12,0
h_764,12,0
h_765,4,0
h_766,12,0
h_767,4,0
h_768,4,0
h_769,4,0
h_77,4,0
h_770,4,0
h_771,4,0
h_772,4,0
h_773,12,0
h_774,12,0
h_775,12,0
h_776,4,0
h_777,4,0
h_778,4,0
h_779,4,0
h_78,12,0
h_780,4,0
h_781,12,0
h_782,12,0
h_783,12,0
h_784,12,0
h_785,4,0
h_786,4,0
h_787,4,0
h_788,12,0
h_789,4,0
h_79,12,0
h_790,4,0
h_791,12,0
h_792,12,0
h_793,4,0
h_794,4,0
h_795,4,0
h_796,12,0
h_797,12,0
h_798,18,0
h_799,4,0
h_8,4,0
h_80,12,0
h_800,4,0
h_801,4,0
h_802,12,0
h_803,12,0
h_804,4,0
h_805,12,0
h_806,4,0
h_807,36,0
h_808,12,0
h_809,4,0
h_81,12,0
h_810,4,0
h_811,4,0
h_812,4,0
h_813,36,0
h_814,12,0
h_815,4,0
h_816,12,0
h_817,12,0
h_818,12,0
h_819,12,0
h_82,12,0
h_820,4,0
h_821,12,0
h_822,4,0
h_823,12,0
h_824,4,0
h_825,12,0
h_826,4,0
h_827,12,0
h_828,12,0
h_829,4,0
h_83,12,0
h_830,4,0
h_831,12,0
h_832,12,0
h_833,12,0
h_834,12,0
h_835,12,0
h_836,12,0
h_837,12,0
h_838,12,0
h_839,12,0
h_84,4,0
h_840,4,0
h_841,12,0
h_842,12,0
h_843,12,0
h_844,4,0
h_845,12,0
h_846,12,0
h_847,4,0
h_848,4,0
h_849,4,0
h_85,4,0
h_850,4,0
h_851,12,0
h_852,12,0
h_853,12,0
h_854,12,0
h_855,12,0
h_856,12,0
h_857,12,0
h_858,12,0
h_859,4,0
h_86,4,0
h_860,4,0
h_861,4,0
h_862,4,0
h_863,4,0
h_864,12,0
h_865,4,0
h_866,4,0
h_867,4,0
h_868,12,0
h_869,4,0
h_87,4,0
h_870,4,0
h_871,12,0
h_872,4,0
h_873,4,0
h_874,4,0
h_875,12,0
h_876,4,0
h_877,4,0
h_878,4,0
h_879,12,0
h_88,12,0
h_880,4,0
h_881,12,0
h_882,12,0
h_883,12,0
h_884,4,0
h_885,12,0
h_886,12,0
h_887,4,0
h_888,12,0
h_889,4,0
h_89,4,0
h_890,12,0
h_891,12,0
h_892,4,0
h_893,12,0
h_894,12,0
h_895,4,0
h_896,12,0
h_897,4,0
h_898,4,0
h_899,12,0
h_9,4,0
h_90,0,0
h_900,4,0
h_901,4,0
h_902,4,0
h_903,12,0
h_904,4,0
h_905,4,0
h_906,4,0
h_907,4,0
h_908,4,0
h_909,12,0
h_91,12,0
h_910,4,0
h_911,4,0
h_912,12,0
h_913,4,0
h_914,4,0
h_915,4,0
h_916,12,0
h_917,4,0
h_918,4,0
h_919,12,0
h_92,12,0
h_920,4,0
h_921,12,0
h_922,4,0
h_923,4,0
h_924,4,0
h_925,4,0
h_926,12,0
h_927,4,0
h_928,12,0
h_929,4,0
h_93,4,0
h_930,12,0
h_931,12,0
h_932,36,0
h_933,12,0
h_934,4,0
h_935,4,0
h_936,4,0
h_937,4,0
h_938,4,0
h_939,4,0
h_94,4,0
h_940,12,0
h_941,4,0
h_942,4,0
h_943,4,0
h_944,12,0
h_945,4,0
h_946,12,0
h_947,36,0
h_948,4,0
h_949,4,0
h_95,4,0
h_950,12,0
h_951,12,0
h_952,4,0
h_953,4,0
h_954,4,0
h_955,12,0
h_956,4,0
h_957,4,0
h_958,4,0
h_959,4,0
h_96,12,0
h_960,12,0
h_961,12,0
h_962,4,0
h_963,12,0
h_964,4,0
h_965,4,0
h_966,12,0
h_967,4,0
h_968,4,0
h_969,12,0
h_97,12,0
h_970,12,0
h_971,4,0
h_972,12,0
h_973,12,0
h_974,4,0
h_975,4,0
h_976,4,0
h_977,4,0
h_978,4,0
h_979,4,0
h_98,12,0
h_980,12,0
h_981,12,0
h_982,12,0
h_983,12,0
h_984,4,0
h_985,12,0
h_986,12,0
h_987,4,0
h_988,12,0
h_989,4,0
h_99,4,0
h_990,4,0
h_991,12,0
h_992,12,0
h_993,12,0
h_994,12,0
h_995,12,0
h_996,4,0
h_997,4,0
h_998,12,0
h_999,12,0
i_1,12,0
i_10,36,0
i_100,12,0
i_1000,23,0
i_101,36,0
i_102,12,0
i_103,4,0
i_104,12,0
i_105,4,0
i_106,12,0
i_107,12,0
i_108,12,0
i_109,12,0
i_11,12,0
i_110,12,0
i_111,4,0
i_112,4,0
i_113,4,0
i_114,12,0
i_115,4,0
i_116,12,0
i_117,4,0
i_118,4,0
i_119,12,0
i_12,4,0
i_120,4,0
i_121,4,0
i_122,4,0
i_123,36,0
i_124,4,0
i_125,12,0
i_126,12,0
i_127,12,0
i_128,12,0
i_129,4,0
i_13,4,0
i_130,12,0
i_131,4,0
i_132,4,0
i_133,4,0
i_134,12,0
i_135,12,0
i_136,18,0
i_137,4,0
i_138,12,0
i_139,12,0
i_14,12,0
i_140,12,0
i_141,12,0
i_142,12,0
i_143,4,0
i_144,4,0
i_145,4,0
i_146,4,0
i_147,4,0
i_148,4,0
i_149,12,0
i_15,12,0
i_150,12,0
i_151,12,0
i_152,12,0
i_153,4,0
i_154,12,0
i_155,4,0
i_156,12,0
i_157,4,0
i_158,18,0
i_159,12,0
i_16,4,0
i_160,12,0
i_161,12,0
i_162,4,0
i_163,12,0
i_164,12,0
i_165,4,0
i_166,12,0
i_167,12,0
i_168,4,0
i_169,4,0
i_17,12,0
i_170,4,0
i_171,12,0
i_172,12,0
i_173,4,0
i_174,35,0
i_175,12,0
i_176,12,0
i_177,4,0
i_178,12,0
i_179,4,0
i_18,4,0
i_180,4,0
i_181,4,0
i_182,12,0
i_183,4,0
i_184,4,0
i_185,12,0
i_186,4,0
i_187,12,0
i_188,4,0
i_189,4,0
i_19,4,0
i_190,12,0
i_191,12,0
i_192,12,0
i_193,4,0
i_194,12,0
i_195,4,0
i_197,4,0
i_198,4,0
i_199,4,0
i_2,12,0
i_20,12,0
i_200,4,0
i_201,4,0
i_202,4,0
i_203,4,0
i_204,4,0
i_205,36,0
i_206,4,0
i_207,12,0
i_208,4,0
i_209,4,0
i_21,12,0
i_210,4,0
i_211,12,0
i_212,4,0
i_213,12,0
i_214,4,0
i_215,4,0
i_216,12,0
i_217,4,0
i_218,12,0
i_219,4,0
i_22,4,0
i_220,12,0
i_221,12,0
i_222,4,0
i_223,4,0
i_224,12,0
i_225,4,0
i_226,12,0
i_227,12,0
i_228,4,0
i_229,4,0
i_23,4,0
i_230,12,0
i_231,4,0
i_232,18,0
i_233,12,0
i_234,4,0
i_235,12,0
i_236,4,0
i_237,4,0
i_238,4,0
i_239,4,0
i_24,12,0
i_240,12,0
i_241,12,0
i_242,12,0
i_243,12,0
i_244,12,0
i_245,12,0
i_246,4,0
i_247,4,0
i_248,4,0
i_249,4,0
i_25,12,0
i_250,4,0
i_251,12,0
i_252,12,0
i_253,12,0
i_254,4,0
i_255,12,0
i_256,12,0
i_257,4,0
i_258,12,0
i_259,12,0
i_26,4,0
i_260,12,0
i_261,12,0
i_262,12,0
i_263,4,0
i_264,12,0
i_265,4,0
i_266,12,0
i_267,12,0
i_268,4,0
i_269,12,0
i_27,12,0
i_270,4,0
i_271,4,0
i_272,4,0
i_273,36,0
i_274,4,0
i_275,4,0
i_276,4,0
i_277,4,0
i_278,12,0
i_279,4,0
i_28,12,0
i_280,4,0
i_281,4,0
i_282,4,0
i_283,4,0
i_284,12,0
i_285,12,0
i_286,12,0
i_287,12,0
i_288,18,0
i_289,12,0
i_29,4,0
i_290,4,0
i_291,4,0
i_292,12,0
i_293,4,0
i_294,12,0
i_295,12,0
i_296,4,0
i_297,4,0
i_298,4,0
i_299,4,0
i_3,12,0
i_30,12,0
i_300,12,0
i_301,12,0
i_302,4,0
i_303,12,0
i_304,4,0
i_305,4,0
i_306,4,0
i_307,12,0
i_308,4,0
i_309,4,0
i_31,12,0
i_310,4,0
i_311,4,0
i_312,4,0
i_313,4,0
i_314,4,0
i_315,12,0
i_316,12,0
i_317,12,0
i_318,4,0
i_319,4,0
i_32,12,0
i_320,12,0
i_321,12,0
i_322,4,0
i_323,4,0
i_324,4,0
i_325,4,0
i_326,12,0
i_327,12,0
i_328,4,0
i_329,4,0
i_33,12,0
i_330,12,0
i_331,4,0
i_332,4,0
i_333,36,0
i_334,18,0
i_335,12,0
i_336,4,0
i_337,12,0
i_338,12,0
i_339,12,0
i_34,12,0
i_340,4,0
i_341,4,0
i_342,12,0
i_343,12,0
i_344,36,0
i_345,12,0
i_346,4,0
i_347,4,0
i_348,12,0
i_349,12,0
i_35,4,0
i_350,12,0
i_351,12,0
i_352,12,0
i_353,4,0
i_354,4,0
i_355,4,0
i_356,12,0
i_357,12,0
i_358,12,0
i_359,12,0
i_36,12,0
i_360,36,0
i_361,12,0
i_362,12,0
i_363,12,0
i_364,12,0
i_365,12,0
i_366,4,0
i_367,4,0
i_368,45,1
i_369,4,0
i_37,4,0
i_370,4,0
i_371,12,0
i_372,4,0
i_373,12,0
i_374,12,0
i_375,4,0
i_376,12,0
i_377,4,0
i_378,4,0
i_379,4,0
i_38,12,0
i_380,12,0
i_381,4,0
i_382,36,0
i_383,4,0
i_384,4,0
i_385,12,0
i_386,12,0
i_387,12,0
i_388,4,0
i_389,4,0
i_39,4,0
i_390,4,0
i_391,4,0
i_392,12,0
i_393,4,0
i_394,36,0
i_395,4,0
i_396,4,0
i_397,12,0
i_398,12,0
i_399,12,0
i_4,4,0
i_40,4,0
i_400,4,0
i_401,36,0
i_402,12,0
i_403,4,0
i_404,12,0
i_405,4,0
i_406,4,0
i_407,4,0
i_408,12,0
i_409,4,0
i_41,12,0
i_410,12,0
i_411,4,0
i_412,12,0
i_413,4,0
i_414,4,0
i_415,4,0
i_416,12,0
i_417,12,0
i_418,12,0
i_419,4,0
i_42,4,0
i_420,12,0
i_421,12,0
i_422,12,0
i_423,12,0
i_424,4,0
i_425,36,0
i_426,4,0
i_427,12,0
i_428,18,1
i_429,4,0
i_43,12,0
i_430,4,0
i_431,12,0
i_432,12,0
i_433,4,0
i_434,36,0
i_435,12,0
i_436,12,0
i_437,12,0
i_438,4,0
i_439,4,0
i_44,12,0
i_440,12,0
i_441,4,0
i_442,4,0
i_443,12,0
i_444,12,0
i_445,12,0
i_446,12,0
i_447,4,0
i_448,4,0
i_449,12,0
i_45,4,0
i_450,12,0
i_451,12,0
i_452,4,0
i_453,12,0
i_454,4,0
i_455,4,0
i_456,4,0
i_457,4,0
i_458,4,0
i_459,12,0
i_46,12,0
i_460,12,0
i_461,36,0
i_462,4,0
i_463,4,0
i_464,12,0
i_465,12,0
i_466,12,0
i_467,12,0
i_468,4,0
i_469,12,0
i_47,4,0
i_470,4,0
i_471,4,0
i_472,12,0
i_473,4,0
i_474,4,0
i_475,12,0
i_476,4,0
i_477,4,0
i_478,18,0
i_479,4,0
i_48,12,0
i_480,12,0
i_481,12,0
i_482,12,0
i_483,4,0
i_484,12,0
i_485,12,0
i_486,12,0
i_487,12,0
i_488,4,0
i_489,4,0
i_49,12,0
i_490,12,0
i_491,4,0
i_492,4,0
i_493,12,0
i_494,12,0
i_495,4,0
i_496,4,0
i_497,12,0
i_498,4,0
i_499,12,0
i_5,4,0
i_50,12,0
i_500,4,0
i_501,26,0
i_502,23,0
i_503,23,0
i_504,23,0
i_505,23,0
i_506,23,0
i_507,23,0
i_508,23,0
i_509,23,0
i_51,4,0
i_510,23,0
i_511,23,0
i_512,23,0
i_513,23,0
i_514,23,0
i_515,23,0
i_516,23,0
i_517,23,0
i_518,23,0
i_519,23,0
i_52,4,0
i_520,23,0
i_521,23,0
i_523,23,0
i_524,23,0
i_525,23,0
i_526,23,0
i_527,23,0
i_528,23,0
i_529,23,0
i_53,4,0
i_530,23,0
i_531,23,0
i_532,23,0
i_533,23,0
i_534,23,0
i_535,23,0
i_536,23,0
i_537,23,0
i_538,23,0
i_539,23,0
i_54,12,0
i_540,23,0
i_541,23,0
i_542,23,0
i_543,26,0
i_544,23,0
i_545,33,0
i_546,23,0
i_547,23,0
i_548,23,0
i_549,23,0
i_55,4,0
i_550,23,0
i_551,23,0
i_552,33,0
i_553,23,0
i_554,23,0
i_555,4,0
i_556,23,0
i_557,23,0
i_558,23,0
i_559,23,0
i_56,4,0
i_560,23,0
i_561,23,0
i_562,23,0
i_563,23,0
i_564,23,0
i_565,23,0
i_566,23,0
i_567,23,0
i_568,26,0
i_569,23,0
i_57,4,0
i_570,23,0
i_571,23,0
i_572,26,0
i_573,23,0
i_574,23,0
i_575,23,0
i_576,23,0
i_577,33,0
i_578,23,0
i_579,23,0
i_58,12,0
i_580,23,0
i_581,23,0
i_582,23,0
i_583,23,0
i_584,23,0
i_585,23,0
i_586,23,0
i_587,23,0
i_588,23,0
i_589,23,0
i_59,4,0
i_590,23,0
i_591,23,0
i_592,23,0
i_593,26,0
i_594,23,0
i_595,23,0
i_596,26,0
i_598,33,0
i_599,23,0
i_6,4,0
i_60,4,0
i_600,23,0
i_601,23,0
i_602,23,0
i_603,23,0
i_604,23,0
i_605,23,0
i_606,23,0
i_607,23,0
i_608,23,0
i_609,26,0
i_61,4,0
i_610,23,0
i_611,23,0
i_612,23,0
i_613,23,0
i_614,26,0
i_615,23,0
i_616,26,0
i_617,23,0
i_618,23,0
i_619,23,0
i_62,4,0
i_620,23,0
i_621,23,0
i_622,23,0
i_623,23,0
i_624,23,0
i_625,23,0
i_626,23,0
i_627,23,0
i_628,23,0
i_629,23,0
i_63,4,0
i_630,23,0
i_631,23,0
i_632,23,0
i_633,23,0
i_634,23,0
i_635,23,0
i_636,23,0
i_637,23,0
i_638,23,0
i_639,23,0
i_64,4,0
i_640,23,0
i_641,23,0
i_642,23,0
i_643,23,0
i_644,23,0
i_645,23,0
i_646,23,0
i_647,33,0
i_648,23,0
i_649,23,0
i_65,12,0
i_650,23,0
i_651,23,0
i_652,23,0
i_653,23,0
i_654,23,0
i_655,23,0
i_656,23,0
i_657,23,0
i_658,23,0
i_659,23,0
i_66,12,0
i_660,23,0
i_661,26,0
i_662,23,0
i_663,26,0
i_664,23,0
i_665,23,0
i_666,23,0
i_667,23,0
i_668,23,0
i_669,23,0
i_67,4,0
i_670,23,0
i_671,23,0
i_672,23,0
i_673,23,0
i_674,23,0
i_675,26,0
i_676,23,0
i_677,33,0
i_678,23,0
i_679,23,0
i_68,12,0
i_680,23,0
i_681,23,0
i_682,23,0
i_683,23,0
i_684,23,0
i_685,23,0
i_686,23,0
i_687,23,0
i_688,33,0
i_689,23,0
i_69,12,0
i_690,23,0
i_691,23,0
i_692,23,0
i_693,23,0
i_694,23,0
i_695,23,0
i_697,23,0
i_698,23,0
i_699,23,0
i_7,12,0
i_70,12,0
i_700,23,0
i_701,23,0
i_702,23,0
i_703,33,0
i_704,23,0
i_705,23,0
i_706,23,0
i_707,23,0
i_708,23,0
i_709,23,0
i_71,12,0
i_710,23,0
i_711,23,0
i_712,23,0
i_713,23,0
i_714,23,0
i_715,23,0
i_716,26,0
i_717,23,0
i_718,23,0
i_719,33,0
i_72,12,0
i_720,23,0
i_721,23,0
i_722,23,0
i_723,23,0
i_724,23,0
i_725,23,0
i_726,23,0
i_727,23,0
i_728,23,0
i_729,23,0
i_73,36,0
i_730,26,0
i_731,23,0
i_732,23,0
i_733,23,0
i_734,23,0
i_735,23,0
i_736,23,0
i_737,23,0
i_738,23,0
i_739,23,0
i_74,4,0
i_740,23,0
i_741,23,0
i_742,23,0
i_743,23,0
i_744,23,0
i_745,23,0
i_746,23,0
i_747,33,0
i_748,23,0
i_749,23,0
i_75,4,0
i_750,23,0
i_751,23,0
i_752,23,0
i_753,23,0
i_754,23,0
i_755,23,0
i_756,23,0
i_757,23,0
i_758,23,0
i_759,23,0
i_76,12,0
i_760,23,0
i_761,23,0
i_762,23,0
i_763,23,0
i_764,23,0
i_765,23,0
i_766,23,0
i_767,23,0
i_768,23,0
i_769,23,0
i_77,4,0
i_770,23,0
i_771,23,0
i_772,23,0
i_773,23,0
i_774,23,0
i_775,23,0
i_776,23,0
i_777,23,0
i_778,23,0
i_779,23,0
i_78,12,0
i_780,23,0
i_781,23,0
i_782,23,0
i_784,23,0
i_785,23,0
i_786,23,0
i_787,23,0
i_788,23,0
i_789,23,0
i_79,12,0
i_790,23,0
i_791,23,0
i_792,23,0
i_793,23,0
i_794,23,0
i_795,26,0
i_796,23,0
i_797,23,0
i_798,23,0
i_799,23,0
i_8,4,0
i_80,12,0
i_800,23,0
i_801,23,0
i_802,23,0
i_803,23,0
i_804,23,0
i_805,23,0
i_806,23,0
i_807,23,0
i_808,23,0
i_809,23,0
i_81,12,0
i_810,23,0
i_811,23,0
i_812,23,0
i_813,23,0
i_814,23,0
i_815,23,0
i_816,23,0
i_817,23,0
i_818,23,0
i_819,23,0
i_82,12,0
i_820,23,0
i_821,23,0
i_822,23,0
i_823,23,0
i_824,23,0
i_825,23,0
i_826,23,0
i_827,23,0
i_828,23,0
i_829,33,0
i_83,4,0
i_830,23,0
i_831,23,0
i_832,23,0
i_833,23,0
i_834,23,0
i_835,23,0
i_836,23,0
i_837,23,0
i_838,23,0
i_839,23,0
i_84,12,0
i_840,23,0
i_841,23,0
i_842,23,0
i_843,26,0
i_844,23,0
i_845,23,0
i_846,23,0
i_847,23,0
i_848,26,0
i_849,23,0
i_85,12,0
i_850,23,0
i_851,23,0
i_852,23,0
i_853,23,0
i_854,23,0
i_855,23,0
i_856,23,0
i_857,23,0
i_858,23,0
i_859,23,0
i_86,4,0
i_860,23,0
i_861,26,0
i_862,23,0
i_863,23,0
i_864,23,0
i_865,23,0
i_866,23,0
i_867,23,0
i_869,23,0
i_87,12,0
i_870,33,0
i_871,23,0
i_872,23,0
i_873,23,0
i_874,23,0
i_875,23,0
i_876,23,0
i_877,23,0
i_878,23,0
i_879,23,0
i_88,12,0
i_880,23,0
i_881,23,0
i_882,23,0
i_883,23,0
i_884,23,0
i_885,23,0
i_886,23,0
i_887,23,0
i_888,23,0
i_889,23,0
i_89,4,0
i_890,23,0
i_891,23,0
i_892,23,0
i_893,33,0
i_894,23,0
i_895,23,0
i_896,23,0
i_897,23,0
i_898,23,0
i_899,23,0
i_9,4,0
i_90,4,0
i_900,33,0
i_901,23,0
i_902,23,0
i_903,33,0
i_904,23,0
i_905,23,0
i_906,23,0
i_907,23,0
i_908,23,0
i_909,4,0
i_91,4,0
i_910,23,0
i_911,23,0
i_912,23,0
i_913,33,0
i_914,23,0
i_915,23,0
i_916,26,0
i_917,23,0
i_918,23,0
i_919,23,0
i_92,4,0
i_920,23,0
i_921,23,0
i_922,23,0
i_923,23,0
i_924,33,0
i_925,23,0
i_926,23,0
i_927,23,0
i_928,23,0
i_929,23,0
i_93,12,0
i_930,33,0
i_931,23,0
i_932,23,0
i_933,23,0
i_934,23,0
i_935,23,0
i_936,26,0
i_937,23,0
i_938,23,0
i_939,33,0
i_94,4,0
i_940,26,0
i_941,23,0
i_942,23,0
i_943,23,0
i_944,23,0
i_945,23,0
i_946,23,0
i_947,23,0
i_948,23,0
i_949,23,0
i_95,4,0
i_950,23,0
i_951,26,0
i_952,23,0
i_953,26,0
i_954,33,0
i_955,23,0
i_956,23,0
i_957,23,0
i_958,23,0
i_959,23,0
i_96,12,0
i_960,23,0
i_961,23,0
i_962,33,0
i_963,23,0
i_964,23,0
i_965,23,0
i_966,23,0
i_967,23,0
i_968,23,0
i_969,23,0
i_97,12,0
i_970,23,0
i_971,33,0
i_972,23,0
i_973,23,0
i_974,23,0
i_975,23,0
i_976,33,0
i_977,33,0
i_978,23,0
i_979,23,0
i_98,4,0
i_980,23,0
i_981,26,0
i_982,23,0
i_983,23,0
i_984,23,0
i_985,23,0
i_986,23,0
i_987,26,0
i_988,23,0
i_989,23,0
i_99,12,0
i_990,23,0
i_991,23,0
i_992,23,0
i_993,26,0
i_994,23,0
i_995,23,0
i_996,23,0
i_997,23,0
i_998,23,0
i_999,23,0
x_1,6,0
x_10,14,0
x_100,14,0
x_101,8,0
x_102,8,0
x_103,8,0
x_104,8,0
x_105,8,0
x_106,6,0
x_107,6,0
x_108,6,0
x_109,6,0
x_11,8,0
x_110,6,0
x_111,14,0
x_112,14,0
x_113,14,0
x_114,14,0
x_115,14,0
x_116,8,0
x_117,8,0
x_118,8,0
x_119,8,0
x_12,8,0
x_120,8,0
x_121,6,0
x_122,6,0
x_123,6,0
x_124,6,0
x_125,6,0
x_126,14,0
x_127,14,0
x_128,14,0
x_129,14,0
x_13,8,0
x_130,14,0
x_131,8,0
x_132,8,0
x_133,8,0
x_134,8,0
x_135,8,0
x_136,6,0
x_137,6,0
x_138,6,0
x_139,6,0
x_14,8,0
x_140,6,0
x_141,14,0
x_142,14,0
x_143,14,0
x_144,14,0
x_145,14,0
x_146,8,0
x_147,8,0
x_148,8,0
x_149,8,0
x_15,8,0
x_150,8,0
x_151,6,0
x_152,6,0
x_153,6,0
x_154,6,0
x_155,6,0
x_156,14,0
x_157,14,0
x_158,14,0
x_159,14,0
x_16,6,0
x_160,14,0
x_161,8,0
x_162,8,0
x_163,8,0
x_164,8,0
x_165,8,0
x_166,6,0
x_167,6,0
x_168,6,0
x_169,6,0
x_17,6,0
x_170,6,0
x_171,14,0
x_172,14,0
x_173,14,0
x_174,14,0
x_175,14,0
x_176,8,0
x_177,8,0
x_178,8,0
x_179,8,0
x_18,6,0
x_180,8,0
x_181,5,0
x_182,5,0
x_183,5,0
x_184,5,0
x_185,5,0
x_186,5,0
x_187,5,0
x_188,5,0
x_189,5,0
x_19,6,0
x_190,5,0
x_191,5,0
x_192,5,0
x_193,13,0
x_194,13,0
x_195,13,0
x_196,13,0
x_197,13,0
x_198,13,0
x_199,13,0
x_2,6,0
x_20,6,0
x_200,13,0
x_201,13,0
x_202,13,0
x_203,13,0
x_204,13,0
x_205,17,0
x_206,17,0
x_207,17,0
x_208,17,0
x_209,17,0
x_21,14,0
x_210,17,0
x_211,17,0
x_212,17,0
x_213,17,0
x_214,17,0
x_215,17,0
x_216,17,0
x_217,48,0
x_218,48,0
x_219,48,0
x_22,14,0
x_220,48,0
x_221,48,0
x_222,48,0
x_223,48,0
x_224,48,0
x_225,48,0
x_226,48,0
x_227,48,0
x_228,48,0
x_229,48,0
x_23,14,0
x_230,48,0
x_231,48,0
x_232,48,0
x_233,48,0
x_234,48,0
x_235,48,0
x_236,48,0
x_237,48,0
x_238,48,0
x_239,48,0
x_24,14,0
x_240,48,0
x_241,24,0
x_242,24,0
x_243,24,0
x_244,24,1
x_245,24,1
x_246,24,0
x_247,24,0
x_248,24,0
x_249,24,0
x_25,14,0
x_250,24,0
x_251,24,0
x_252,24,0
x_253,24,0
x_254,24,0
x_255,24,0
x_256,24,0
x_257,24,0
x_258,24,0
x_259,24,0
x_26,8,0
x_260,24,0
x_261,24,0
x_262,24,0
x_263,24,0
x_264,24,0
x_265,15,0
x_266,15,0
x_267,15,0
x_268,15,0
x_269,15,0
x_27,8,0
x_270,15,0
x_271,43,1
x_272,15,0
x_273,15,0
x_274,15,0
x_275,15,0
x_276,15,0
x_277,28,0
x_278,28,0
x_279,28,0
x_28,8,0
x_280,9,0
x_281,9,0
x_282,9,0
x_283,9,0
x_284,41,0
x_285,41,0
x_286,41,0
x_287,41,0
x_288,41,0
x_289,41,0
x_29,8,0
x_290,41,0
x_291,22,1
x_292,41,0
x_293,41,0
x_294,41,0
x_295,41,0
x_296,16,0
x_297,16,0
x_298,16,0
x_299,16,0
x_3,6,0
x_30,8,0
x_300,16,0
x_301,16,0
x_302,20,0
x_303,20,0
x_304,20,0
x_305,20,0
x_306,41,0
x_307,41,0
x_308,41,0
x_309,19,1
x_31,6,0
x_310,41,0
x_311,41,0
x_312,19,1
x_313,41,0
x_314,19,1
x_315,41,0
x_316,41,0
x_317,41,0
x_32,6,0
x_33,6,0
x_34,6,0
x_35,6,0
x_36,14,0
x_37,14,0
x_38,14,0
x_39,14,0
x_4,6,0
x_40,14,0
x_41,8,0
x_42,8,0
x_43,8,0
x_44,8,0
x_45,8,0
x_46,6,0
x_47,6,0
x_48,6,0
x_49,6,0
x_5,6,0
x_50,6,0
x_51,14,0
x_52,14,0
x_53,14,0
x_54,14,0
x_55,14,0
x_56,8,0
x_57,8,0
x_58,8,0
x_59,8,0
x_6,14,0
x_60,8,0
x_61,6,0
x_62,6,0
x_63,6,0
x_64,6,0
x_65,6,0
x_66,14,0
x_67,14,0
x_68,14,0
x_69,14,0
x_7,14,0
x_70,14,0
x_71,8,0
x_72,8,0
x_73,8,0
x_74,8,0
x_75,8,0
x_76,6,0
x_77,6,0
x_78,6,0
x_79,6,0
x_8,14,0
x_80,6,0
x_81,14,0
x_82,14,0
x_83,14,0
x_84,14,0
x_85,14,0
x_86,8,0
x_87,8,0
x_88,8,0
x_89,8,0
x_9,14,0
x_90,8,0
x_91,6,0
x_92,6,0
x_93,6,0
x_94,6,0
x_95,6,0
x_96,14,0
x_97,14,0
x_98,14,0
x_99,14,0
